,Name,Rating,Reviews,Salaries,Interviews,Jobs,Benefits
0,TCS,3.4,1.1L,9.6L,11.7k,3k,10.6k
1,Accenture,3.7,70.4k,6.4L,9k,31.9k,6.7k
2,Wipro,3.6,62.5k,4.7L,6.5k,6.9k,4.6k
3,Cognizant,3.6,59.5k,5.9L,6.2k,848,5.5k
4,Capgemini,3.7,51.1k,4.7L,5.4k,2.1k,3.6k
5,HDFC Bank,3.8,49.9k,1.5L,2.8k,213,3.2k
6,Infosys,3.5,46.8k,5.2L,8.2k,3k,4.8k
7,ICICI Bank,4.0,44.9k,1.5L,2.8k,32,3.7k
8,HCLTech,3.4,44k,3.7L,4.4k,285,3.8k
9,Tech Mahindra,3.4,42k,2.8L,4.4k,434,3.4k
10,Genpact,3.6,40.4k,2.3L,3.7k,335,3.5k
11,Teleperformance,3.8,36.2k,95.1k,2.1k,1k,1.8k
12,Axis Bank,3.6,32k,1L,1.8k,242,2.1k
13,Jio,4.3,31.5k,62.5k,3.4k,3,2.5k
14,Concentrix Corporation,3.6,31.2k,1.3L,1.9k,81,3.1k
15,Amazon,3.9,30.4k,1.4L,5.7k,1.5k,4.1k
16,iEnergizer,4.6,27.3k,23.9k,967,72,430
17,Reliance Retail,3.9,26.8k,74.2k,1.9k,29,1.9k
18,IBM,3.9,25.2k,2.1L,2.6k,2.5k,2.6k
19,LTIMindtree,3.6,25k,1.9L,3.2k,497,775
20,HDB Financial Services,3.9,24.9k,49.9k,1k,178,1.5k
21,Larsen & Toubro Limited,3.9,23k,73.4k,1.7k,179,2.8k
22,Deloitte,3.7,22.1k,2.4L,3.2k,1.4k,2.4k
23,Kotak Mahindra Bank,3.6,21.6k,85.7k,1.3k,86,1.3k
24,Reliance Industries,4.0,19.6k,72.1k,1.5k,52,1.8k
25,Vodafone Idea,3.9,17.4k,50.4k,651,57,2k
26,Bharti Airtel,3.9,16.7k,48.6k,1k,119,1.6k
27,BYJU'S,3.2,16.6k,54.1k,2.1k,,1.7k
28,WNS,3.3,14.6k,69.5k,1.2k,92,1.3k
29,Tata Motors,4.1,13.8k,42.8k,1.2k,167,1.6k
30,AU Small Finance Bank,3.9,13.8k,28.7k,646,18,577
31,Ernst & Young,3.4,13.7k,1.4L,1.3k,3.4k,1.2k
32,IDFC FIRST Bank,3.9,13.7k,49k,874,56,695
33,IndusInd Bank,3.4,13.7k,51.7k,737,159,793
34,Flipkart,3.9,12.5k,53.1k,1.6k,193,1.4k
35,Bajaj Finserv,3.9,12.4k,30.2k,684,1,719
36,PwC,3.3,11.9k,1.2L,1.5k,1.2k,800
37,Muthoot FinCorp,4.5,11.8k,8.9k,1.7k,78,275
38,Mahindra & Mahindra,4.0,11.7k,39.3k,817,,1.2k
39,DXC Technology,3.6,11.7k,72.3k,878,267,1.1k
40,Infosys BPM,3.5,11.7k,71.8k,1.1k,77,1.1k
41,HDFC Life,3.9,11.6k,32.7k,753,95,613
42,Bandhan Bank,3.7,10.5k,25.2k,701,9,517
43,Conneqt Business Solutions,3.6,10k,26.2k,545,377,772
44,Mphasis,3.3,9.9k,72.8k,896,37,845
45,Yes Bank,3.7,9.8k,43.2k,524,209,608
46,Tata Steel,4.0,9.7k,33.5k,1k,,659
47,Quess,3.8,9.4k,30.3k,512,3,439
48,Startek,3.1,9.2k,24.1k,596,138,681
49,Asian Paints,3.9,9.2k,24.5k,797,42,884
50,UltraTech Cement,4.1,9.1k,23.1k,752,23,619
51,Paytm,3.2,9k,33.3k,862,626,582
52,Shriram Finance,4.0,8.9k,15k,421,5,28
53,Maruti Suzuki,4.2,8.8k,27k,742,682,977
54,Bajaj Finance,3.9,8.7k,22.3k,404,4.6k,497
55,Sutherland Global Services,3.4,8.6k,33.9k,766,291,901
56,EXL Service,3.6,8.4k,43.5k,872,1.4k,799
57,Cipla,4.1,8.3k,25.6k,567,80,850
58,Samsung,3.9,8.3k,26.3k,604,48,528
59,Ericsson,4.0,8.3k,42.5k,458,41,998
60,Wells Fargo,3.7,8.1k,55.3k,666,24,855
61,Dr. Reddy's,4.0,8k,25.7k,482,18,740
62,Optum Global Solutions,4.0,7.7k,47.8k,737,79,686
63,Delhivery,3.8,7.6k,21k,587,160,656
64,ICICI Prudential Life Insurance,4.0,7.6k,22.9k,464,103,625
65,HGS,3.8,7.5k,20.9k,267,15,968
66,Equitas Small Finance Bank,4.3,7.6k,13.2k,529,17,397
67,JPMorgan Chase & Co.,3.8,7.5k,83.5k,843,735,844
68,JSW Steel,3.9,7.5k,29.9k,764,100,600
69,Jana Small Finance Bank,3.8,7.4k,14.2k,297,53,623
70,Amazon Development Centre India,3.8,7.4k,37.8k,861,13,20
71,Sun Pharmaceutical Industries,4.1,7.4k,23.3k,633,401,593
72,Hexaware Technologies,3.4,7.3k,52.5k,807,802,547
73,Lupin,4.1,7.2k,22.6k,429,56,764
74,L&T Construction,4.0,7.2k,19.7k,912,,780
75,Zydus Lifesciences,3.9,7.1k,19.7k,404,24,605
76,Hindustan Unilever,4.2,7.1k,20.1k,445,59,704
77,Ekart Logistics,3.9,7.1k,15.7k,395,1,422
78,KPMG India,3.4,6.9k,64.2k,905,95,749
79,Ujjivan Small Finance Bank,4.0,6.9k,12.6k,298,196,579
80,ITC,3.9,6.9k,24k,661,84,637
81,Axis Max Life Insurance,4.0,6.9k,19.8k,386,189,495
82,Megha Engineering & Infrastructures,3.9,6.7k,18.2k,543,32,539
83,Tata Projects,4.2,6.6k,22.1k,560,28,540
84,FIS,3.8,6.4k,38.8k,528,161,721
85,Coforge,3.2,6.4k,47.7k,659,139,273
86,Bajaj Life Insurance,3.9,6.3k,16.9k,427,75,474
87,L&T Technology Services,3.1,6.3k,41.8k,611,,415
88,IIFL Finance,4.0,6.2k,13.6k,311,36,433
89,Cholamandalam Investment & Finance,3.8,6.2k,12.6k,262,20,293
90,Oracle,3.5,6.2k,62k,939,1.2k,617
91,Indian Army,4.7,6.2k,9.5k,194,,728
92,Omega Healthcare,3.8,6.1k,26k,523,162,390
93,Muthoot Finance,3.7,6.1k,12.9k,327,7,325
94,JLL,4.1,6.1k,23.9k,463,252,540
95,HCL Group,3.5,6k,40.4k,509,,661
96,eClerx,3.1,6k,31.4k,617,76,555
97,Piramal Finance,4.2,5.9k,12.9k,282,2,445
98,Virtusa Consulting Services,3.7,5.9k,56k,650,1.6k,318
99,DMart,3.9,5.9k,18k,523,179,473
100,HSBC Group,3.9,5.8k,42.2k,537,106,1.1k
101,Udaan,3.9,5.8k,15.9k,365,5,755
102,Indiamart Intermesh,3.5,5.8k,19.8k,732,283,431
103,SMFG India Credit,3.9,5.7k,10.7k,196,93,347
104,Aurobindo Pharma,4.0,5.7k,20.9k,283,11,468
105,Siemens,3.9,5.6k,33.3k,495,201,632
106,BigBasket,3.9,5.6k,18.9k,457,84,380
107,Access Healthcare,3.7,5.6k,27.8k,372,615,347
108,CGI Group,4.0,5.6k,46.6k,556,128,398
109,Manappuram Finance,3.9,5.6k,9.3k,211,11,260
110,Shapoorji Pallonji Group,4.1,5.6k,15.2k,407,82,632
111,Firstsource Solutions,3.5,5.6k,23.9k,351,195,570
112,ICICI Lombard General Insurance Company,3.5,5.6k,19.8k,345,130,366
113,GlobalLogic,3.5,5.5k,40k,673,70,515
114,Standard Chartered,3.6,5.5k,41.9k,315,,305
115,Mahindra Finance,3.9,5.5k,11.9k,200,423,507
116,Apollo Hospitals,4.1,5.5k,16.3k,456,235,506
117,Bosch Global Software Technologies,3.7,5.4k,39.2k,380,13,625
118,UST,3.7,5.4k,38.9k,571,135,407
119,Ashok Leyland,4.0,5.4k,18.4k,307,,642
120,PolicyBazaar,3.6,5.4k,16.8k,575,448,231
121,Citicorp,3.7,5.4k,51.2k,614,,517
122,Swiggy,3.7,5.3k,22.5k,540,266,342
123,Cyient,3.6,5.3k,27.3k,321,93,466
124,Hero MotoCorp,4.1,5.3k,15.6k,395,4,584
125,SBI Cards & Payment Services,3.7,5.1k,15.9k,289,104,344
126,JustDial,3.5,5.1k,15.4k,382,66,372
127,Kalpataru Projects International,4.1,5.1k,13.7k,312,,203
128,BNY,3.7,5k,30.6k,384,,527
129,IQVIA,3.7,5k,30.4k,528,19,524
130,SBI Life Insurance Company,3.7,5k,11.6k,296,7,327
131,CBRE,4.1,5k,18.5k,332,18,443
132,TVS Motor,3.9,5k,15.6k,381,78,536
133,NTT Data,3.8,4.9k,35.2k,714,214,156
134,Schneider Electric,4.1,4.9k,24k,436,30,463
135,Nagarjuna Construction Company,4.1,4.9k,12k,409,13,407
136,Persistent Systems,3.6,4.9k,43.7k,696,352,369
137,vivo,4.1,4.9k,13k,227,4,643
138,State Bank of India,3.8,4.8k,11.5k,300,13,400
139,Atos,3.8,4.8k,33.7k,403,95,454
140,Ecom Express,4.0,4.8k,9.4k,256,,323
141,Eviden,3.6,4.8k,28.2k,314,7,1
142,KEC International,4.0,4.7k,13.1k,401,3,441
143,Amdocs,3.6,4.7k,37.2k,557,13,614
144,Nagarro,3.9,4.7k,31.8k,826,390,1.1k
145,JBM Group,3.9,4.7k,13.9k,333,37,342
146,Varun Beverages,4.0,4.6k,12.1k,323,28,321
147,Home Credit Finance,4.0,4.6k,9.5k,142,110,629
148,Bosch,4.2,4.6k,20.6k,370,82,599
149,EY Global Delivery Services ( EY GDS),3.5,4.5k,47.6k,868,11,146
150,ITC Infotech,3.6,4.5k,29.3k,406,69,281
151,Hewlett Packard Enterprise,4.1,4.5k,26.9k,262,131,546
152,Mahindra Logistics,3.7,4.5k,13.1k,241,,445
153,OPPO,3.9,4.5k,11.8k,247,8,602
154,Aditya Birla Fashion and Retail,4.1,4.5k,12.7k,259,76,391
155,L&T Finance,3.9,4.5k,11.6k,207,,260
156,Randstad,3.7,4.4k,16.1k,312,8,331
157,Dell,3.8,4.4k,28.6k,421,21,540
158,Utkarsh Small Finance Bank,3.6,4.4k,10.8k,285,19,269
159,CARS24,3.4,4.4k,15.3k,398,140,410
160,Havells,3.9,4.4k,14.9k,269,39,315
161,R1 RCM,3.8,4.4k,20.9k,349,133,333
162,Intas Pharmaceuticals,4.1,4.4k,17.2k,250,65,362
163,Hyundai Motor India Limited,4.1,4.3k,13.7k,312,4,518
164,Tata AIA Life Insurance,3.9,4.3k,14k,241,639,297
165,Deutsche Bank,3.8,4.3k,35.6k,414,837,399
166,Hetero,3.9,4.3k,15k,284,153,332
167,Motilal Oswal Financial Services,3.7,4.3k,12.8k,531,67,167
168,Team Lease,3.9,4.2k,15.9k,240,1,215
169,Berger Paints,3.7,4.2k,9.9k,391,190,273
170,Lenskart,3.3,4.2k,12.9k,422,117,199
171,Thermax Limited,4.2,4.1k,13k,321,110,371
172,Bajaj Auto,3.8,4.1k,14.5k,314,,496
173,Macleods Pharmaceuticals,3.7,4.1k,15.5k,258,10,333
174,Aakash Educational Services,3.2,4.1k,13.3k,361,93,212
175,Jubilant Foods Works,3.7,4k,9k,242,176,180
176,LG Electronics,3.9,4k,10.8k,249,,399
177,VE Commercial Vehicles,3.9,4k,13.2k,271,5,340
178,Royal Enfield,4.2,4k,14.6k,193,23,396
179,John Deere,4.0,4k,15.1k,262,1,417
180,Tata Communications,3.9,3.9k,23.4k,294,25,426
181,Jindal Steel Limited,3.9,3.9k,15.2k,399,41,328
182,Hindalco Industries,4.2,3.9k,12.2k,278,18,329
183,HDFC Ergo General Insurance,3.9,3.9k,12k,188,19,273
184,DCB Bank,3.8,3.9k,9.6k,220,11,248
185,State Street Corporation,3.5,3.9k,30.9k,279,7,261
186,RBL Bank,3.5,3.9k,18.2k,228,59,221
187,Oyo Rooms,3.1,3.9k,14.9k,252,113,389
188,Cummins,4.3,3.9k,15.4k,272,13,458
189,Reliance Communications,4.0,3.8k,9.6k,102,,375
190,Carelon Global Solutions,3.9,3.8k,26.4k,405,22,7
191,Alembic Pharmaceuticals,3.9,3.8k,15.3k,246,45,378
192,Pidilite Industries,4.2,3.8k,11.3k,249,,359
193,Bank of America,4.2,3.8k,27.9k,281,,412
194,Kogta Financial India Limited,4.7,4k,1.8k,195,120,31
195,Publicis Sapient,3.4,3.8k,30.7k,679,260,391
196,Subros,3.8,3.8k,12.4k,213,1,379
197,XpressBees,4.2,3.7k,8k,435,8,176
198,PVR INOX,3.9,3.7k,9.4k,204,16,241
199,American Express,4.1,3.7k,24.3k,413,154,435
200,Viatris,4.1,3.7k,14.2k,161,5,500
201,Automatic Data Processing (ADP),3.9,3.7k,21.9k,287,29,457
202,Sodexo,4.0,3.7k,9.9k,195,1.5k,375
203,PNB MetLife,3.4,3.7k,8.1k,187,5,215
204,Escorts Kubota Limited,4.1,3.7k,13.2k,278,,255
205,Aditya Birla Sun Life Insurance,4.0,3.7k,9.9k,173,1,214
206,Tata Capital,3.9,3.6k,11.4k,187,2.4k,107
207,Kyndryl,3.9,3.6k,25.7k,217,21,163
208,Grasim Industries,4.0,3.6k,12.7k,266,3,267
209,Maersk,4.0,3.6k,18.7k,243,39,420
210,Glenmark Pharmaceuticals,3.8,3.6k,12k,177,124,317
211,Birlasoft,3.5,3.6k,29.5k,312,495,235
212,Dabur,3.8,3.6k,8.7k,321,12,275
213,Godrej & Boyce Manufacturing,3.9,3.6k,15.2k,217,47,412
214,Samvardhana Motherson Group,3.7,3.6k,12.1k,254,16,403
215,Cogent E Services,3.2,3.6k,10.2k,290,1,220
216,Synechron,3.5,3.6k,27.7k,401,46,237
217,Bharat Electronics,4.2,3.6k,12.3k,240,,312
218,JK Cement,4.0,3.6k,9.7k,322,1,257
219,Kotak Mahindara Life Insurance,3.5,3.6k,12.3k,256,243,256
220,Abbott,4.1,3.6k,11.7k,175,304,361
221,KPIT Technologies,3.0,3.6k,22.5k,334,46,289
222,Aarti Industries,4.0,3.5k,14.2k,322,2,351
223,Reliance Projects & Property Management Services,4.0,3.5k,7.2k,201,,20
224,Ipca Laboratories,3.9,3.5k,11.4k,193,44,245
225,Indian Oil Corporation,4.3,3.5k,7.6k,233,,290
226,Alkem Laboratories,3.9,3.4k,9.7k,190,25,328
227,MRF Tyres,3.6,3.4k,12.3k,362,15,345
228,Reliance Digital,4.1,3.4k,8.2k,159,,241
229,Johnson Controls,3.5,3.4k,17.1k,295,7,266
230,"NTT DATA, Inc.",3.9,3.4k,21.4k,148,83,624
231,IGT Solutions,3.2,3.4k,13.3k,244,68,213
232,Honda Motorcycle & Scooter,4.1,3.4k,11k,193,,348
233,Vishal Mega Mart,3.7,3.4k,6.1k,196,,273
234,Altruist Technologies,4.4,3.4k,8.1k,309,10,83
235,PhonePe,4.0,3.4k,12.3k,396,20,183
236,Hindustan Coca Cola Beverages,4.0,3.3k,7.5k,169,42,377
237,Ford Motor,4.2,3.3k,15k,172,,397
238,ArcelorMittal Nippon Steel,4.1,3.3k,11.6k,266,,111
239,UBS,3.9,3.3k,31.1k,368,3,117
240,24/7 Customer,3.4,3.3k,11.4k,181,66,406
241,DTDC Express,3.7,3.3k,8.4k,190,13,263
242,Reliance Nippon Life Insurance,3.4,3.3k,8.3k,162,1,229
243,Ceat Tyres,3.9,3.3k,12.9k,202,9,346
244,HARMAN,3.8,3.3k,24k,288,115,100
245,RSPL Group,4.0,3.3k,9.6k,240,31,293
246,ABB,4.1,3.3k,17.6k,277,516,346
247,UNO Minda,3.9,3.3k,10.8k,228,11,262
248,Cloudnine Hospital,4.4,3.2k,2.9k,927,7,78
249,Indian Air Force,4.5,3.2k,5.1k,78,,354
250,Barclays,3.7,3.2k,30.4k,302,,253
251,NatWest Group,4.0,3.2k,20.4k,233,196,362
252,AGS Health,4.0,3.2k,14k,200,25,272
253,Marpu Foundation,4.9,3.2k,61,253,,8
254,InterGlobe Aviation,3.5,3.2k,13.3k,363,108,315
255,Blinkit,3.7,3.2k,11.8k,300,1,202
256,TVS Credit Services Ltd,4.2,3.2k,7k,149,34,196
257,Conduent,3.4,3.2k,16.7k,224,839,366
258,Alstom Transportation,3.7,3.2k,14.6k,274,397,173
259,GeBBS Healthcare Solutions,3.7,3.2k,11.3k,174,72,290
260,Tata Technologies,3.5,3.2k,22.2k,304,128,308
261,Croma,3.8,3.1k,8.8k,173,20,186
262,Tata AIG,4.0,3.1k,11.4k,186,129,245
263,Max Healthcare,3.9,3.1k,10.2k,180,158,276
264,UPL,4.1,3.1k,11k,211,35,293
265,PepsiCo,4.0,3.1k,13k,230,206,244
266,Amazon Transportation Services,4.2,3.1k,8.1k,248,,246
267,Future Group,4.2,3.1k,6.8k,82,,423
268,Titan Company,4.2,3.1k,9.5k,190,97,339
269,Walmart,3.4,3.1k,21.6k,432,135,319
270,Dilip Buildcon,3.9,3.1k,8k,175,14,296
271,Bajaj General Insurance Limited,3.8,3.1k,9k,120,42,235
272,Mankind Pharma,3.8,3.1k,9.2k,242,11,246
273,Varroc Group,3.6,3k,9.3k,214,54,230
274,S&P Global,4.0,3k,20k,323,296,211
275,MSN Laboratories,3.6,3k,9.3k,165,38,155
276,Afcons Infrastructure,4.2,3k,8.4k,258,30,309
277,Jindal Stainless,4.2,3k,11.1k,301,8,185
278,Societe Generale Global Solution Centre,3.6,3k,22.4k,292,132,293
279,Torrent Pharmaceuticals,4.0,3k,10.1k,156,25,310
280,Quest Global,3.5,3k,20.9k,344,121,190
281,CMS IT Services,3.1,2.9k,9.5k,154,32,193
282,Square Yards,3.6,2.9k,9.1k,224,61,232
283,I Process Services,3.8,2.9k,5.4k,129,1,127
284,HDFC Sales,3.9,2.9k,8.3k,188,7,190
285,IDFC FIRST Bharat,4.2,2.9k,4.9k,139,13,70
286,Zensar Technologies,3.7,2.9k,25.5k,273,363,243
287,Shoppers Stop,4.0,2.9k,7k,135,7,320
288,ACC,3.9,2.9k,9.1k,227,20,270
289,Suzlon Group,4.0,2.9k,7.7k,160,16,322
290,DS Group,4.1,2.9k,7.1k,204,39,207
291,Fujitsu,3.8,2.9k,17.2k,209,114,190
292,ESAF Small Finance Bank,3.6,2.8k,7.5k,155,34,104
293,Eternal Limited,3.6,2.8k,14.4k,354,10,218
294,Tata Elxsi,3.5,2.8k,22.1k,335,36,202
295,Apollo Tyres,4.0,2.8k,9.7k,147,,320
296,Nokia,4.0,2.8k,16k,309,275,537
297,VVDN Technologies,3.6,2.8k,13.4k,249,10,127
298,Indus Towers,3.6,2.8k,8.9k,220,25,202
299,Ola Electric Mobility,3.3,2.8k,9k,281,,76
300,UnitedHealth,3.9,2.8k,14.6k,84,,432
301,Yazaki,3.9,2.8k,8.9k,171,2,253
302,IKS Health,3.5,2.8k,11k,258,31,225
303,Fiserv,2.9,2.8k,17.5k,193,5,311
304,Sagility,3.8,2.8k,10.9k,229,43,35
305,Bharat Financial Inclusion,3.7,2.7k,5k,114,1,174
306,Landmark Group,3.8,2.7k,9.1k,171,11,267
307,Shree Cement,3.8,2.7k,9.7k,200,1,214
308,Whitehat jr,3.3,2.7k,9.6k,264,,944
309,Britannia,4.0,2.7k,8k,213,2,248
310,Blue Dart Express Ltd,3.9,2.7k,6.6k,122,4,233
311,SRF,4.1,2.7k,8.8k,205,16,250
312,Exide Industries,3.4,2.7k,8.5k,207,55,242
313,Kansai Nerolac Paints,3.8,2.7k,7.6k,183,63,189
314,Shell,3.9,2.7k,13.7k,228,7,257
315,Flex,3.9,2.7k,15.8k,208,44,439
316,Capita,3.5,2.7k,12.9k,162,55,330
317,Micro Labs,3.6,2.6k,9.7k,149,15,205
318,ElasticRun,3.6,2.6k,6k,267,11,224
319,Dalmia Bharat Cement,3.9,2.6k,8.5k,185,2,237
320,Nestlé,3.8,2.6k,9.6k,274,14,319
321,TVS Supply Chain Solutions,3.8,2.6k,8.4k,149,18,190
322,KPMG Global Services,3.5,2.6k,23.6k,246,3,6
323,KFintech,3.4,2.6k,11k,167,7,47
324,G4S,4.0,2.6k,5k,125,517,235
325,Voltas,4.0,2.6k,8.7k,172,29,258
326,Sahrudaya Healthcare (Medicover Hospitals),4.4,2.6k,3.4k,140,19,36
327,Zepto,3.5,2.6k,8.6k,421,47,28
328,Star Health & Allied Insurance,3.5,2.6k,9.6k,150,36,164
329,BlackBuck,3.8,2.6k,6.3k,205,18,245
330,ZS,3.1,2.6k,19.5k,504,144,261
331,Ajanta Pharma,3.9,2.6k,8.8k,154,32,214
332,Sonalika Tractors,3.6,2.6k,8.7k,160,,173
333,suzuki motor gujarat,4.2,2.6k,7.9k,219,9,186
334,Blue Star,4.1,2.5k,9.7k,193,12,240
335,Domino's Pizza,3.9,2.5k,4.1k,114,1,392
336,ACT Fibernet,3.9,2.5k,7.6k,158,114,255
337,GATI-KWE,3.9,2.5k,5k,99,4,289
338,Care Health Insurance,3.5,2.5k,8.5k,151,63,166
339,Fortis Healthcare,4.0,2.5k,7.4k,178,2.3k,138
340,NoBroker,3.0,2.5k,10.5k,276,346,352
341,Bajaj Electricals,3.9,2.5k,7.6k,145,22,289
342,Sterlite Technologies,3.8,2.5k,10.1k,179,125,208
343,Gallagher,3.7,2.5k,13.7k,259,177,120
344,Movate,3.1,2.5k,14.6k,284,104,2
345,Sammaan Capital Limited,3.8,2.5k,6k,111,6,118
346,Exl India,3.5,2.5k,14.6k,121,1,163
347,Alldigi Tech,3.9,2.5k,7.4k,225,20,112
348,Adani Power,3.7,2.5k,9.5k,293,,161
349,Foundever,3.4,2.5k,8.4k,172,95,199
350,Tata Electronics,3.9,2.5k,10.2k,234,36,61
351,DBS Bank,3.7,2.5k,12.7k,189,336,192
352,V-Mart,4.1,2.5k,4.3k,187,15,210
353,Himalaya Wellness,4.0,2.5k,6k,143,31,255
354,Tractors and Farm Equipment,3.9,2.4k,8.3k,129,22,274
355,Paras Hospital,4.1,2.4k,3.1k,98,55,126
356,Statestreet HCL Services,3.4,2.4k,14k,217,,201
357,BT Group,3.8,2.4k,11.3k,223,17,264
358,Tata Advanced Systems,3.7,2.4k,12.4k,177,,132
359,Patanjali Ayurved,3.9,2.4k,5.9k,133,,248
360,Parle Agro,3.9,2.4k,6.5k,140,3,212
361,McDonald's,3.9,2.4k,4.8k,147,1,410
362,JCB,3.9,2.4k,9.5k,156,,233
363,Niva Bupa Health Insurance Company,3.6,2.4k,8.1k,161,101,119
364,IntouchCX,2.7,2.4k,9.7k,224,164,145
365,Laurus Labs,4.3,2.4k,7.1k,148,5,207
366,Mahindra Holidays & Resorts,3.5,2.4k,5.8k,122,58,202
367,ICICI Securities,3.9,2.4k,9.7k,186,5,184
368,Physicswallah,3.6,2.4k,7.8k,257,100,20
369,Emcure Pharmaceuticals,3.7,2.4k,8.3k,120,44,233
370,Mahindra Rural Housing Finance,4.0,2.4k,4.6k,102,1,180
371,Canara HSBC Life Insurance,3.6,2.4k,6.3k,129,8,168
372,Biocon Limited,4.0,2.4k,11.6k,177,16,2
373,Planet Spark,3.9,2.4k,3.3k,568,62,191
374,Datamatics Global Services,3.3,2.4k,11.5k,179,83,183
375,Axis Direct,3.6,2.4k,4.7k,86,18,226
376,Foxconn,3.9,2.4k,9.9k,210,13,182
377,Taj Hotels Resorts and Palaces,4.2,2.4k,4.7k,149,179,178
378,Intellect Design Arena,3.6,2.4k,13.4k,180,37,118
379,Photon Interactive,4.1,2.3k,7.2k,129,1.2k,123
380,Capgemini Engineering,3.4,2.3k,14.7k,393,1,139
381,Aditya Birla Capital,3.8,2.3k,9.4k,194,,164
382,Hero FinCorp,3.9,2.3k,5.4k,110,25,129
383,3i Infotech,3.4,2.3k,10.5k,159,31,149
384,Info Edge,4.0,2.3k,11k,373,332,299
385,Cholamandalam MS General Insurance,3.7,2.3k,5.8k,114,,166
386,KocharTech,3.7,2.3k,3.7k,79,60,582
387,Cadila Pharmaceuticals,3.3,2.3k,7.7k,151,229,167
388,Aditya Birla Group,4.1,2.3k,9.9k,228,5,248
389,Syngene International,3.9,2.3k,12.4k,185,2,217
390,Adani Group,3.8,2.3k,10.5k,268,1.7k,101
391,Cybage,3.8,2.3k,17.3k,212,49,268
392,Delhi Public School,3.8,2.3k,5.3k,150,174,258
393,Akums Drugs & Pharmaceuticals Limited,4.2,2.3k,6.2k,323,17,147
394,Bureau Veritas,3.8,2.3k,8.1k,138,16,176
395,Xoriant,4.1,2.3k,11.5k,229,36,413
396,Lifestyle,4.3,2.3k,6.8k,80,23,278
397,Aavas Financiers,3.9,2.3k,5.5k,112,51,138
398,Eureka Forbes,3.6,2.3k,5.4k,88,2,227
399,Sopra Steria,3.9,2.2k,13.7k,179,150,240
400,Kia India,3.9,2.2k,8k,171,87,165
401,Straive,3.3,2.2k,10k,218,89,122
402,GVK Emergency Management and Research Institute,3.6,2.2k,4.4k,105,36,176
403,Sobha,3.8,2.2k,8.3k,160,63,220
404,RMSI,3.6,2.2k,8.4k,185,17,184
405,Unacademy,2.9,2.2k,10.3k,230,33,153
406,Radisson Hotels,4.0,2.2k,5.1k,95,270,312
407,Myntra,3.9,2.2k,10.2k,255,86,305
408,Lava International,3.9,2.2k,4.3k,80,2,302
409,TaskUs,3.1,2.2k,9k,212,149,116
410,CorroHealth infotech,3.7,2.2k,7k,229,109,9
411,TCE,3.8,2.2k,9.1k,287,46,165
412,Team Computers,3.7,2.2k,8.4k,195,154,115
413,Endurance Technologies,3.9,2.2k,7.7k,130,12,230
414,SBI Securities,3.6,2.2k,6.7k,175,27,104
415,Apollo Pharmacy,3.7,2.2k,6.7k,170,1.1k,128
416,Panasonic Life Solutions India,3.9,2.2k,6.6k,92,16,105
417,Whirlpool,3.9,2.2k,7.9k,114,22,201
418,GlaxoSmithKline Pharmaceuticals,4.0,2.2k,5.6k,124,32,112
419,Star Union Dai-ichi Life Insurance,3.8,2.2k,5k,127,31,95
420,Nokia Networks,4.1,2.2k,10.5k,126,,10
421,Adani Wilmar,4.0,2.1k,6.6k,128,100,171
422,Indian Railways,4.2,2.1k,3.3k,111,,158
423,Cisco,4.1,2.1k,18.6k,401,212,223
424,Lodha,4.1,2.1k,8.5k,160,194,173
425,Renault Nissan Technology & Business Centre India,3.8,2.1k,14.5k,151,54,210
426,Bharti AXA Life Insurance,3.6,2.1k,5.1k,142,176,170
427,Huawei Technologies,4.1,2.1k,8.1k,117,,288
428,SBI General Insurance,3.5,2.1k,6.3k,124,25,132
429,Coromandel International,4.1,2.1k,7.4k,121,23,217
430,Shahi Exports,3.9,2.1k,6.7k,123,50,228
431,Meesho,3.7,2.1k,9k,412,127,296
432,Bank of Baroda,3.5,2.1k,6.9k,109,,150
433,Daikin Airconditioning India Pvt. Ltd.,4.1,2.1k,7.5k,198,,144
434,Ambuja Cements,3.8,2.1k,5.9k,152,,211
435,Sify Technologies,3.7,2.1k,9.7k,144,43,152
436,ValueLabs,3.5,2.1k,15.7k,209,88,266
437,Simplex Infrastructures,3.4,2.1k,4.6k,78,,286
438,Allstate,3.6,2.1k,11.9k,152,12,186
439,Ola Cabs,3.3,2.1k,9.2k,153,19,227
440,Life Insurance Corporation of India,4.4,2.1k,4.5k,94,6,242
441,Microsoft Corporation,3.7,2.1k,28.1k,601,,196
442,BNP Paribas,3.7,2.1k,17.4k,205,260,174
443,BHEL,4.2,2.1k,5.1k,129,,231
444,Cargill,4.0,2.1k,8.2k,108,467,148
445,Spark Minda,3.8,2.1k,7k,151,5,36
446,Pfizer,3.9,2.1k,5.6k,81,46,276
447,Force Motors,3.6,2.1k,8.2k,142,,152
448,CAMS,3.6,2.1k,8.5k,139,28,50
449,upGrad,3.4,2.1k,9k,213,56,125
450,Power Mech Projects,3.8,2.1k,6.4k,118,4,158
451,FirstCry,3.6,2.1k,8.5k,205,12,79
452,Henry Harvin Education,3.6,2k,865,52,58,63
453,Bharat Petroleum,4.2,2k,6.6k,172,,187
454,Raymond Lifestyle Limited,4.1,2k,6.6k,110,3,230
455,Newgen Software Technologies,3.9,2k,11.3k,199,27,147
456,Reliance Trends,4.1,2k,4k,121,,220
457,Mercedes-Benz Research and Development India,3.7,2k,17.4k,205,131,195
458,Poonawalla Fincorp,3.6,2k,5.6k,76,13,129
459,Renault-Nissan,4.1,2k,7.6k,120,,268
460,Extramarks Education,3.4,2k,7.3k,171,26,142
461,Nuvoco Vistas,4.1,2k,6.8k,121,22,126
462,Saint-Gobain,3.9,2k,11.2k,200,80,243
463,Brakes India,3.9,2k,6.9k,90,4,198
464,GAO Tek,4.4,2k,251,460,,26
465,Future Generali India Life Insurance,,,,,,
466,ITC Hotels,4.1,2k,5.2k,99,,199
467,Ninjacart,3.8,2k,5.3k,101,20,137
468,State Street Syntel,3.7,2k,7.4k,79,,281
469,Kotak Securities,3.5,2k,9.3k,138,21,153
470,Delphi TVS,3.9,2k,5.5k,97,1,192
471,Jio Platforms,3.3,2k,13.4k,243,,62
472,Reliance General Insurance,3.6,2k,7.1k,96,13,131
473,CitiusTech,3.2,2k,14.1k,309,64,163
474,JK Tyre,3.6,2k,6.7k,116,,189
475,Biological E,4.2,2k,7k,134,37,221
476,Senco Gold,4.4,2k,1.5k,614,4,35
477,SGS,3.8,2k,6.1k,120,89,178
478,Novartis,4.1,2k,9.8k,164,264,226
479,HSBC Electronic Data Processing,4.1,2k,8.6k,84,,20
480,Morgan Stanley,3.6,2k,25.1k,325,8,150
481,YASH Technologies,3.7,2k,16k,167,474,172
482,Infinite Computer Solutions,3.3,1.9k,14.4k,169,298,105
483,SAP,4.1,1.9k,17k,311,166,284
484,IDBI Bank,3.4,1.9k,6.1k,77,,137
485,EPAM Systems,3.7,1.9k,20.7k,604,48,132
486,AECOM,4.2,1.9k,6.8k,141,227,243
487,L&T Energy Hydrocarbon,3.8,1.9k,8.2k,116,,193
488,Narayana Health,3.9,1.9k,5.8k,89,104,143
489,Paisabazaar.com,3.4,1.9k,7k,163,48,98
490,Manipal Hospitals,4.1,1.9k,6.4k,126,91,131
491,Tata Motors Finance,4.0,1.9k,4.5k,71,,151
492,Honeywell Automation,3.7,1.9k,11.8k,129,,159
493,Aditya Birla Health Insurance Co,3.7,1.9k,7.2k,117,4,93
494,Dr Lal PathLabs,4.2,1.9k,4.4k,163,54,192
495,R.R. Donnelley,3.7,1.9k,9.8k,126,22,243
496,Parle Products,3.9,1.9k,3.8k,111,11,201
497,Uflex,3.8,1.9k,6.6k,125,59,117
498,Google,4.4,1.9k,30k,981,536,131
499,Gabriel India Limited,4.1,1.9k,5.6k,128,,249
500,Microland,3.5,1.9k,10.6k,142,572,158
501,Motherson Automotive Technologies and Engineering,3.8,1.9k,7.3k,145,27,151
502,Philips,3.8,1.9k,10.7k,176,99,180
503,K12 Techno Services,3.6,1.9k,5.1k,391,199,60
504,V-Guard Industries,4.3,1.9k,4.5k,108,30,274
505,NCR Corporation,3.6,1.9k,9.1k,142,28,173
506,Crisil,3.5,1.9k,13k,210,561,222
507,Lucas-TVS,3.9,1.9k,5.9k,89,4,212
508,Spinny,3.7,1.9k,7.1k,197,38,101
509,Shadowfax Technologies,3.5,1.9k,7.2k,157,40,81
510,Tekwissen,4.9,1.9k,564,229,49,3
511,Globiva,3.0,1.9k,5k,132,135,83
512,Haier Appliances India,4.0,1.9k,6.8k,159,13,165
513,CMS Infosystems,3.5,1.9k,4.6k,72,11,104
514,Trent,3.8,1.9k,4.6k,102,26,133
515,G R Infraprojects,4.1,1.9k,5.4k,158,33,158
516,Safexpress,3.9,1.9k,5.5k,122,5,147
517,Adecco Group,3.8,1.8k,6.9k,113,,137
518,Angel One,3.6,1.8k,7.4k,159,20,153
519,DHL Supply Chain,4.2,1.8k,6k,107,4,137
520,CNH (Case New Holland),3.7,1.8k,5.8k,129,24,162
521,NTPC,4.2,1.8k,4.2k,175,,180
522,Thomson Reuters,3.8,1.8k,10.4k,132,72,226
523,Iris Software,3.8,1.8k,7.6k,203,469,245
524,Tata Power,3.9,1.8k,7k,206,6,123
525,Aadhar Housing Finance,4.0,1.8k,4.9k,115,3,98
526,HTC Global Services,3.4,1.8k,12.7k,159,66,108
527,TVS Sundram Fasteners,3.6,1.8k,6.7k,90,1,203
528,Hindustan Aeronautics,4.3,1.8k,4.3k,82,2,173
529,Aye Finance,4.1,1.8k,3.3k,83,46,115
530,KENT RO Systems,3.8,1.8k,4.3k,96,16,106
531,Trident Group,3.3,1.8k,5.2k,134,8,122
532,Infinx,3.8,1.8k,5.2k,207,33,72
533,Torrent Power,3.8,1.8k,7.5k,158,55,158
534,Honda Cars,4.3,1.8k,6.3k,108,3,185
535,Aragen Life Sciences,3.9,1.8k,6.4k,120,117,298
536,PI Industries,3.8,1.8k,6.7k,128,7,162
537,ICICI Home Finance,3.7,1.8k,5.1k,95,16,87
538,Medi Assist India,3.4,1.8k,7.1k,135,113,139
539,NeoSOFT,3.5,1.8k,10.5k,294,74,101
540,Jindal Saw,4.0,1.8k,6.3k,134,15,182
541,Sterling & Wilson,4.0,1.8k,6.7k,81,33,200
542,AXA Business Services,3.9,1.8k,7.2k,102,19,171
543,Fusion CX,3.4,1.8k,4.4k,132,116,98
544,Polycab Wires,3.9,1.8k,6.8k,122,37,88
545,Stellar Migration,1.3,1.8k,,2,,8
546,CSB Bank,3.2,1.8k,6.9k,100,25,44
547,Dhani Loans and Services,3.9,1.8k,4.4k,70,18,41
548,Innovsource Services,3.9,1.8k,4.4k,73,1,126
549,AkzoNobel,4.1,1.8k,4.2k,126,28,132
550,Future Retail,4.4,1.7k,3.9k,57,,249
551,SS&C TECHNOLOGIES,3.3,1.7k,13.3k,194,97,197
552,Cafe Coffee Day,3.7,1.7k,3.8k,77,8,179
553,MetLife,4.1,1.7k,8.9k,100,77,235
554,Capri Global Capital,3.5,1.7k,4k,73,58,38
555,TELUS Digital,3.6,1.7k,9.4k,131,46,35
556,Kalyan Jewellers,4.4,1.7k,1.5k,75,13,57
557,DIVI'S Laboratories,3.6,1.7k,6.7k,97,,175
558,Infra.Market,4.0,1.7k,3.6k,197,2,35
559,USHA International,4.1,1.7k,4.7k,108,7,162
560,Tata Communications Transformation Services,3.9,1.7k,8.3k,97,,170
561,Vedantu,3.3,1.7k,8.8k,196,26,159
562,USV,4.0,1.7k,5.6k,86,29,171
563,BT Business,3.9,1.7k,9k,89,,260
564,Reckitt Benckiser,3.9,1.7k,6.1k,102,51,174
565,Hindustan Petroleum,4.2,1.7k,5.8k,114,,145
566,Haldiram Foods International Limited,3.8,1.7k,5.8k,147,,99
567,NEC,4.1,1.7k,5.5k,76,10,78
568,Godrej Properties,3.6,1.7k,8.3k,117,5,106
569,Security and Intelligence Services (India),4.0,1.7k,4.2k,77,34,133
570,HDFC Securities,3.4,1.7k,5.8k,119,48,137
571,Isgec Heavy Engineering,3.8,1.7k,6.8k,138,54,133
572,Verizon,3.6,1.7k,11.2k,123,,200
573,Bata,3.5,1.7k,4.1k,81,11,118
574,Indian Navy,4.6,1.7k,3.4k,34,,244
575,Pine Labs,3.3,1.7k,7.2k,131,34,116
576,First American Corporation,3.5,1.7k,8.7k,86,50,156
577,Metro Cash & Carry,4.0,1.7k,4.7k,72,,167
578,Exela Technologies,3.3,1.7k,7.6k,99,12,75
579,American Broadcasting Company,4.0,1.7k,32.1k,580,16,9
580,Mother Dairy Fruit & Vegetable,4.0,1.7k,5k,97,,151
581,Air India,3.4,1.7k,7.3k,191,45,152
582,Cavinkare,4.0,1.6k,4.9k,68,11,142
583,Sysnet Global Technologies,3.7,1.6k,4.1k,138,553,83
584,FactSet,3.8,1.6k,10.3k,224,56,185
585,Adani Green Energy,3.9,1.6k,5.6k,149,,79
586,Yamaha Motor,4.1,1.6k,5.1k,84,14,181
587,Provana,4.0,1.6k,3.9k,169,43,249
588,LivSpace,3.4,1.6k,7.8k,163,135,92
589,Orange Business,4.2,1.6k,8.8k,111,12,237
590,Granules India Limited,3.8,1.6k,6.1k,83,6,159
591,Annapurna Finance,3.9,1.6k,3.8k,82,8,126
592,JSW Bhushan Power & Steel,4.0,1.6k,4.9k,71,,176
593,Medanta the Medicity,4.0,1.6k,4.9k,122,128,147
594,Frankfinn Institute of Air Hostess Training,3.9,1.6k,3.2k,118,119,170
595,HighRadius,2.6,1.6k,8.5k,207,42,82
596,DHL Express,4.1,1.6k,6k,76,,170
597,Cushman & Wakefield,4.2,1.6k,6.2k,105,220,129
598,Matrimony.com,4.0,1.6k,4.4k,99,41,66
599,KONE,4.1,1.6k,5.5k,129,72,191
600,TTEC India,3.7,1.6k,5.1k,173,12,152
601,Caterpillar Inc,4.1,1.6k,10.2k,196,107,134
602,BA Continuum,4.0,1.6k,10.1k,111,,289
603,Tata Play,4.0,1.6k,4.6k,86,,181
604,Johnson & Johnson,4.0,1.6k,5.7k,113,10,186
605,Digit Insurance,3.7,1.6k,5.5k,205,54,101
606,MagicBricks,4.1,1.6k,4.4k,348,33,72
607,L.G.Balakrishnan & Bros,3.5,1.6k,5.7k,79,,119
608,Hitachi Astemo,4.1,1.6k,6.1k,129,,119
609,NTT DATA Business Solutions,3.9,1.6k,12.1k,141,42,14
610,Procter & Gamble,4.1,1.6k,5.7k,130,,166
611,Arvind Group,4.0,1.6k,5.2k,77,1,296
612,Vardhman Fabrics,4.0,1.6k,5.2k,76,6,147
613,Wipro Enterprises Ltd,3.8,1.6k,7.8k,198,111,433
614,CG Power and Industrial Solutions,3.8,1.6k,6.3k,100,5,213
615,Compass Group Support Services,4.1,1.6k,5.3k,79,37,141
616,Chegg,4.1,1.6k,3.8k,167,7,87
617,HERE Technologies,3.8,1.6k,7.7k,110,16,285
618,CMA CGM,3.9,1.6k,8k,100,18,211
619,IIFL SAMASTA,3.7,1.6k,3k,80,3,19
620,Hero Motors Company,3.9,1.6k,6k,94,,120
621,Belrise Industries,3.7,1.6k,6.1k,104,12,97
622,Rungta Mines,4.0,1.6k,5.2k,162,,58
623,Honda,4.1,1.6k,3.9k,111,4,204
624,Patanjali Foods,3.7,1.6k,4.2k,91,2,107
625,Emami,3.8,1.6k,5.1k,102,2,131
626,Tata Teleservices,3.8,1.6k,3.2k,33,27,259
627,Krishna Maruti,3.8,1.6k,5k,124,2,119
628,Clover Infotech,3.4,1.6k,11.5k,131,96,95
629,Wockhardt,3.7,1.6k,4k,62,3,178
630,Suryoday Small Finance Bank,4.0,1.6k,4.4k,91,11,86
631,Coronis Ajuba Solutions,3.9,1.5k,5.6k,93,9,140
632,Marico,3.8,1.5k,5.6k,99,18,162
633,Welspun Living Limited,3.9,1.5k,5k,84,,150
634,ReNew,4.3,1.5k,6.1k,123,34,96
635,Satin Creditcare Network,3.9,1.5k,3k,63,3,129
636,Orchids International School,3.8,1.5k,3.7k,296,19,53
637,Veritas Finance,4.4,1.5k,2.1k,84,,36
638,Godrej Industries Group,3.9,1.5k,2.9k,143,4,155
639,KFC,4.0,1.5k,2.9k,79,,153
640,Toyota Kirloskar Motor,4.3,1.5k,4.4k,72,,164
641,iOPEX Technologies,3.2,1.5k,5.6k,83,39,530
642,Tata 1mg,3.6,1.5k,6.6k,207,68,99
643,ZF Commercial Vehicle Control Systems,3.9,1.5k,3.7k,74,,6
644,Mercer,3.6,1.5k,9.7k,94,87,205
645,HCL Infosystems,4.0,1.5k,7.2k,145,5,229
646,Marriott International,4.1,1.5k,4.6k,98,1k,184
647,Supreme Industries,4.0,1.5k,5.5k,88,,113
648,Dixon Technologies,3.9,1.5k,5.5k,134,3,115
649,Relaxo Footwear,4.0,1.5k,4.6k,104,41,142
650,Goldman Sachs,3.4,1.5k,19k,406,194,100
651,Bajaj Capital,3.6,1.5k,3.7k,148,104,101
652,IFB,3.6,1.5k,5.3k,117,,57
653,Asahi India Glass,3.8,1.5k,5k,106,15,129
654,Amul India,4.0,1.5k,4.1k,152,3,3
655,Broadridge Financial Solutions,3.8,1.5k,10.6k,154,56,140
656,ITD Cementation India,4.2,1.5k,4.3k,89,,137
657,Teva Pharmaceuticals,3.9,1.5k,5.5k,114,12,178
658,Shriram Life Insurance,3.5,1.5k,4.5k,106,69,81
659,Suguna Foods,4.0,1.5k,4k,90,11,135
660,NielsenIQ,3.6,1.5k,9.1k,217,8,56
661,Oracle Cerner,3.4,1.5k,10.3k,168,,254
662,IndiaFirst Life Insurance,3.8,1.5k,3.8k,76,28,102
663,Dainik Bhaskar Group,4.1,1.5k,4.3k,67,40,148
664,Gujarat Fluorochemicals,3.9,1.5k,6.5k,101,17,129
665,Tesco,3.6,1.5k,8.6k,146,3,189
666,Nayara Energy,4.2,1.5k,5.9k,94,5,168
667,XL Dynamics,3.5,1.5k,3.6k,94,8,193
668,Bisleri,4.2,1.5k,4.3k,110,7,141
669,Lumax Industries,3.9,1.5k,5.6k,91,4,125
670,Urban Company,3.4,1.5k,6.3k,158,56,96
671,BVG India,4.2,1.5k,3.8k,114,65,99
672,Taurus BPO Services,4.2,1.5k,913,33,,516
673,Max Fashion,4.1,1.5k,3.4k,72,3,174
674,Kotak Mahindra Prime,3.9,1.5k,4.8k,65,,62
675,Evalueserve,3.1,1.5k,10.1k,138,84,136
676,GMR Group,4.0,1.5k,4.5k,100,49,185
677,Steel Strips Wheels,3.7,1.5k,5.3k,82,17,117
678,Hinduja Leyland Finance,4.0,1.4k,2.9k,51,8,69
679,Sanofi,4.0,1.4k,5.3k,90,56,149
680,Honeywell Technology Solutions,3.7,1.4k,11.3k,161,,203
681,Tanishq,4.2,1.4k,3k,101,,67
682,QualityKiosk Technologies,3.3,1.4k,10.9k,161,290,98
683,Ashoka Buildcon,4.1,1.4k,4k,80,10,125
684,Oberoi Group of Hotels,4.1,1.4k,3.7k,96,,226
685,Schindler,3.9,1.4k,5.1k,98,22,115
686,GE VERNOVA,4.1,1.4k,5.1k,104,289,4
687,Page Industries,4.1,1.4k,4.7k,70,5,103
688,Gland Pharma,3.9,1.4k,5.9k,86,,120
689,Canara Bank,3.5,1.4k,3.9k,48,,96
690,Karur Vysya Bank,3.5,1.4k,4.5k,102,12,59
691,Tata Group,4.2,1.4k,5.4k,378,1,140
692,Wheelseye Technology,3.5,1.4k,3.8k,112,17,99
693,ISS Facility Services,4.0,1.4k,4.1k,67,12,132
694,Daimler India Commercial Vehicles,3.9,1.4k,6.6k,69,8,174
695,Aon,3.8,1.4k,5.9k,83,44,203
696,NIIT,3.5,1.4k,5.9k,105,46,160
697,SAI Life Sciences,3.9,1.4k,5.8k,99,30,130
698,Acmegrade,3.9,1.4k,251,65,,1
699,Piramal Pharma,4.0,1.4k,6.2k,116,40,101
700,Tata Consumer Products,3.5,1.4k,5.6k,96,5,77
701,Agilus Diagnostics,4.1,1.4k,3.3k,82,18,131
702,Devyani International,3.8,1.4k,3.3k,68,16,114
703,Indoco Remedies,3.4,1.4k,5.5k,85,5,107
704,Tata AutoComp Systems,3.8,1.4k,6.5k,111,22,94
705,Valeo,3.9,1.4k,7.8k,102,113,127
706,Hyatt Regency,4.1,1.4k,3k,55,41,194
707,AB InBev India,3.3,1.4k,7.7k,108,77,144
708,IDC Technologies,3.1,1.4k,6.9k,76,6,48
709,Bharat Forge,3.8,1.4k,6.2k,74,5,117
710,Narayana Educational Society,3.5,1.4k,4.1k,66,7,118
711,Sonata Software,3.4,1.4k,11.1k,133,161,80
712,SHYAM METALICS AND ENERGY,3.4,1.4k,4.4k,145,3,43
713,Apco Infratech,3.8,1.4k,4.2k,132,48,108
714,Heritage Foods,4.1,1.4k,3.7k,96,27,142
715,Sony,4.2,1.4k,4.5k,80,1,191
716,V5 Global Services,3.9,1.4k,3.5k,85,1,72
717,J. Kumar Infraprojects,4.1,1.4k,4.4k,89,2,116
718,The Muthoot Group,3.6,1.4k,3.8k,83,,227
719,Health Care Global Enterprises,4.1,1.4k,2.7k,114,74,26
720,CIE Automotive India Limited (Formerly known as Mahindra CIE Automotive Limited),3.6,1.4k,4.7k,88,,1
721,Amneal Pharmaceuticals,4.2,1.4k,5.9k,81,66,136
722,Chetu,3.4,1.4k,7.3k,220,7,102
723,Xiaomi,3.8,1.4k,5.6k,110,21,128
724,Acuity Knowledge Partners,3.2,1.4k,11.3k,166,114,78
725,Airtel Payments Bank,3.9,1.4k,4.7k,97,17,108
726,TCS iON,3.9,1.4k,4k,396,,176
727,VLCC,3.3,1.4k,3.2k,52,31,95
728,Tietoevry,4.2,1.4k,9.4k,101,83,114
729,PNB Housing Finance,3.9,1.4k,4.5k,53,6,86
730,FedEx Express,3.9,1.4k,4.9k,107,35,189
731,Jaquar,4.1,1.4k,5k,81,31,119
732,Indegene,3.3,1.4k,9.2k,167,48,121
733,Amara Raja Energy & Mobility,4.1,1.4k,3.9k,102,,113
734,Happiest Minds Technologies,3.5,1.4k,11.9k,147,560,93
735,Unisys,3.5,1.4k,10k,80,11,147
736,Faurecia,3.9,1.4k,6k,70,5,181
737,Morningstar,3.8,1.4k,9.6k,258,150,120
738,Vfs Global Services,3.5,1.4k,4.2k,70,2,120
739,Paytm Payments Bank,3.8,1.4k,5.7k,138,1,116
740,Aforeserve,3.3,1.3k,3.6k,88,29,88
741,AtkinsRealis,3.7,1.3k,5.6k,102,293,91
742,Sansera Engineering,4.0,1.3k,5.3k,91,8,110
743,Sheenlac Paints,4.3,1.3k,1.6k,209,10,44
744,JioMart,3.9,1.3k,4.1k,111,,74
745,Oracle Financial Services Software,3.4,1.3k,11.1k,191,,183
746,Altimetrik,3.6,1.3k,11.1k,253,755,107
747,Big Bazaar,4.3,1.3k,2.3k,46,,191
748,Infogain,3.5,1.3k,10.8k,133,197,119
749,Slk Software Services,3.2,1.3k,9.2k,108,262,90
750,Sharekhan,3.7,1.3k,4.9k,95,69,115
751,Northern Trust,3.5,1.3k,10.3k,128,,2
752,Kantar,3.5,1.3k,6.6k,112,8,77
753,Bharat FIH,3.7,1.3k,5.4k,90,,64
754,Worley,4.1,1.3k,7.1k,134,58,115
755,Fusion Finance,3.9,1.3k,3.1k,55,3,74
756,NSE.IT,3.5,1.3k,6k,137,,113
757,DCM Shriram,4.1,1.3k,4.7k,106,9,119
758,EOSGlobe,2.9,1.3k,3.8k,89,12,85
759,Amity University,3.6,1.3k,5.1k,109,97,120
760,Adobe,3.8,1.3k,12k,260,189,150
761,Eaton,3.9,1.3k,7.7k,144,3,125
762,Fino Payments Bank,3.8,1.3k,4k,63,11,96
763,Continental Automotive Components,3.9,1.3k,9.1k,80,6,129
764,SBFC Finance,3.7,1.3k,2.8k,78,54,47
765,Unichem Laboratories,3.7,1.3k,5.2k,94,7,123
766,GE,4.1,1.3k,7.3k,111,39,178
767,Nykaa,3.5,1.3k,6.4k,136,,57
768,Aditya Birla Finance,3.9,1.3k,5.2k,53,5,47
769,MedPlus,3.6,1.3k,4.1k,102,17,58
770,Bajaj Housing Finance,3.6,1.3k,5.8k,68,27,59
771,TEKsystems,3.2,1.3k,10.3k,133,26,78
772,Hindware Limited,3.9,1.3k,4.5k,79,1,129
773,TÜV SÜD,3.9,1.3k,3.7k,91,44,97
774,Iffco Tokio General Insurance Co.,3.7,1.3k,3.9k,48,,113
775,Burger King,3.9,1.3k,3.4k,90,2,135
776,Aptara,3.1,1.3k,6.2k,70,5,112
777,FDC,3.7,1.3k,3.6k,65,3,84
778,iMerit,3.2,1.3k,5.2k,114,19,97
779,Kalpataru Limited,4.3,1.3k,4.2k,204,8,78
780,Collabera Technologies,3.4,1.3k,7k,141,3,108
781,Chandigarh University,4.0,1.3k,2.7k,105,132,50
782,Cinépolis,3.8,1.3k,2.9k,77,1,150
783,Novo Nordisk,3.6,1.3k,6.1k,94,87,129
784,Atul,3.9,1.3k,5.1k,96,4,113
785,JSW Cement,4.1,1.3k,4.2k,127,,103
786,VIBGYOR Group of Schools,3.4,1.3k,4.1k,95,190,102
787,Bluestock ™,4.5,1.3k,50,385,,1
788,CreditAccess Grameen,4.0,1.3k,2.4k,51,11,67
789,Spicejet,3.4,1.3k,5.1k,97,2,153
790,TE Connectivity,4.1,1.3k,7k,99,151,149
791,Incedo,3.0,1.3k,9.8k,199,37,111
792,AGS Transact Technologies,2.8,1.3k,3.9k,43,,128
793,Fabindia,3.8,1.3k,4k,59,11,120
794,Rashmi Metaliks,3.2,1.3k,4.5k,110,6,63
795,City Union Bank,3.0,1.3k,5.4k,112,11,60
796,Hindustan Construction Company,4.3,1.3k,3.1k,90,5,158
797,Sunknowledge Services,3.5,1.3k,3.5k,104,7,202
798,Sigma Electric Manufacturing Corporation,4.0,1.3k,3k,74,6,206
799,VOIS,3.8,1.3k,7.3k,172,51,13
800,Pantaloons,4.1,1.3k,2.9k,67,,133
801,Nippon Paint India,4.0,1.3k,3.9k,74,,84
802,Shubham Housing Development Finance,3.9,1.3k,3k,49,1,75
803,ManpowerGroup,3.6,1.3k,5k,65,374,80
804,Punjab National Bank,3.9,1.3k,2.9k,56,,95
805,RBL FinServe,3.9,1.3k,3k,66,,80
806,Apexon,3.3,1.3k,8.7k,159,81,21
807,Panasonic,4.0,1.3k,4.7k,47,17,148
808,Hatsun Agro Product,3.7,1.3k,4.5k,78,9,104
809,Brillio,3.4,1.3k,10.2k,141,26,76
810,The Ramco Cements,4.1,1.3k,3.9k,72,6,95
811,Citco,3.1,1.3k,8.6k,162,45,49
812,ZF Steering Gear,3.6,1.3k,6.9k,58,13,96
813,Dell EMC,3.8,1.2k,8.8k,73,,192
814,Jindal X,3.6,1.2k,2.8k,113,4,155
815,GEP Worldwide,3.6,1.2k,8.9k,147,10,126
816,Mondelez International,4.1,1.2k,4.6k,72,56,128
817,ECIL,4.3,1.2k,3.2k,58,,105
818,Labmentix,4.5,1.2k,25,415,,8
819,Grant Thornton,3.4,1.2k,10.8k,113,247,82
820,CenturyPly,3.8,1.2k,4k,88,23,57
821,OM Logistics,3.9,1.2k,3.5k,87,4,102
822,Luminous Power Technologies,4.1,1.2k,3.9k,83,45,123
823,Tenneco,3.6,1.2k,5k,67,8,114
824,Baroda Global Shared Services,3.8,1.2k,2.9k,115,22,28
825,More Supermarket,3.7,1.2k,3.8k,86,33,56
826,Jakson Group,4.1,1.2k,3.7k,98,13,99
827,Decathlon,3.7,1.2k,4k,117,2,116
828,Automotive Manufacturers,3.9,1.2k,5.1k,96,3,76
829,Astral Pipe,3.9,1.2k,3.8k,85,74,31
830,Vestas,4.1,1.2k,5.1k,94,5,134
831,INDIUM,4.0,1.2k,6.6k,228,84,48
832,R Systems International,3.4,1.2k,7.2k,136,23,102
833,OpenText Technologies,3.5,1.2k,11.4k,186,30,87
834,Aerial Telecom Solutions,4.1,1.2k,2.1k,91,11,35
835,ANZ Banking Group,3.8,1.2k,7.9k,103,7,102
836,Samsung Research,3.1,1.2k,9.2k,146,3,136
837,Viraj Profiles,3.9,1.2k,4.4k,93,12,146
838,ICICI Prudential Mutual Fund,3.8,1.2k,5.4k,86,,84
839,SKF,4.0,1.2k,4.4k,72,71,147
840,Synchrony,4.3,1.2k,5.3k,88,20,197
841,Ion Exchange India,3.8,1.2k,4.9k,88,45,87
842,Centre for Development of Advanced Computing,3.7,1.2k,6.5k,121,,59
843,iSON Xperiences,3.3,1.2k,3.2k,76,8,90
844,Muthoot Microfin,3.9,1.2k,2.5k,51,6,64
845,Fresenius Kabi,4.0,1.2k,4k,47,35,116
846,Intertek,3.7,1.2k,3.9k,75,76,113
847,PNC Infratech,3.7,1.2k,3.4k,77,4,78
848,Mu Sigma,2.5,1.2k,6.7k,247,,120
849,Oil And Natural Gas Corporation,4.3,1.2k,3k,79,,137
850,Godrej Consumer Products,4.0,1.2k,4.6k,58,,118
851,Globant,3.4,1.2k,9.7k,198,52,99
852,FOCUS EDUMATICS,2.9,1.2k,3k,126,,39
853,Troikaa Pharmaceuticals,4.0,1.2k,3.6k,111,11,79
854,NetAmbit,4.0,1.2k,3k,132,5,34
855,AIIMS,4.1,1.2k,4.4k,63,,66
856,T-Systems ICT India,3.8,1.2k,8.2k,104,6,90
857,Shriram Pistons & Rings,4.1,1.2k,4.5k,72,1,133
858,Best Sellers,4.1,1.2k,3.1k,32,5,130
859,SK Finance Limited,3.8,1.2k,3.2k,85,,13
860,Aarvee Associates,3.8,1.2k,3.3k,94,,102
861,Parexel International,3.8,1.2k,5.8k,85,18,124
862,Apex Group,2.7,1.2k,7.4k,174,203,30
863,Prodapt,3.5,1.2k,9.3k,114,71,73
864,Zoho,4.2,1.2k,9k,567,,101
865,PHN Technology,4.4,1.2k,350,35,4,2
866,Wind World,4.0,1.2k,3.3k,84,3,120
867,EbixCash Limited,3.8,1.2k,5.2k,108,4,73
868,DENSO,4.1,1.2k,3.7k,83,1,174
869,Qualcomm,3.7,1.2k,13.6k,287,422,133
870,Fidelity National Financial,3.7,1.2k,6.2k,57,4,151
871,KIMS Hospital,3.9,1.2k,3.4k,57,15,78
872,Kirloskar Oil Engines,4.1,1.2k,3.9k,60,17,97
873,Dassault Systemes,3.8,1.2k,6.7k,182,,134
874,H.G. Infra Engineering,4.0,1.2k,3.1k,102,21,87
875,Xyz Company,3.8,1.2k,41.5k,515,,63
876,Barclays Shared Services,3.9,1.2k,4.9k,37,676,178
877,Willis Towers Watson,3.6,1.2k,7.5k,108,,104
878,Rockman Industries,3.9,1.2k,3.8k,89,8,98
879,Intel,4.1,1.2k,8.7k,235,20,91
880,Baazar Retail Private Limited,4.5,1.2k,1.4k,82,,16
881,Ahluwalia Contracts India,4.0,1.2k,3.4k,69,16,68
882,Fidelity Investments,4.0,1.2k,7.9k,121,3,160
883,Diageo,3.8,1.1k,6.1k,87,87,101
884,The Jaypee Group,3.8,1.1k,3.4k,49,11,113
885,Spandana Sphoorty Financial,3.7,1.1k,2.1k,47,2,78
886,ACG Worldwide,3.9,1.1k,3.8k,80,35,43
887,Colliers India,3.9,1.1k,4.7k,85,83,76
888,JK Lakshmi Cement,3.8,1.1k,3.6k,74,,95
889,Ocwen Financial Solutions,4.0,1.1k,4.4k,51,14,168
890,DLF,4.0,1.1k,4.5k,91,4,71
891,ExcelR,3.7,1.1k,995,104,19,3
892,Thyrocare Technologies,3.7,1.1k,4.3k,83,4,92
893,JTEKT,4.1,1.1k,4.2k,84,,88
894,Edelweiss,3.7,1.1k,5.7k,61,1,132
895,DISH TV,3.4,1.1k,3.3k,72,7,102
896,Podar International School,4.1,1.1k,3.1k,80,2,112
897,Patra Corporation,3.6,1.1k,4.6k,90,5,83
898,Coca-Cola Company,4.0,1.1k,3.1k,98,4,102
899,Genius Consultants,3.8,1.1k,3.9k,70,,70
900,Bajaj Motors,3.9,1.1k,3.3k,63,,109
901,DP World,3.8,1.1k,4.5k,89,79,62
902,PayPal,3.8,1.1k,9.2k,234,,120
903,Northern Trust Operating Services,3.8,1.1k,6.2k,106,39,222
904,Johnson Lifts,3.9,1.1k,3.6k,48,4,92
905,Salesforce,3.9,1.1k,12.4k,241,147,104
906,Electronica Finance,4.2,1.1k,2.7k,112,19,30
907,Wistron,4.0,1.1k,5.2k,90,,131
908,Innova Solutions,3.3,1.1k,7.6k,96,67,18
909,Royal Migration Solutions,4.9,1.1k,6,1,,1
910,Barbeque Nation,3.9,1.1k,2.6k,46,20,118
911,Strides Pharma,3.9,1.1k,4.2k,73,,141
912,Meril,3.6,1.1k,4.6k,79,42,72
913,HFCL Limited,3.7,1.1k,4.1k,76,17,88
914,NextComm Corporation,4.9,1.1k,36,6,,31
915,Dhoot Transmission,3.7,1.1k,3.9k,65,,106
916,MDIndia Health Insurance TPA,3.6,1.1k,3.7k,68,56,84
917,Edelweiss Life Insurance,3.7,1.1k,3.5k,57,39,93
918,Indira IVF Hospital,4.0,1.1k,2.8k,74,74,74
919,Nielsen,3.4,1.1k,6.2k,146,4,128
920,London Stock Exchange Group,3.7,1.1k,10.3k,151,39,52
921,Jacobs Engineering Group,4.1,1.1k,4.9k,88,33,91
922,Biocon Biologics,3.7,1.1k,6.5k,105,2,351
923,VMware Software,4.4,1.1k,9.1k,145,21,129
924,Zetwerk,4.0,1.1k,3.8k,110,15,54
925,Indostar Capital Finance Limited,4.4,1.1k,2k,173,,30
926,Aparna Constructions and Estates,3.9,1.1k,3.8k,105,51,94
927,CaratLane - A Tata Product,4.0,1.1k,2.8k,64,80,78
928,Birla Corporation,4.1,1.1k,3.6k,67,,83
929,Saipem,4.2,1.1k,3.2k,52,,147
930,Motilal Oswal Home Finance,4.4,1.1k,1.3k,125,,21
931,Piaggio,3.6,1.1k,3.7k,71,8,123
932,Aptiv,3.5,1.1k,7.7k,120,26,47
933,Sri Chaitanya Techno Schools,3.5,1.1k,3.2k,68,1,1
934,INDO-MIM,4.0,1.1k,4.1k,74,9,114
935,Schaeffler India,4.0,1.1k,5.2k,62,52,106
936,Federal Bank,3.7,1.1k,5.3k,118,,71
937,Prism Johnson,3.7,1.1k,4.2k,63,,62
938,Imperial Auto Industries,3.8,1.1k,4.5k,74,2,66
939,Onward Technologies Inc,2.9,1.1k,5.9k,87,25,42
940,Adani Ports and SEZ,3.7,1.1k,3.9k,74,,137
941,ICON Plc,4.0,1.1k,4.2k,132,59,54
942,Deccan Fine Chemicals,3.6,1.1k,4.9k,98,3,60
943,Hyundai Mobis,3.7,1.1k,5k,78,12,124
944,Wonder Home Finance,4.6,1.1k,703,184,8,9
945,Advantmed,4.2,1.1k,2.6k,162,38,53
946,Jet Airways,4.6,1.1k,1.9k,23,,180
947,Stanza Living,3.1,1.1k,3.5k,87,11,58
948,Sundaram Finance,4.0,1.1k,2.8k,42,23,87
949,Zydus Wellness,4.1,1.1k,2.6k,102,23,71
950,V2 Retail,3.4,1.1k,2.5k,78,8,83
951,GAIL,4.4,1.1k,3.1k,78,,88
952,TK Elevator,3.8,1.1k,4.1k,64,27,96
953,Unicharm,4.0,1.1k,2.9k,64,1,104
954,Kirloskar Brothers,3.8,1.1k,4.1k,84,31,96
955,Hikal,3.9,1.1k,4.6k,73,43,86
956,PharmEasy,3.7,1.1k,4.9k,88,9,93
957,Syngenta,4.1,1.1k,3.5k,76,50,92
958,NxtWave,3.5,1.1k,2.8k,237,742,13
959,Tube Investments of India,3.8,1.1k,3.4k,69,11,53
960,Siemens Gamesa Renewable Power Private Limited,4.0,1.1k,4.9k,58,103,102
961,SYSKA LED Lights,2.9,1.1k,2.4k,58,,80
962,Kohler,3.7,1.1k,4.8k,73,14,75
963,Spencer's Retail,3.8,1k,2.8k,59,9,94
964,Balkrishna Industries,4.0,1k,4k,58,,48
965,MAHLE ANAND Filter Systems,3.9,1k,3.3k,35,,109
966,Power Grid Corporation of India,4.3,1k,2k,72,,76
967,Asirvad Microfinance,3.8,1k,2.1k,41,4,60
968,Sri Chaitanya Educational Institutions,3.7,1k,3k,48,2,66
969,CALIBEHR,4.0,1k,2.7k,63,8,62
970,Klm Axiva Finvest,4.4,1k,746,436,6,6
971,Air India Sats Airport Services,3.5,1k,2.3k,63,9,67
972,HPCL-Mittal Energy Limited,4.3,1k,4.5k,45,,107
973,Vedanta Aluminium,3.8,1k,4.5k,64,,109
974,Leadec India,3.9,1k,3.4k,106,14,86
975,1point1 Solutions,3.3,1k,3k,83,109,85
976,Zf Rane Automotive,3.9,1k,3.8k,63,,133
977,Gmmco,4.0,1k,2.8k,51,7,110
978,Bharat Sanchar Nigam,3.9,1k,2.5k,47,,101
979,Kinara Capital,4.3,1k,2.2k,89,30,149
980,Pernod Ricard,3.5,1k,4.4k,58,13,109
981,MG Motor,3.8,1k,4.6k,76,1,72
982,Godrej Agrovet,3.9,1k,3.2k,60,5,77
983,Aarvi Encon,3.9,1k,2.9k,78,,66
984,Nexa,3.9,1k,2.3k,40,,99
985,Metropolis Healthcare,3.9,1k,3.4k,63,2,72
986,Dana Anand,4.0,1k,2.8k,50,,125
987,TKIL,4.1,1k,4.4k,72,7,91
988,Navitasys India,4.1,1k,2.6k,130,,54
989,Knorr-Bremse,3.4,1k,4.8k,64,4,110
990,Thermo Fisher Scientific,3.7,1k,6.3k,103,148,92
991,Hindustan Zinc,3.7,1k,4.3k,53,,103
992,Ceasefire Industries,3.1,1k,2.4k,119,7,76
993,Sahara India Pariwar,3.8,1k,2.5k,29,,100
994,Incheon Motors,4.7,1k,307,249,5,7
995,Aspire Systems,3.8,1k,9.5k,125,30,84
996,Wheels,3.9,1k,5k,68,1,72
997,IIFL Home Finance,3.8,1k,2.7k,50,,1
998,BirlaNu,3.9,1k,2.8k,72,,65
999,Temenos,3.2,1k,8.7k,96,41,59
1000,Lakshmi Machine Works,3.8,1k,4.2k,60,22,65
1001,Otis Elevator,4.1,1k,3.9k,61,104,85
1002,TÜV NORD,3.7,1k,4k,75,27,61
1003,Gharda Chemicals Limited,3.9,1k,4.4k,79,5,101
1004,Svatantra Microfin,3.9,1k,2k,39,1,74
1005,Amara Raja Group,4.1,1k,3.4k,73,,100
1006,Netcracker Technology,3.0,1k,8.9k,140,2,84
1007,Vistaar Finance,4.0,1k,1.9k,29,2,135
1008,ValueMomentum,3.2,1k,8.6k,94,3,54
1009,iQor Global Services,3.3,1k,2.5k,39,21,109
1010,Greenko Group,3.8,1k,3.5k,64,3,95
1011,Vertiv,3.9,997,4.2k,57,77,4
1012,Allianz Technology,4.0,995,6.6k,71,16,111
1013,Uber,4.2,995,7.9k,166,145,102
1014,GVPR Engineers,3.7,996,3k,68,17,143
1015,MakeMyTrip,3.5,994,7.2k,139,9,98
1016,TradeIndia (Infocom Network Private Limited),3.3,991,4.3k,85,25,61
1017,SitusAMC,3.3,990,5.2k,69,,43
1018,Nilkamal,3.7,988,3.2k,69,5,82
1019,Tata Capital Housing Finance,4.0,984,3.1k,48,1,4
1020,Encora,3.4,984,7.6k,110,39,40
1021,JW Marriott,4.2,982,2k,47,,154
1022,Visionet Systems,3.3,982,5.8k,77,56,87
1023,Colgate Palmolive,3.9,980,4.2k,78,19,117
1024,AstraZeneca,3.9,982,7k,66,2,151
1025,CarDekho Group,3.6,981,4.9k,83,31,111
1026,Lemon Tree Hotels,4.0,985,2.7k,59,,138
1027,Fractal Analytics,4.0,980,10k,222,81,104
1028,eClinicalWorks,3.6,978,5.1k,76,8,155
1029,Westside,3.8,977,2k,52,,75
1030,Altisource,3.5,975,3.7k,44,88,137
1031,Suzuki Motorcycle,4.0,976,3.7k,50,2,87
1032,NBC Bearings,3.8,974,3.5k,99,6,42
1033,Secure Meters,4.0,973,4.4k,82,22,99
1034,Mastek,3.6,973,6.5k,131,9,40
1035,Thomas Cook,4.0,973,3.7k,89,,85
1036,Star Cement,4.0,973,3k,81,1,89
1037,Perfetti Van Melle,4.2,973,2.7k,36,14,95
1038,Bajaj Capital Insurance Broking Limited,4.4,972,1.2k,122,,41
1039,Crompton Greaves Consumer Electricals,3.7,970,3.7k,51,37,2
1040,Hitachi Energy,4.1,968,6.7k,105,626,61
1041,Shyam Steel Group,3.5,966,3.4k,77,9,48
1042,Unity Small Finance Bank,3.6,968,3.8k,60,,10
1043,Petrofac,4.2,965,2.4k,44,,113
1044,ALLEN Career Institute,3.8,967,4k,68,20,39
1045,Hitachi Payment Services,3.6,967,3.3k,53,,64
1046,Pristyn Care,3.2,964,4k,83,4,148
1047,Nasser S. Al Hajri Corporation,3.5,962,1.8k,39,,97
1048,United Breweries,3.3,962,3.3k,53,10,89
1049,TechnipFMC,3.9,961,4.9k,82,65,106
1050,Malabar Gold and Diamonds,4.0,961,2.5k,92,60,64
1051,C&S Electric,3.9,961,3.6k,64,7,94
1052,Mando Automotive,4.0,961,4.3k,55,,124
1053,Aparajitha Corporate Services,3.8,961,3k,51,,56
1054,QX Global Group,3.0,961,4.1k,108,38,35
1055,Cult.fit,3.5,961,3.9k,76,150,77
1056,Rebel Foods,3.7,961,3.4k,70,20,63
1057,Episource,3.9,958,3.3k,226,1,81
1058,Bounteous x Accolite,3.2,958,7.6k,237,126,108
1059,Syrma SGS Technologies,4.1,958,3.2k,66,5,1
1060,Pizza Hut,4.0,956,2k,48,,82
1061,Comviva Technology,2.9,956,5.9k,82,84,72
1062,Arohan Financial Services,3.9,956,2.1k,38,11,59
1063,Kendriya Vidyalaya Sangathan,4.3,955,1.6k,62,,62
1064,Tata Cummins,4.4,956,1.2k,78,,1
1065,Barclays Global Service Centre,3.9,953,7.8k,96,,141
1066,Atlas Copco,4.1,955,5k,96,4,89
1067,ALTEN,3.6,953,5.7k,113,55,42
1068,Collins Aerospace,3.8,953,7.2k,82,1,104
1069,VIP Industries,3.7,953,3k,47,18,89
1070,Softenger,3.9,950,2.6k,65,4,160
1071,Gannon Dunkerley & Co.,3.3,950,2k,40,8,117
1072,Fortrea Development India Private Limited,3.9,949,4.8k,81,16,58
1073,Innodata India Private Limited,3.6,947,2.6k,93,23,54
1074,SLMG Beverages,3.9,946,3k,60,,30
1075,Everest Industries,3.8,946,3.1k,60,11,87
1076,Mahindra Automotives,3.9,948,4.8k,45,,37
1077,Hinduja Housing Finance,3.7,947,2.5k,42,36,29
1078,Amazon Web Services,3.8,946,6.2k,182,,80
1079,Capacit'e Infraprojects,3.7,944,3.2k,68,6,63
1080,Lumina Datamatics,3.1,943,4.4k,62,64,50
1081,Napino Auto & Electronics,3.8,942,3.8k,64,,72
1082,LOREAL,3.8,941,3.7k,64,25,103
1083,Natco Pharma,4.0,941,3.4k,51,3,86
1084,Lowe's,4.1,940,9.6k,145,74,125
1085,Vaco Binary Semantics,3.2,939,5k,90,7,72
1086,Pricol,3.9,939,4.1k,51,6,90
1087,FLSmidth,3.6,936,4.2k,43,17,109
1088,JSW Group,3.8,936,4.1k,122,1,54
1089,Tikona Infinet,3.5,936,2.6k,33,4,86
1090,Merino Industries,3.8,935,3.3k,70,11,70
1091,Financial Software & Systems,3.7,934,5.2k,64,8,62
1092,General Mills,4.1,935,4.9k,77,9,119
1093,Wonder Cement,4.2,935,3.4k,58,65,58
1094,Aircel,4.6,932,1.2k,9,,153
1095,Jubilant Pharmova,3.7,932,3.4k,61,15,113
1096,Quantiphi Analytics Solutions Private Limited,3.1,932,6.9k,198,106,57
1097,Hathway,3.3,931,3.5k,48,10,78
1098,Xebia,3.1,930,5.9k,90,21,224
1099,Salcomp Manufacturing,4.0,929,4.3k,81,,74
1100,Jyothy Labs,4.1,928,2k,45,17,72
1101,Siemens Energy,4.1,927,5.4k,95,,67
1102,MasterCard,3.8,923,10.9k,161,522,100
1103,Škoda Auto Volkswagen,4.0,923,4.4k,45,1,79
1104,Shriram General Insurance,3.5,923,2.9k,39,,53
1105,Yokohama Off-Highway Tires,3.7,923,3.9k,62,4,31
1106,Pramerica Life Insurance,3.7,921,2.3k,38,23,66
1107,Sandhar Technologies,3.8,921,3.4k,49,12,73
1108,Sundaram Clayton,3.9,921,2.8k,34,3,90
1109,Tiger Analytics,3.7,919,8.4k,241,56,31
1110,J B Chemicals And Pharmaceuticals,3.8,918,3.1k,57,2,81
1111,KEI Industries,4.2,916,3.1k,63,2,86
1112,Astral Adhesives,3.9,916,2.3k,50,,59
1113,Timken,3.9,914,4.1k,54,1,99
1114,Guidehouse,3.6,912,5.1k,73,54,44
1115,Reliance Power,4.0,913,3.3k,58,2,68
1116,Velocis Systems,3.8,912,5.1k,65,19,52
1117,Signify,3.5,914,4.2k,62,41,80
1118,Jaro Education,3.3,910,2.2k,106,15,53
1119,Netscribes,2.6,909,3.1k,93,31,72
1120,VeeTechnologies,3.8,907,4.4k,99,98,74
1121,Defence Research & Development Organisation,4.5,906,3.6k,76,,86
1122,Naukri,4.2,907,3.1k,212,57,114
1123,Amazon Sellers Services,3.9,905,2.4k,128,,73
1124,Marsh McLennan,3.9,905,7.6k,49,1,72
1125,SFO Technologies,3.4,904,4.5k,45,48,67
1126,Apotex Research,3.8,904,2.7k,36,34,108
1127,Aristo Pharmaceuticals,3.9,902,2.3k,50,12,63
1128,Nityo Infotech,3.3,898,5k,99,26,48
1129,AJIO,3.6,898,2.7k,65,,98
1130,ICCS,3.0,901,2.8k,63,9,48
1131,HomeLane,3.2,898,4.1k,92,150,63
1132,Adani Enterprises,3.7,897,4.4k,98,2,75
1133,Psp Projects,3.9,897,2.8k,70,8,41
1134,Technip Energies,4.0,898,4.8k,86,29,42
1135,Amphenol Interconnect,4.2,896,3.6k,45,6,69
1136,KMV Projects Limited,4.2,895,2.1k,54,3,84
1137,Test Yantra Software Solutions,3.0,895,25.2k,140,8,129
1138,Northcorp Software,4.8,894,208,677,6,54
1139,Tafe Motors & Tractors,3.9,895,2.8k,56,,22
1140,BGR Energy Systems,3.8,894,3.2k,46,,121
1141,Godfrey Phillips India,4.0,894,3.1k,40,,104
1142,Volvo,4.0,894,5.2k,75,11,89
1143,Knight Frank,4.1,894,3.3k,57,10,75
1144,Aviva Life Insurance India,3.5,892,2.6k,30,12,63
1145,GE Healthcare,3.9,891,5.8k,80,1,99
1146,ivy,3.5,892,6.8k,133,,90
1147,Skipper,3.6,891,2.9k,62,21,56
1148,Bosch Chassis Systems,4.1,890,2.7k,45,,112
1149,Volkswagen,4.1,889,3k,51,,102
1150,Bayer,4.0,889,4k,55,,132
1151,Schlumberger,3.8,889,5.2k,153,,112
1152,Nirma,4.2,890,3k,51,2,118
1153,Neel Metal Products,4.0,887,2.7k,56,,71
1154,Egis  India Consulting Engineers,4.2,888,2.3k,56,11,99
1155,Xceedance,3.5,887,6k,127,1,77
1156,Bhanzu,3.8,887,1.1k,186,10,2
1157,Medhaj Techno Concept,3.9,885,2k,55,,163
1158,Deepak Fertilisers and Petrochemicals,4.1,883,3.3k,47,20,76
1159,SKH Metals,4.0,884,2.7k,72,6,56
1160,Re Sustainability Limited,3.9,883,2.9k,55,45,77
1161,Tata Chemicals,3.9,881,2.7k,76,11,134
1162,Navayuga Engineering Company,3.9,883,2.4k,59,12,89
1163,Vedanta Resources,3.7,880,4.7k,94,2,93
1164,Steag Energy Services,4.3,879,2.8k,48,3,98
1165,OCS Group,4.1,879,2.5k,55,17,56
1166,Jabil Circuit India,3.9,1.1k,3.6k,57,66,87
1167,Updater Services,3.7,877,2.8k,48,16,55
1168,Yashoda Hospitals,3.9,877,3.3k,62,11,85
1169,TNQ Tech Private Limited,3.6,874,3.9k,64,16,66
1170,Medha Servo Drives,4.2,874,3k,85,,109
1171,Marks & Spencer,3.9,872,3k,36,1,118
1172,Next Education India,3.2,872,2.7k,49,36,123
1173,Michelin,3.7,870,4.8k,63,36,110
1174,HT Media,3.1,870,4.6k,58,6,87
1175,Rupeek,3.7,869,3.3k,68,18,54
1176,Lavender Technology,4.9,868,19,4,,53
1177,Alok Industries,3.6,866,3.2k,47,2,81
1178,CIEL HR,3.9,863,2.9k,67,1,56
1179,Vijay Sales,4.1,860,2.7k,59,4,56
1180,Vijay Sales,4.1,860,2.7k,59,4,56
1181,mPokket,4.1,871,1.4k,117,9,12
1182,Ashirvad Pipes,3.9,858,2.9k,66,19,85
1183,Musashi Auto Parts,3.7,856,2.9k,38,,72
1184,RAMTeCH Software Solutions,3.6,856,3.4k,44,8,53
1185,C.R.I. Pumps,3.9,857,2.7k,31,23,74
1186,Parekh Integrated Services,4.1,857,2.6k,40,15,91
1187,Consolidated Contractors,4.5,856,1.3k,36,,162
1188,LanceSoft,3.3,856,5k,66,9,37
1189,Serco,4.3,855,1.2k,33,,136
1190,Future Focus Infotech,3.3,854,4.2k,56,,48
1191,ACL Digital,3.6,853,6.2k,88,95,46
1192,LEAD School,3.3,851,3.2k,93,2,74
1193,Mahindra First Choice Wheels,3.8,851,3k,41,,76
1194,Athena BPO,3.3,849,2.8k,55,5,58
1195,Magna International,3.8,849,5.4k,51,100,68
1196,Motherson Sumi Wiring,3.7,853,3.3k,81,,6
1197,FastInfo,4.1,849,851,81,,349
1198,Bechtel,3.9,849,3.5k,73,25,90
1199,"Commonwealth Bank of Australia, India",2.9,848,7.1k,109,6,48
1200,Greenlam Industries,4.1,849,3k,57,3,48
1201,Precision Infomatic M Pvt Ltd,3.7,848,2.8k,53,11,26
1202,Centum Electronics,3.5,847,3.6k,27,15,107
1203,National Health Mission,3.4,847,2.3k,32,,50
1204,Tata Starbucks,4.0,847,1.9k,58,274,107
1205,Feedback Infrastructure Services,3.4,846,2.5k,44,12,90
1206,Orient Electric,3.6,841,3.2k,55,47,49
1207,Carborundum Universal Limited,3.8,841,3.5k,38,,60
1208,Silaris Informations,3.0,841,2.8k,55,6,49
1209,Shilpa Medicare,3.4,839,3.8k,62,3,52
1210,BDR Pharmaceuticals International,4.1,859,1.9k,127,10,30
1211,Arvind Lifestyle Brands,4.0,839,1.9k,19,52,1
1212,Panacea Biotec,3.6,837,2.7k,66,8,97
1213,National Payments Corporation of India,3.7,838,4k,95,51,36
1214,Sona Comstar,4.0,837,3.7k,73,1,61
1215,AuthBridge Research Services,3.2,836,3.1k,48,7,56
1216,H&M,3.9,836,3k,117,55,76
1217,Epsilon,3.7,835,7.2k,102,191,87
1218,Nlb Services,3.6,834,3.2k,33,2,57
1219,Mahindra Tractors,4.1,833,2.5k,52,,3
1220,Jaya Hind Industries,3.7,831,2.6k,61,,59
1221,JSW Paints,3.8,831,2.9k,95,3,30
1222,Ageas Federal Life Insurance,3.5,833,2.2k,53,35,66
1223,M3M India,4.0,831,3.1k,59,1,35
1224,Rico Auto Industries,3.8,830,3.4k,55,2,49
1225,Swaraj Tractors,4.1,830,2.9k,37,,123
1226,Sanden Vikas,4.0,829,2.7k,52,,70
1227,Punj Lloyd,4.0,829,1.6k,19,,139
1228,Impact Infotech Pvt. Ltd.,3.5,828,2.7k,57,1,79
1229,MOURI Tech,3.6,827,6k,73,74,54
1230,Intellipaat Software Solutions,3.7,830,1.9k,173,1,11
1231,Apar Industries,4.0,827,3.3k,57,4,49
1232,Porter,3.5,826,3.5k,97,5,49
1233,WSP,4.2,826,3.3k,106,408,21
1234,Fareportal,3.0,825,3.6k,42,5,98
1235,Bank of India,3.8,825,2.7k,52,,92
1236,MAS Financial Services,3.7,824,2.2k,51,40,39
1237,Acme Cleantech Solutions,3.9,824,2.6k,62,11,93
1238,Tata Hitachi Construction Machinery,4.0,823,3k,65,,78
1239,IDEMIA,3.8,823,3.7k,58,54,74
1240,Ups Logistics,3.5,823,4.1k,82,260,77
1241,KGISL,3.0,823,5.4k,91,24,97
1242,Shaktiman Tirth Agro Technology,3.9,822,2.9k,58,,80
1243,Parag Milk Foods,4.1,822,2.5k,74,14,55
1244,Union Bank of India,3.8,820,2.6k,35,,70
1245,Royal Sundaram General Insurance,3.8,820,2.8k,24,15,60
1246,HP India,3.8,819,5.6k,160,3,101
1247,Medusind Solutions,3.5,817,2.9k,34,34,99
1248,FIITJEE,3.2,817,2k,56,,52
1249,Thryve Digital,3.9,816,5.6k,76,61,54
1250,Wipro PARI,3.2,817,3.3k,61,11,17
1251,Guardian India,3.8,816,4.3k,61,12,87
1252,Satya MicroCapital,3.6,816,2.1k,62,3,45
1253,Fedbank Financial Services,4.0,815,3k,42,6,40
1254,Tata Power Solar,4.1,813,2.9k,83,,45
1255,Torry Harris Integration Solutions,4.3,813,4.5k,184,8,41
1256,Ford Business Solutions,4.1,813,3.9k,52,19,28
1257,Rohan Builders,4.1,813,2.2k,55,68,62
1258,Qinecsa Solutions,2.8,814,2.9k,61,1,4
1259,Eris Lifesciences,3.6,811,2.4k,43,8,75
1260,Ramco Systems,3.8,809,5.3k,71,5,63
1261,Lumen Technologies,4.0,808,4k,55,14,103
1262,Zudio,3.9,808,1.8k,46,,16
1263,India Shelter Finance Corporation,3.8,808,2.2k,33,5,35
1264,Freshworks,3.4,805,6.8k,177,20,53
1265,Luxoft,3.6,804,4.9k,134,504,99
1266,Forever Living Products,4.3,804,1.4k,74,,48
1267,Alorica,3.0,804,2.8k,89,26,23
1268,Nexdigm,3.7,805,3.3k,65,565,14
1269,Truhome Finance,3.7,803,2.4k,56,25,43
1270,Bpo Convergence,3.4,802,2k,64,2,35
1271,Casagrand,3.8,800,3.9k,71,58,34
1272,Rodic Consultants,4.2,799,1.8k,43,19,69
1273,Wakefit,3.9,802,2.8k,72,39,26
1274,Integra Software Services,3.7,798,3k,41,25,31
1275,Fluor Corporation,4.1,798,1.8k,30,31,6
1276,Metso,4.1,798,3k,78,9,62
1277,eTeam,3.2,797,3.6k,49,6,30
1278,Sunbeam Auto,3.9,797,2.9k,48,,51
1279,Nibav Lifts,3.9,797,1.5k,91,140,23
1280,Nibav Lifts,3.9,798,1.5k,91,134,23
1281,Victora Auto Private Limited,3.9,797,3.2k,40,,42
1282,Ather Energy,4.1,799,4.2k,67,11,34
1283,Greaves Cotton,4.0,796,2.9k,29,7,92
1284,IBS Software Services,3.6,794,6.3k,119,13,71
1285,Artech Infosystems,3.3,794,3.8k,82,,73
1286,Investors Clinic,3.8,794,1.6k,73,37,31
1287,Border Security Force,4.4,793,1.4k,15,,80
1288,Bill Gosling Outsourcing India,3.5,793,2.8k,48,31,82
1289,Skill Lync,3.1,791,3.6k,92,,28
1290,Sutherland Healthcare Solutions,3.7,792,3.8k,48,,53
1291,Linde India,3.9,790,3.6k,55,,86
1292,Edubridge Learning,3.9,789,1.2k,65,13,156
1293,Intex Technologies,3.8,789,1.5k,17,6,98
1294,Clarivate,3.7,788,6.1k,91,113,47
1295,Poly Medicure,3.5,787,2.8k,75,17,44
1296,UKG,2.9,787,5.6k,120,16,43
1297,Advik Hi Tech,3.7,786,3k,55,1,59
1298,NTT,3.8,785,4.8k,65,1,62
1299,DBG Technology,3.7,785,2.1k,82,1,29
1300,Hitachi,4.0,782,4.6k,92,36,61
1301,Baxter International,3.9,781,3.6k,49,21,84
1302,THE LEELA PALACES HOTELS & RESORTS,4.0,779,2.2k,34,,110
1303,JK Paper,3.9,780,2.7k,60,5,68
1304,Indo Autotech,3.9,779,2.7k,52,2,63
1305,Prama Hikvision India,3.6,779,3k,59,10,39
1306,Teamware Solutions,4.1,781,3.1k,63,5,41
1307,RR kabel,4.1,779,2.8k,61,,44
1308,Maveric Systems,3.4,777,7.2k,129,6,73
1309,Better.com,3.0,776,4k,56,27,121
1310,PUMA,4.1,776,2.5k,67,4,81
1311,Eveready Industries,3.8,776,2.4k,39,1,86
1312,Rockwell Automation,3.7,776,5.3k,83,53,73
1313,Qualitest,3.6,776,6.6k,89,30,27
1314,Zidio Development,4.4,775,97,170,,2
1315,K Raheja Corp,4.2,775,2.9k,64,51,69
1316,Microtek International,3.7,775,2.7k,47,2,54
1317,Engineers India,4.2,774,3.3k,84,10,76
1318,Zydus Healthcare,3.9,774,2.2k,59,,14
1319,Syneos Health,3.6,775,3.5k,56,103,45
1320,Syneos Health,3.6,776,3.5k,56,119,45
1321,Microtek International,3.7,775,2.6k,48,2,54
1322,Zydus Healthcare,3.9,774,2.2k,59,,14
1323,Dunzo,3.5,772,3.2k,71,,26
1324,Birla Opus Paints,4.0,772,1.8k,69,,3
1325,Principal Global Services,3.7,771,5.5k,82,46,93
1326,Wipro Consumer Care & Lighting,3.7,770,3.6k,72,16,273
1327,Rallis India,4.1,770,2.5k,44,1,80
1328,Pratap Technocrats,3.7,770,1.8k,31,,38
1329,Cohance Lifesciences,3.8,902,3k,37,4,39
1330,Careernet,3.6,770,4.5k,45,2,53
1331,Chennai Radha Engineering Works,3.9,764,2.2k,35,7,89
1332,Apollo Health and Lifestyle Limited,4.4,768,2.4k,75,12,47
1333,Rashmi Group,3.6,763,3k,48,3,39
1334,Praj Industries,4.0,762,3.1k,42,23,63
1335,Orion Edutech,3.1,762,1.4k,21,,75
1336,First Advantage,3.5,762,5.1k,31,45,59
1337,Zuventus Healthcare,3.8,761,2.1k,60,84,59
1338,Five-Star Business Finance,4.2,760,2k,24,3,34
1339,1 India Family Mart,4.6,759,1.5k,39,,42
1340,1 India Family Mart,4.6,759,1.5k,39,,42
1341,Wipro Infrastructure Engineering,3.7,757,3.8k,61,7,87
1342,Denave,3.5,756,2.7k,45,27,76
1343,Reliance Smart,4.1,756,2.2k,35,,24
1344,Progressive Infotech,3.3,756,2.8k,41,16,63
1345,Toyo Engineering,4.0,757,3.6k,59,,79
1346,Credence Resource Management,3.1,756,3k,36,40,83
1347,Waaree Energies,4.0,755,3.1k,71,22,43
1348,Quatrro Business Support Services,3.3,755,2.5k,60,28,85
1349,Simplilearn,3.1,754,4.5k,114,62,50
1350,Novac Technology Solutions,3.6,753,5.2k,74,25,48
1351,JioStar,3.5,756,4.5k,61,188,22
1352,Somany Ceramics,4.1,752,2.6k,22,17,65
1353,Travel Food Services Ltd,4.0,752,2k,44,,62
1354,Samsung E&A,4.0,751,2.2k,71,,112
1355,CADD Centre Training Services,4.0,752,2k,37,,91
1356,Lea Associates South Asia,4.2,752,1.8k,30,,79
1357,Creative Synergies Group,4.0,752,2.2k,29,4,16
1358,SLK Global Services,3.8,750,2.7k,32,,95
1359,Ask Automotive,4.2,751,2.9k,35,,46
1360,Times Internet,3.4,749,5.3k,73,20,70
1361,Duck Creek Technologies,4.5,766,1.2k,62,34,399
1362,Radical Minds,2.8,749,2.6k,62,6,35
1363,Creambell,3.9,749,2k,44,3,73
1364,BNP Paribas India Solutions,3.6,749,6.2k,76,3,110
1365,McDermott International,4.2,749,3.6k,59,38,72
1366,Jai Balaji Group,3.2,747,3k,50,,64
1367,IFFCO,4.1,748,1.8k,48,,87
1368,Action Construction Equipment,3.7,747,2.7k,67,,40
1369,People Tech Group,2.5,747,5.2k,83,36,34
1370,Hitachi Digital Services,3.5,747,2k,67,146,49
1371,Brane Enterprises,2.1,747,3.4k,144,,19
1372,Mswipe Technologies,3.2,747,2.4k,34,,56
1373,Fidelity International,3.5,746,5.5k,57,126,82
1374,Allied Digital Services,3.1,748,3.2k,64,6,33
1375,Vastu Housing Finance,4.2,746,2.1k,53,8,145
1376,HSBC Software Development,4.1,745,8.2k,25,,6
1377,Central Industrial Security Force,4.3,745,1.9k,23,,76
1378,Assystem,3.4,744,2k,49,285,2
1379,Forvia Hella,3.9,743,3.4k,45,83,75
1380,Axtria,2.8,743,7.1k,131,113,75
1381,Finolex Cables,3.7,743,2.6k,44,19,45
1382,Hilti,3.4,739,3.4k,68,32,79
1383,India Cements,3.9,739,2.6k,51,,61
1384,Sharda Motor Industries,3.8,739,2.8k,49,32,84
1385,Hire In Global,4.9,744,8,168,,2
1386,Vijaya Diagnostic Centre,3.9,739,1.9k,44,105,133
1387,OLX,3.7,738,3.2k,67,3,112
1388,Vertex Customer Solutions,3.6,738,1.1k,15,,87
1389,ESL Steel,3.8,739,2.1k,37,,87
1390,Amber Enterprises India,3.9,738,2.8k,52,14,39
1391,Bitwise Solutions,3.7,738,4.4k,56,5,120
1392,Indusind Marketing & Financial Services,3.7,737,1.6k,32,,60
1393,Veradigm,3.8,737,3.5k,43,37,7
1394,ffreedom app,3.5,737,1.4k,64,,1
1395,Hapag-Lloyd,3.9,736,2.9k,29,1,72
1396,BDO,3.1,736,5.2k,53,3,17
1397,Amadeus,3.7,736,6.9k,121,32,93
1398,Galfar,3.9,736,1.8k,31,,81
1399,Bses Rajdhani Power,3.8,737,2.6k,53,2,62
1400,Wapcos,3.3,735,2.2k,37,,38
1401,Alivus Life Sciences,3.8,733,4k,40,8,42
1402,Mott MacDonald,4.0,733,2.6k,55,206,48
1403,Reliance BP Mobility,3.6,733,2.6k,69,4,20
1404,Prince Pipes & Fittings,4.2,732,2.3k,40,11,55
1405,Vaaman Engineers,3.8,732,2.1k,69,5,55
1406,Integreon,3.2,731,3.8k,55,56,84
1407,National Informatics Centre,3.9,730,4.1k,41,,24
1408,Consero Global Solutions,3.5,731,3.4k,106,2,23
1409,EMERSON PROCESS MANAGEMENT,4.1,730,4.3k,62,,76
1410,Dineshchandra R. Agrawal Infracon,4.0,730,2.4k,53,26,33
1411,JM Financial,3.8,729,3.8k,55,7,33
1412,Bunge India,4.0,729,3k,49,408,59
1413,Sun Life Financial,3.8,728,4.2k,53,83,111
1414,CMS Computers Limited (INDIA),3.6,729,3.1k,42,8,52
1415,Primus Global Technologies,3.7,729,3k,24,26,61
1416,Universal Sompo General Insurance,4.3,734,2.1k,122,1,42
1417,LifeCell International,3.4,727,2.8k,51,8,70
1418,GirnarSoft,3.6,724,3.3k,35,7,98
1419,Deepak Nitrite,4.0,725,3k,52,14,69
1420,Isuzu Motors,4.1,723,2.9k,50,2,88
1421,UnitedLex,2.8,723,3.6k,72,69,58
1422,India Japan Lighting,4.1,723,2.5k,60,,67
1423,Zee Entertainment Enterprises,3.5,723,4.3k,54,62,49
1424,Religare,3.7,724,2.5k,32,5,29
1425,VA Tech Wabag,3.8,723,2.8k,54,13,87
1426,TO THE NEW,3.6,722,5.5k,147,23,93
1427,Wipro Digital,3.6,720,7k,81,,78
1428,ManipalCigna Health Insurance,3.7,720,2.8k,42,88,42
1429,DuPont,4.2,720,3k,45,3,91
1430,BCD Travel,4.3,722,1.8k,132,29,36
1431,Rackspace,3.7,719,4.3k,82,,55
1432,Rane (Madras),3.8,718,2.2k,41,19,62
1433,Adidas,3.9,717,3.6k,79,27,60
1434,Ugro Capital,3.7,716,2.6k,40,7,23
1435,Livguard,3.9,716,2.2k,41,,13
1436,Biba Apparels,3.5,715,2.2k,46,,65
1437,Hiranandani Financial Services,4.4,714,914,65,15,14
1438,Ramkrishna Forgings,3.4,714,2.8k,62,,52
1439,Celebal Technologies,3.0,714,4k,128,21,13
1440,Steel Authority Of India,4.0,712,2.1k,46,,57
1441,Aequs,3.4,767,3.1k,53,14,48
1442,XcelServ Solutions,4.4,711,421,11,,11
1443,Boeing,3.8,711,6.6k,98,30,62
1444,Z X Learning,4.4,711,358,44,,177
1445,Expleo Solutions,3.5,710,4.6k,72,,27
1446,Greenply,3.8,710,2.3k,56,8,49
1447,Sykes Business Services Of India,3.3,710,2.6k,53,,205
1448,uFaber,2.2,710,1.4k,54,,57
1449,Regulated Council of Immigration Consultants,5.0,709,,,,
1450,Smollan Group,3.9,708,1.8k,45,15,37
1451,Neuland Laboratories,4.0,708,2.9k,51,9,71
1452,Molex,3.9,706,3.7k,65,10,62
1453,V-Trans,3.8,706,1.8k,34,,51
1454,ASG Eye Hospital,3.5,705,1.7k,59,66,39
1455,Care Hospital,4.0,705,2.1k,31,94,65
1456,Embibe,3.4,704,2.7k,61,,84
1457,Lenovo,4.0,704,3.9k,49,5,58
1458,NecLife,3.6,703,2.3k,62,2,55
1459,RITES,3.9,702,2.4k,36,3,60
1460,Ag Industries,4.0,698,2.8k,49,,58
1461,Protiviti,3.1,697,4.7k,68,23,25
1462,Redcliffe Labs,4.0,698,1.8k,58,27,56
1463,BDO India LLP,3.3,698,3.9k,87,113,41
1464,Rentokil Pest Control,3.6,697,2k,42,305,71
1465,TDK India Private Limited,3.8,697,2.2k,44,,58
1466,McKinsey & Company,3.8,697,8.1k,246,7,63
1467,Ameriprise Financial,3.7,696,4.9k,71,,96
1468,TCNS Clothing Company,4.1,695,1.6k,25,,61
1469,Mitsubishi Electric India,4.2,696,2.8k,41,5,57
1470,Bikanervala,3.9,697,2k,28,1,61
1471,BSH Home Appliances Group,3.9,695,2.3k,38,18,5
1472,Google Operations Center,3.6,696,3.5k,96,,43
1473,LG Soft India,2.9,694,4.4k,105,1,66
1474,Toppr,3.4,693,3.3k,66,,94
1475,Kurlon,4.3,693,2.1k,37,,88
1476,Evision Technoserve,4.8,692,206,274,,23
1477,Sterlite Power,4.0,692,3.1k,36,32,68
1478,Medreich,3.9,691,2.8k,57,2,69
1479,Mynd Solutions Private,3.6,691,3.2k,32,,42
1480,Medreich,3.9,691,2.8k,57,2,69
1481,Turtlemint,3.6,691,2.4k,50,11,28
1482,Tavant Technologies,3.9,691,6.1k,81,13,88
1483,Lovely Professional University,3.4,689,1.9k,58,17,48
1484,Nvidia,3.5,689,5k,123,134,69
1485,The Akshaya Patra Foundation,4.3,689,1.9k,41,17,62
1486,Raychem RPG,3.7,689,2.4k,30,2,91
1487,Transsion,4.0,689,2.6k,36,3,70
1488,Thriveni Earthmovers,4.0,688,2.5k,57,,86
1489,Delta Electronics,3.9,687,3.5k,63,3,41
1490,Experis IT,3.0,687,2.9k,53,,35
1491,Transrail Lighting,4.0,687,2.4k,55,,47
1492,Bristlecone,3.6,686,6k,65,5,56
1493,HSBC Bank,3.9,684,3k,39,,20
1494,Csc E Governance Services,3.8,684,1.7k,44,6,43
1495,Titan Eye Plus,4.1,685,1.4k,33,,57
1496,NSB Bpo Solutions,2.9,683,1.7k,35,,37
1497,Stellantis,3.4,684,4.6k,60,3,17
1498,Ramky Infrastructure,4.2,683,1.8k,51,,64
1499,Padget Electronics,3.9,682,2.5k,75,,24
1500,Mindsprint,3.7,682,3.7k,66,68,102
1501,AI Airport Services,3.3,682,1.6k,45,,3
1502,Bahwan CyberTek,3.4,682,4.6k,53,34,24
1503,Caparo Engineering India,4.0,681,2.5k,32,,62
1504,Flash Electronics,3.6,681,2.5k,34,,60
1505,Writer Information Management Services,3.2,681,2.6k,36,,26
1506,Goodyear,3.6,680,2.6k,68,3,49
1507,B. G. Shirke Construction Technology,4.2,680,2.7k,42,6,84
1508,Gartner,3.8,680,6.3k,93,51,23
1509,HRH Next Services,2.9,680,2k,50,10,52
1510,Writer Corporation,3.4,679,2k,34,26,31
1511,Koch Business Solutions,3.2,679,4.8k,66,1,44
1512,Testbook.com,3.4,678,4.4k,107,,22
1513,Moglix,3.3,679,3.5k,63,18,48
1514,Visteon,3.2,678,4.5k,59,35,47
1515,Amrit Cement,4.0,678,1.4k,78,20,30
1516,North East Small Finance Bank,3.6,678,1.8k,29,6,42
1517,Wuerth,3.6,677,2.3k,45,13,74
1518,Neeyamo Enterprise Solutions,3.5,677,4k,63,8,69
1519,Apple,4.3,676,5k,159,216,51
1520,Eugia Pharma Specialities,4.0,677,2.6k,41,,28
1521,Vindhya Telelinks,4.0,676,2k,44,,34
1522,Future Supply Chain Solutions,4.3,674,2.2k,22,,91
1523,Electrosteel Casting,3.8,674,2.6k,52,,40
1524,Bharat Serums and Vaccines,4.0,674,2.3k,30,20,62
1525,Bayer Crop Science Vegetable Seeds,4.2,674,899,37,,3
1526,Bisk Farm,4.0,674,1.6k,29,10,46
1527,Asb International,3.6,674,2.7k,32,,51
1528,Snapdeal,3.8,673,2.7k,76,28,119
1529,Volkswagen Group Technology Solution,3.9,673,4.2k,74,9,15
1530,Patel Engineering,4.0,673,2.2k,44,,54
1531,Genus Power Infrastructures,3.9,672,2.8k,65,,49
1532,Government of India,4.2,671,3.7k,64,,85
1533,URC Construction,3.7,671,2.4k,65,7,32
1534,TTK Prestige,3.8,673,2.4k,46,5,49
1535,Orient Cement,4.4,672,2.4k,47,,80
1536,Micro Turners,3.8,671,2.2k,36,,49
1537,Infor Global Solution,3.9,671,6.3k,82,,66
1538,Cohesity,3.9,671,5k,85,10,83
1539,DAV Public School,4.0,669,1.3k,33,,84
1540,Quess IT Staffing Solutions,3.1,670,1.6k,42,,9
1541,Home First Finance Company India,3.6,670,2.3k,63,304,27
1542,Razorpay,3.4,669,6k,168,58,40
1543,Redington,4.0,668,3k,37,1,67
1544,Ness Digital Engineering,3.4,669,5.4k,66,26,9
1545,Medtronic,3.9,669,4.4k,79,322,62
1546,Doosan Power Systems,4.3,668,2.5k,44,,82
1547,ChannelPlay,3.8,668,1.9k,27,138,91
1548,Cotiviti,3.6,667,4.3k,86,26,53
1549,Eastman Auto and Power Limited,3.9,668,1.9k,88,13,15
1550,Kutumbh Care,4.0,667,1.6k,33,,56
1551,IHG,3.6,667,2.6k,39,20,87
1552,Radico Khaitan,4.1,665,2k,61,,34
1553,PPG Asian Paints,3.9,665,2.7k,42,,64
1554,Diebold Nixdorf,3.6,665,3.5k,53,25,87
1555,Aurigo Software Technologies,4.5,664,927,35,13,136
1556,Nippon Koei India,4.8,668,1.1k,77,1,27
1557,Healthians,4.2,665,1.9k,132,,24
1558,BASF,4.2,663,2.4k,33,5,67
1559,Central Bank of India,3.9,665,1.4k,40,,36
1560,Keventer,3.8,663,2.1k,33,7,58
1561,BASF,4.2,663,2.4k,33,5,67
1562,CtrlS,3.6,663,3k,52,10,86
1563,Solv,3.5,662,1.7k,41,2,18
1564,YOKOGAWA,3.8,662,3.6k,59,92,74
1565,TVS Electronics,3.7,662,2.2k,31,3,63
1566,L&T Power,3.9,662,3.4k,37,,100
1567,Ascendion,3.4,662,3.1k,110,20,7
1568,VRL Logistics,3.7,661,1.6k,25,1,36
1569,Cogoport,3.2,661,1.8k,55,5,6
1570,Surya Roshni,4.1,660,2.1k,19,,50
1571,Rane NSK Steering Systems,4.0,659,1.9k,39,,64
1572,Housing.com,3.6,659,2.9k,76,45,68
1573,Vizag Steel,4.0,659,1.6k,35,,53
1574,Osource Global,3.5,660,2.7k,27,13,3
1575,PeopleStrong,3.4,658,3.1k,54,1,46
1576,Nephroplus,3.8,658,3k,48,76,39
1577,ExportersIndia,4.9,659,131,32,10,11
1578,Lionbridge Technologies,3.6,658,3.7k,50,4,59
1579,Sandvik Asia,4.1,657,1.6k,33,1,94
1580,Blue Yonder,3.6,658,6.8k,68,142,67
1581,SG Analytics,2.6,657,3.4k,80,6,50
1582,Lionbridge Technologies,3.6,658,3.7k,50,4,59
1583,Dhanuka Agritech,3.7,657,1.8k,47,,60
1584,Emami Agrotech,3.9,657,2.5k,43,,54
1585,EPL Limited,3.8,657,1.8k,29,,70
1586,Technotask Business Solutions,3.6,660,1.9k,62,19,12
1587,Videocon d2h,3.9,656,1.2k,28,,105
1588,Nomura Holdings,3.7,655,6.7k,75,262,84
1589,R.V.R. PROJECTS,3.9,655,1.6k,58,6,29
1590,Quislex Legal Services,4.0,654,1.8k,36,,55
1591,Qatar Airways,3.5,654,2k,62,25,63
1592,MPS Limited,3.5,653,2.9k,37,23,41
1593,Tredence,3.4,653,5.7k,146,74,44
1594,Dodla Dairy,4.2,654,1.9k,42,16,55
1595,Ingram Micro,3.7,653,3.2k,32,,66
1596,Saint Gobain Glass,3.8,652,1.9k,28,,1
1597,Leverage Edu,4.1,651,1.7k,67,51,10
1598,Bridgestone - Global Capability Center,4.0,651,2.6k,47,15,59
1599,PrimEra Medical Technologies,3.6,650,3.4k,71,35,42
1600,Samunnati,4.5,650,866,48,2,286
1601,Orient Technologies,3.6,648,2.8k,46,9,42
1602,Jubilant Ingrevia,3.8,648,2.8k,50,,21
1603,TIAA Global Business Services,3.7,649,4.9k,51,2,122
1604,Trianz,3.3,648,4.6k,61,17,60
1605,R.S. Infraprojects,4.0,647,1.6k,36,2,60
1606,Autoliv,4.0,648,2.7k,41,,56
1607,PCBL Chemical Limited,4.0,646,2.5k,72,9,47
1608,Marlabs,3.5,646,5.1k,40,4,47
1609,Omaxe,4.2,646,2.1k,39,6,52
1610,Epicenter Technologies,3.3,645,2.3k,40,6,76
1611,BankBazaar,3.3,645,2.9k,57,,62
1612,Patel Infrastructure Limited,3.9,644,2k,32,12,70
1613,Corteva Agriscience,4.2,645,2.6k,38,4,54
1614,Optimum Infosystem,3.2,643,3.4k,57,38,17
1615,Office Beacon,4.6,643,742,64,1,11
1616,Lohia Corp,3.9,643,2.4k,69,1,40
1617,Mahindra Integrated Business Solutions,3.5,641,2.4k,43,4,22
1618,Tata Power Delhi Distribution,3.7,640,2.8k,33,,62
1619,Data Entry,4.3,640,1.9k,122,7,50
1620,Alshaya Group,3.7,639,2.3k,48,,83
1621,Progressive Infovision,3.8,640,1.1k,42,,71
1622,Capco Technologies,3.7,639,4.6k,88,153,46
1623,ReSource Pro,3.8,637,3k,122,48,49
1624,Nihilent,3.2,636,5k,65,32,51
1625,Fiat India Automobiles,3.6,637,2.2k,43,1,58
1626,Centaur Pharmaceuticals,3.5,635,2.8k,31,4,43
1627,Pennar Industries,3.4,634,2.9k,35,6,62
1628,Times Group,3.7,634,4.7k,31,11,74
1629,Welspun World,3.6,634,2.4k,56,66,81
1630,Yatra,3.3,633,3k,34,2,58
1631,Mindarika,4.0,634,2k,47,,57
1632,DeHaat,3.6,633,1.9k,65,16,21
1633,The Lalit,3.6,633,1.6k,26,10,81
1634,Indorama,3.9,633,2.2k,38,3,36
1635,SMC Global Securities,3.5,633,2.5k,54,10,26
1636,InternEzy,4.9,632,5,69,4,97
1637,Quality Austria Central Asia,3.5,633,1.8k,25,20,53
1638,TransUnion,3.7,632,5.7k,100,24,55
1639,Neurealm,3.4,631,5.2k,76,53,44
1640,TransUnion,3.7,632,5.7k,100,24,55
1641,Licious,3.6,631,2.8k,72,17,84
1642,Wissen Infotech,3.5,632,4.5k,59,39,57
1643,My Home Industries,4.0,630,2.2k,43,3,60
1644,Karvy Stock Broking,3.6,629,1.6k,9,,70
1645,Magic Edtech,3.6,630,3.6k,80,,21
1646,TCI Express,3.9,628,1.8k,42,,53
1647,Encore Capital Group,3.9,628,2.2k,36,,83
1648,Crowne Plaza,4.1,628,1.3k,22,,111
1649,Mount Litera Zee School,3.7,629,1.5k,39,14,69
1650,NoBrokerHood,2.8,628,2k,65,7,210
1651,JSW Energy,4.1,627,3.2k,49,,35
1652,HCL Healthcare,4.6,627,915,120,14,19
1653,Y-Axis Overseas Careers,3.6,626,1.4k,46,5,237
1654,Shivalik Small Finance Bank,3.8,626,1.6k,62,8,46
1655,Tejas Networks,3.8,626,3.7k,87,,27
1656,Vasudha Pharma Chem,4.0,627,2.2k,32,5,62
1657,Kissht Finance,3.8,626,2k,56,25,45
1658,Electrotherm,4.2,625,2.8k,39,4,56
1659,NICE,3.5,624,4.2k,97,42,63
1660,Forbes Marshall,3.9,624,2.6k,45,16,54
1661,CJ Darcl Logistics Limited,4.0,623,1.8k,43,,45
1662,Krsnaa Diagnostics,3.7,623,1.5k,45,8,31
1663,Talentpro,3.8,623,2.3k,31,181,49
1664,ICA Edu Skills,3.8,624,1.4k,40,6,57
1665,Petpooja,3.9,623,1.5k,59,42,73
1666,Magic Bus India Foundation,3.8,623,1.6k,44,29,38
1667,Inspirisys Solution,3.7,622,3.6k,59,47,26
1668,Continental,3.7,621,3.5k,56,21,48
1669,Carrier,3.7,621,4.3k,54,1,42
1670,RealPage,3.6,621,3.9k,76,16,54
1671,Elite Elevators,4.1,620,931,49,1,71
1672,3M,4.0,620,3.1k,38,89,63
1673,Ebixcash Global Services,3.2,620,2.1k,55,,11
1674,Welspun Corp,4.0,620,2k,33,,41
1675,NRB Bearings,4.1,621,2k,47,,66
1676,Hitachi Systems Micro Clinic,4.0,619,2.8k,31,2,70
1677,JoulestoWatts Business Solutions,3.5,619,3.1k,61,1,11
1678,Ramboll,4.0,620,3.1k,42,30,66
1679,ANAROCK Property Consultants,3.5,619,2.8k,60,33,33
1680,Vikram Solar,3.6,619,2.2k,36,5,52
1681,GKN,3.8,618,2.3k,32,28,80
1682,CSC,3.6,619,4.2k,66,44,4
1683,Philips Innovation Campus,3.7,618,4.3k,55,,46
1684,Turbo Energy,4.2,618,2k,23,,76
1685,Surin Automotive,3.8,617,2k,48,,25
1686,Shalby Hospitals,4.1,618,2k,64,47,48
1687,Varthana,4.0,617,1.4k,43,13,55
1688,B.L. Kashyap & Sons,3.8,616,1.7k,62,17,52
1689,TVS Eurogrip,3.6,616,2.1k,30,,38
1690,Careon Healthcare Solutions,3.8,620,2.6k,9,1,7
1691,Tecnimont,3.9,615,2.7k,39,84,61
1692,MothersonSumi INfotech & Designs,3.4,615,3.8k,37,12,58
1693,Corporate Infotech,3.7,615,2.1k,79,9,17
1694,Sanghi Industries,4.0,614,2.2k,75,,71
1695,Khazana Jewellery,3.9,614,1.6k,63,23,55
1696,Suraksha Diagnostic,3.7,613,1.5k,48,10,41
1697,Allcargo Logistics,3.7,612,2.4k,36,19,46
1698,Hetero Healthcare,3.6,612,2.2k,35,9,44
1699,Narayana e-Techno School,3.7,613,1.9k,48,,23
1700,Shivam Autotech,3.6,611,2.3k,36,,46
1701,Manjushree Technopack,3.5,611,2.7k,43,2,52
1702,Emids Technologies Limited,3.6,610,5.1k,49,25,67
1703,Livpure,3.9,610,1.8k,36,12,47
1704,LEAP India Limited,4.6,624,1.2k,26,3,30
1705,Collegedunia,2.9,609,3.3k,107,33,35
1706,Netmeds.com,3.8,609,2.3k,48,,31
1707,FCC Clutch,3.8,609,2.2k,41,,37
1708,Trigent Software,3.3,608,3.8k,76,4,38
1709,Impetus Technologies,3.4,608,5.9k,113,27,54
1710,Avalon Technologies,3.8,608,3.3k,40,16,44
1711,Airports Authority of India,4.1,608,1.8k,48,,66
1712,Dhani Services,3.7,607,1.2k,22,1,5
1713,Okaya Power,3.7,607,2.1k,37,12,47
1714,Me n Moms,4.2,607,1.1k,124,,34
1715,ShareChat,3.6,606,2.5k,86,16,43
1716,Gainwell Commosales,4.1,606,2.2k,45,2,49
1717,Sapphire Foods India,3.8,606,1.9k,34,20,51
1718,Geojit Financial Services,3.3,606,2k,51,11,47
1719,Columbia Asia,4.6,605,1.4k,19,,99
1720,Ugam Solution,3.5,605,3.5k,51,13,96
1721,Pyramid IT Consulting,3.0,605,2.7k,26,1,44
1722,ACKO,3.6,604,2.9k,58,4,27
1723,Varun Motors,3.8,604,2k,21,1,52
1724,Danfoss Industries,3.9,605,3.2k,43,22,64
1725,South Indian Bank,3.3,604,2.9k,47,,37
1726,Reliance Jewels,3.9,604,1.3k,36,,48
1727,CSM Technologies,4.0,604,2.1k,34,5,22
1728,Family Health Plan,3.8,606,2k,44,4,34
1729,Polaris Consulting,4.0,603,2.9k,33,3,87
1730,Suma Soft,3.5,603,3.1k,51,13,43
1731,Suroj Buildcon,4.1,603,1.6k,30,3,55
1732,Kaizen IT Services,4.0,602,1.2k,34,6,18
1733,Dr. Batras' Positive Health Clinic,3.7,602,1.1k,19,16,33
1734,NetConnectGlobal,3.1,602,2.6k,31,37,29
1735,Central Reserve Police Force,4.6,602,1.3k,9,,41
1736,ThoughtWorks,3.9,602,6.5k,168,5,48
1737,HDFC Asset Management Company,4.1,602,2.4k,42,,26
1738,Shriram Automall,4.0,602,1.3k,46,,114
1739,Global Healthcare Billing Partners,3.4,602,3.5k,42,97,14
1740,UKB Electronics Limited,3.7,602,2.2k,48,1,94
1741,Carnival Cruise Lines,4.2,602,693,21,,77
1742,Jain Irrigation Systems,3.8,601,1.9k,31,,50
1743,Nucleus Software Exports,3.4,600,4.2k,46,19,74
1744,Royal Caribbean International,4.2,600,739,29,,64
1745,Ongc Petro Additions,4.0,600,3.3k,34,,76
1746,Agrostar,3.9,600,1.5k,61,19,66
1747,ITC Limited Foods Division,3.9,600,1.9k,65,,67
1748,TDS Lithium-Ion Battery,4.2,600,2k,92,,27
1749,Royaloak Incorporation,3.7,600,1.5k,38,20,13
1750,Gestamp,3.6,600,2.1k,22,12,65
1751,National Stock Exchange of India,3.6,599,4.3k,54,6,34
1752,Sudarshan Chemical Industries,3.9,599,2.6k,33,8,47
1753,Sintex Industries,4.0,599,2k,24,2,54
1754,Bridge & Roof Co,3.5,599,2.6k,26,,102
1755,Holiday Inn,4.1,599,1.4k,16,,73
1756,Sl Lumax,3.5,599,2.4k,28,2,88
1757,Kajaria Ceramics,3.8,598,2k,30,1,50
1758,Fiem Industries,3.6,598,2.6k,26,,52
1759,IRB Infrastructure,3.9,598,1.4k,28,27,58
1760,Monte Carlo,4.2,597,2.4k,32,,44
1761,Becton Dickinson,4.0,597,3.3k,35,94,46
1762,Grab A Grub Services,3.9,598,1.9k,35,1,30
1763,Einfochips,3.5,596,3.7k,75,60,52
1764,Super Smelters,3.8,596,2k,40,3,43
1765,Godrej Industries,4.0,595,2.8k,56,138,63
1766,Renovision Automation Services,3.3,594,1.8k,23,61,41
1767,Kellogg,4.2,594,2.2k,30,,74
1768,GlobalData,3.3,594,3.5k,62,7,57
1769,Annalect,3.4,593,4k,81,34,17
1770,Chaitanya India Fin Credit,4.0,593,1.4k,35,3,25
1771,EaseMyTrip.com,4.0,593,1.4k,59,70,216
1772,Sasken,3.6,592,4k,89,54,49
1773,IDBI Intech Limited,3.2,592,2.9k,51,2,46
1774,Serum Institute of India,4.2,592,3.1k,40,,57
1775,Finolex Industries,3.6,592,2.3k,47,1,22
1776,BMC Software,4.1,591,3.8k,52,66,78
1777,Mavenir Systems,3.3,591,3.5k,61,2,47
1778,Excitel Broadband,3.6,591,1.9k,55,2,28
1779,Finova Capital,3.9,590,1.4k,24,2,20
1780,Revolut,2.6,591,2.4k,113,,1
1781,Wissen Technology,3.8,590,4.6k,187,80,65
1782,AVTEC,3.5,590,2.1k,26,8,56
1783,Aster Dm Healthcare,3.7,589,2.7k,50,155,34
1784,bp,3.7,588,3.6k,81,22,22
1785,Finastra,3.7,589,4.4k,56,28,71
1786,Coal India,4.0,588,1.8k,50,,68
1787,SOLAR INDUSTRIES INDIA,3.7,587,2.7k,68,6,43
1788,Saudi Aramco,4.5,587,1.4k,58,,80
1789,Cyfuture,3.0,586,2.6k,108,36,73
1790,Ferrero,3.9,585,1.9k,29,10,63
1791,Blackberrys,3.8,584,1.8k,31,11,49
1792,Schwing Stetter,3.9,584,2.4k,44,108,49
1793,VDA Infosolutions,3.9,584,1.9k,53,3,25
1794,Medley Pharmaceuticals,3.9,585,1.8k,37,10,41
1795,CSG International,3.5,584,4k,57,,46
1796,Vedanta Limited,3.8,584,2.6k,51,,47
1797,BT E Serv,4.0,584,2.6k,52,,132
1798,Hamilton Housewares,3.8,583,2.5k,39,6,30
1799,Jubilant Generics,3.9,584,2.3k,20,,69
1800,Medcode,4.1,583,322,11,8,7
1801,Jayaswal Neco Industries,4.0,583,2k,35,,47
1802,Kirloskar Ferrous Industries,3.6,583,2k,31,2,31
1803,Micromax Informatics,3.8,581,1.3k,22,,95
1804,Inspira Enterprise India Limited,3.6,581,3.4k,50,12,39
1805,Vedang Cellular Services,3.9,581,1.7k,28,1,35
1806,Affinity Express,2.8,581,2.5k,37,,41
1807,Quest Retail Private Limited,4.1,581,919,15,,244
1808,Maxicus,4.0,581,669,131,12,76
1809,United Colors of Benetton,4.3,579,1.3k,23,,68
1810,Sigma Engineered Solutions,3.9,579,2.3k,29,,15
1811,Cashify,3.8,579,2.4k,48,17,35
1812,Vadilal Industries,4.1,578,1.7k,35,19,64
1813,InsuranceDekho,3.5,578,2k,79,22,7
1814,DealShare,3.5,578,2.5k,41,,35
1815,Toyoda Gosei Minda,4.2,577,1.7k,31,,52
1816,Efs Facilities Services,3.7,577,1.3k,29,16,57
1817,Bharat Biotech International,3.2,577,2.1k,61,4,37
1818,Hpl Electric & Power,3.7,577,2.1k,65,1,23
1819,HLL Lifecare,3.7,576,1.7k,44,7,40
1820,Jindal Poly Films,3.6,576,2.4k,39,,52
1821,IDP Education Limited,3.6,576,2.5k,67,17,48
1822,Heidelberg Cement,4.1,577,1.9k,35,1,40
1823,IKEA,3.9,576,2.1k,46,,55
1824,DHL Global Forwarding,4.0,575,3.1k,39,3,74
1825,Ofbusiness,3.0,575,2.5k,50,22,19
1826,Jubilant Agri and Consumer Products,4.0,575,1.8k,36,,29
1827,GAMMON INDIA,3.7,574,1.1k,31,,75
1828,Action Tesa,3.8,574,1.3k,43,16,11
1829,Hilton,4.2,573,1.5k,25,286,67
1830,BEML,3.8,573,1.6k,28,,59
1831,WayCool Foods and Products,3.4,572,2.8k,42,,34
1832,Matrimonialsindia,4.9,573,117,13,7,6
1833,BDO RISE Private Limited,3.6,575,2.5k,67,17,7
1834,EdgeVerve Systems,3.3,572,3.9k,67,55,69
1835,AVEVA,4.0,572,1.8k,30,58,306
1836,HBL Power Systems,4.0,571,2.1k,32,14,53
1837,Mrs Bector's Food Specialities,3.9,569,1.7k,28,9,33
1838,SoftAge Information Technology,3.6,570,888,22,7,66
1839,Nspira Management Services,3.7,568,2.4k,35,22,23
1840,Nippon Life India Asset Management,4.5,568,1.5k,43,101,21
1841,Consulting Engineers Group,4.1,569,1.6k,45,7,37
1842,Amway India Enterprises,4.0,568,2.1k,16,4,84
1843,PTC,4.2,568,3.9k,68,93,56
1844,TSYS|Total System Services,4.1,567,4.1k,65,,10
1845,Crystal Crop Protection,3.8,566,1.8k,24,,43
1846,Maharashtra State Electricity Distribution Company,4.2,566,1.1k,23,,42
1847,Axiscades,3.0,566,3.7k,60,1,31
1848,Cvent,3.2,566,4.4k,100,182,55
1849,NLC India Limited,4.4,569,1.1k,28,,23
1850,Toothsi,2.7,565,2.2k,64,1,21
1851,Anmol Industries,3.9,566,1.7k,61,,48
1852,Wood Group,3.7,566,2.6k,64,3,25
1853,Blackrock,3.6,564,6.3k,118,,62
1854,ABIS Exports,3.8,564,1.8k,44,,20
1855,Perficient,3.7,563,4.2k,44,9,31
1856,Army Public School,4.0,563,1.1k,41,,54
1857,Pamac Finserve,3.2,563,1.6k,28,1,25
1858,Sapiens,3.2,565,5.1k,65,8,64
1859,AVIOM,4.0,563,1.2k,31,1,14
1860,Rane (Madras) Limited - Engine Components Division,3.8,562,1.9k,31,,58
1861,Dishman Carbogen Amcis,3.6,562,2.1k,34,21,28
1862,Myk Laticrete,3.9,561,2k,25,31,27
1863,United Spirits,4.2,561,1.5k,14,3,70
1864,Accion Labs,3.5,560,4.7k,80,53,43
1865,Courtyard by Marriott,4.1,560,1.1k,23,,84
1866,Pinnacle Infotech,3.4,559,2.8k,59,25,56
1867,Colt Technology Services,4.2,559,3.1k,25,7,81
1868,Dr. Reddy's Foundation,3.7,560,1.7k,54,22,75
1869,Gandhi Automations,3.9,558,1.3k,37,17,101
1870,APL Apollo Tubes,4.0,558,1.9k,44,7,21
1871,Pathkind Diagnostics Private Limited,3.9,558,1.8k,49,7,48
1872,Genesys International Corporation,3.5,558,2.5k,21,6,51
1873,J K Fenner,3.9,557,1.9k,34,6,46
1874,BAXY,4.1,559,2k,23,,47
1875,Toyota Industries Engine India,4.3,557,1.5k,31,,67
1876,Hettich,3.7,557,2.3k,37,14,36
1877,Baker Hughes,4.1,556,4k,65,52,58
1878,PayU Payments,3.4,557,4.1k,63,123,49
1879,PureSoftware,3.0,556,3.6k,63,93,36
1880,McCain Foods,4.0,555,1.6k,36,2,47
1881,Orra Fine Jewellery,3.4,555,1.6k,46,36,27
1882,Levi Strauss & Co.,4.2,555,1.9k,28,24,65
1883,Belstar Microfinance,4.0,555,1.4k,39,,9
1884,Eli Lilly and Company,3.5,554,4.4k,80,78,62
1885,Transport Corporation Of India,3.8,554,1.8k,36,,60
1886,Lear Corporation,4.0,554,2.9k,23,8,66
1887,Applied Materials,3.6,554,4.5k,86,196,59
1888,Apitoria Pharma,4.2,553,683,36,4,18
1889,Capital Numbers Infotech,4.2,553,1.2k,45,29,86
1890,Damco Solutions,3.6,552,2k,42,27,21
1891,Ascent HR Technologies Private Limited,3.6,555,1.7k,36,6,19
1892,Herbalife International,4.0,552,2.5k,29,18,47
1893,Voyants Solutions,3.7,551,1.6k,56,191,29
1894,Expleo Group,3.4,552,5.4k,45,27,22
1895,Sterling Oil Exploration & Energy Production,3.6,551,1.2k,66,3,25
1896,Gayatri Projects,4.0,550,1.8k,39,6,78
1897,General Motors,4.1,550,2.1k,34,1,86
1898,Aurionpro Solutions,3.5,550,3.4k,34,11,31
1899,Allianz Services,4.2,549,2.3k,30,14,48
1900,Solara Active Pharma Sciences,3.6,549,2.8k,43,,55
1901,Bajaj Consumer Care,3.8,550,1.3k,33,5,43
1902,Prochant,3.9,548,2.1k,66,46,33
1903,Western Refrigeration,3.8,548,2.2k,40,5,37
1904,Wabtec,3.9,548,3.2k,55,,31
1905,The Saraswat Co-operative Bank,3.2,548,2.7k,25,3,25
1906,Lulu International Shopping Mall,3.8,548,2.3k,41,,20
1907,Practo,3.0,546,2.9k,79,56,63
1908,Unimoni,3.9,545,2k,18,2,26
1909,Inox Wind,3.8,545,1.7k,46,,69
1910,Paras Dairy,3.5,545,1.6k,27,1,50
1911,Empower,4.0,546,3.9k,57,18,39
1912,Congruex Asia Pacific,3.7,545,2.2k,65,1,38
1913,Dhani Healthcare,3.5,544,2.3k,59,,55
1914,BUSINESSNEXT,3.5,544,3.8k,74,33,21
1915,DB Schenker,4.3,544,2.2k,23,,48
1916,Bharti Infratel,4.6,543,1.1k,6,,73
1917,Utility Powertech,3.8,543,1.8k,30,,36
1918,L & W Constructions,3.8,544,1.8k,27,,42
1919,HUDL,3.1,544,1.8k,62,2,30
1920,Innominds Software,3.3,542,4.5k,48,27,31
1921,RMC Readymix,3.7,542,1.4k,42,5,54
1922,Telenor,4.1,542,580,9,,106
1923,UTL Solar,3.6,542,1.7k,56,44,27
1924,Vestige,4.2,541,1.4k,40,,80
1925,Renault,4.1,541,1.8k,31,,47
1926,Maini Precision Products,3.4,541,2.8k,40,16,39
1927,Andritz Hydro Location India,3.8,541,2.6k,33,4,42
1928,Marelli,3.6,541,2.7k,43,1,68
1929,Mahendra NextWealth IT,3.4,540,1.8k,25,8,16
1930,Maxop Engineering Co.,4.1,540,2.3k,44,5,30
1931,Exicom,4.0,541,2.5k,42,12,45
1932,HashedIn by Deloitte,4.0,540,5.1k,136,2,44
1933,Alcon,3.8,540,2.8k,41,54,44
1934,Kiya.ai,3.6,542,4.1k,51,156,27
1935,RAK Ceramics,3.8,540,1.6k,32,2,48
1936,Sandoz,4.0,539,2.3k,24,7,46
1937,Navin Fluorine International,3.8,539,2.6k,28,6,44
1938,ArcelorMittal,4.1,539,2.6k,38,6,23
1939,Prestige Group,4.3,539,2.5k,44,4,52
1940,Kellogg Brown and Root,4.1,539,2.2k,40,90,50
1941,FiveS Digital,3.4,538,1.4k,53,12,5
1942,Iron Mountain Inc,3.8,541,2.9k,29,8,48
1943,CTS Consulting & Technical Support,3.7,538,6.9k,172,,72
1944,Sir H. N. Reliance Foundation Hospital and Research,4.3,538,1.1k,127,12,9
1945,Paramount Health Services Tpa,3.8,538,2.3k,33,21,37
1946,Harman Finochem,3.7,538,2.8k,42,8,32
1947,QSpiders,3.7,538,1.7k,92,93,19
1948,"DATAMARK, Inc.",3.5,537,1.6k,31,46,46
1949,Cpf India,4.0,539,1.6k,25,,60
1950,The Times of India,3.6,537,2.8k,42,,53
1951,Offshore Infrastructures,4.2,537,1.7k,20,,60
1952,Medlife,3.7,536,2.1k,27,,60
1953,CompuCom,3.8,536,3.1k,37,7,60
1954,RuralShores,3.6,536,1.1k,22,,61
1955,Mr Cooper,4.0,536,3.2k,105,13,33
1956,Virtual Employee,3.3,536,3.1k,51,1,52
1957,Wow Momo Foods,3.5,535,1.8k,46,2,20
1958,Kirloskar Pneumatic,4.0,535,2.5k,36,2,42
1959,Vyapar,3.5,535,2k,68,60,37
1960,BLK Super Speciality Hospital,3.9,535,1.5k,33,,38
1961,Kauvery Hospital,4.0,535,2k,34,26,19
1962,RadiSys,3.8,534,2.3k,49,,54
1963,Hi Tech Gears,4.0,534,2.1k,29,,63
1964,Enco Engineers Combine,3.7,534,1.5k,29,,39
1965,SIS Prosegur Holdings,3.4,534,1.4k,17,6,42
1966,Craftsman Automation,3.8,534,2.3k,23,,58
1967,Sulzer,3.9,534,2.6k,35,2,60
1968,Yokohama,3.6,533,2k,25,,60
1969,Titan Engineering & Automation,3.9,533,2.6k,36,7,35
1970,Eicher Motors,4.1,534,1.5k,41,,43
1971,Maharashtra Seamless,3.4,597,1.9k,57,5,41
1972,Carlsberg,4.0,532,1.8k,35,4,57
1973,AM Infoweb,3.9,532,1.3k,86,36,47
1974,Infiniti Research,3.5,531,1.6k,37,12,68
1975,Maxgen Technologies,4.5,531,1.1k,14,,114
1976,MITS Global Consulting,4.5,531,857,37,,104
1977,Avaada Group,4.3,531,2k,46,1,33
1978,Country Delight,3.9,531,2.3k,39,1,11
1979,Systra Consulting,3.9,531,1.6k,36,101,57
1980,Roop Polymers,4.0,531,1.8k,28,,41
1981,DM Immigration Consultant,1.0,530,28,,,
1982,Fenesta Building Systems,4.0,530,1.8k,35,19,38
1983,Laxmi Organic Industries,3.9,530,2k,40,4,46
1984,Datamatics Business Solutions,3.3,531,2.4k,44,14,30
1985,Zolo,3.3,529,2.1k,58,29,36
1986,Stock Holding Corporation of India,3.6,529,1.7k,32,,43
1987,S P Singla Constructions,3.5,528,1.6k,37,,39
1988,House Of Anita Dongre,4.2,528,1.5k,18,3,60
1989,MAQ Software,2.9,527,3.6k,141,5,26
1990,Kidzee,3.9,528,1.2k,24,1,42
1991,LendingKart,3.5,527,2.6k,36,7,22
1992,Ambit Finvest,4.0,526,1.8k,24,4,14
1993,GSPANN Technologies,4.1,527,3.4k,46,63,32
1994,Bharat Fritz Werner,3.9,526,2.3k,32,1,47
1995,Groupm Media,3.7,526,3.8k,38,3,35
1996,OMICS International,2.5,525,1.8k,25,,60
1997,Dusters Total Solutions Services,3.9,525,1.5k,20,2,42
1998,Wellness Forever Medicare,3.8,525,1.7k,54,4,36
1999,Quikr,3.5,524,2.2k,33,10,57
2000,Capital Business Systems,3.6,526,1.5k,31,15,5
2001,Tracxn,2.9,524,2.4k,110,98,36
2002,Quikr,3.5,524,2.2k,33,10,57
2003,Tradeshala,4.5,523,33,118,,7
2004,Macawber Beekay,4.2,523,1.6k,21,14,62
2005,CDK Global,3.8,522,3.4k,40,34,69
2006,Ziqitza Health Care,3.9,522,1.2k,25,,71
2007,Reliance Life Sciences,3.6,523,2.5k,29,,56
2008,Sterling,4.0,522,1k,34,1,61
2009,FMC Corporation,3.9,522,1.7k,39,,47
2010,Celebi Aviation Holding,3.9,522,899,29,,1
2011,Jaipur Rugs,4.3,521,828,50,15,20
2012,Fena,4.1,521,1.4k,29,1,43
2013,Karvy Data Management Services,4.0,521,2.2k,16,,125
2014,Micron Electricals,4.0,522,2.3k,37,2,26
2015,Vimta Labs,3.4,521,2.1k,39,7,54
2016,Anudip Foundation,3.7,522,1.2k,158,24,37
2017,Infinity Learn,4.1,523,1.8k,77,60,6
2018,Canon,4.0,520,1.9k,22,12,61
2019,Mecon,3.9,520,1.6k,44,,35
2020,Welspun Enterprises,4.1,519,1.7k,51,,37
2021,Foray Software,3.4,519,3.6k,39,32,24
2022,EC-Council,4.1,519,2.4k,49,23,42
2023,Scaler Academy,3.5,519,2.4k,86,9,83
2024,MR.DIY,3.4,519,1.3k,45,5,9
2025,Ge India Industrial,4.1,518,2k,19,,21
2026,Ralson Tyres Limited,3.6,518,2k,43,9,30
2027,Uttar Pradesh Power Corporation,4.0,518,1.2k,10,,38
2028,Legrand,3.7,517,2.2k,25,,42
2029,ACTE,4.7,517,105,9,,173
2030,N.C.L. Industries,3.8,517,1.6k,37,2,38
2031,Vivanta by Taj,4.2,517,988,27,,75
2032,Emaar India Limited,3.6,517,2.3k,27,8,40
2033,Wockhardt Hospital,4.0,517,1.6k,22,20,61
2034,V.S.T Tillers Tractors,3.5,517,1.8k,39,6,36
2035,ATS Infrastructure,4.1,516,1.8k,31,,59
2036,Vishwa Samudra Engineering,3.7,519,1.5k,32,,11
2037,ExxonMobil,3.8,516,3.7k,80,357,57
2038,DFM Foods,4.0,516,1.6k,36,2,39
2039,Chaayos,3.4,515,1.5k,37,20,53
2040,Chaayos,3.4,515,1.5k,37,20,53
2041,Satyam Auto Components,3.9,516,2.2k,34,,40
2042,Hitachi Cash Management Services,3.3,515,1.2k,35,8,32
2043,Allianz Partners,3.8,515,2.5k,38,,31
2044,Zycus Infotech,2.7,515,3.2k,76,117,49
2045,AML RightSource,2.7,515,2.7k,50,43,8
2046,Coats,3.7,514,1.8k,24,48,46
2047,JK Tech,3.7,513,3.2k,36,4,30
2048,Vakrangee,3.8,513,1.1k,9,,66
2049,Nivea,4.1,513,1.7k,28,9,49
2050,Bharat Gears,4.0,513,2k,26,,43
2051,BOBCARD Ltd.,4.2,512,1.3k,29,59,18
2052,Magma General Insurance Limited,3.7,513,2.2k,30,59,34
2053,Metalman Auto,3.9,512,1.9k,24,5,34
2054,My Home Constructions,4.3,511,2.1k,34,8,29
2055,Regalix,2.8,510,2.8k,55,47,45
2056,Pitti Engineering,3.8,510,1.9k,27,,48
2057,GUS Education India,3.1,510,2.1k,47,10,17
2058,Hero Cycles,3.3,509,1.8k,50,3,36
2059,Williams Lea,3.6,509,3.1k,47,10,38
2060,C5i,4.0,511,2.8k,54,31,33
2061,Brigade Group,4.1,509,2.5k,42,11,39
2062,Metro Group of Hospitals,3.8,510,1.3k,15,53,3
2063,Indecomm Global Services,3.9,508,2.6k,27,23,46
2064,Insuremile,4.8,509,71,78,1,1
2065,Centum Learning,3.7,508,1.4k,26,8,64
2066,Suprajit Engineering,3.9,507,2.3k,36,9,52
2067,Chemplast Sanmar,3.5,507,2.3k,45,40,32
2068,RSB Transmissions,3.9,507,2k,32,,40
2069,Metriqe Solutions,3.9,507,1.3k,25,7,25
2070,CARE,4.3,506,1.2k,41,1,77
2071,Hafele,4.0,507,2.1k,29,3,62
2072,Hindusthan National Glass,3.7,506,2k,33,,39
2073,Aptus Value Housing Finance India,4.1,508,1.3k,18,7,32
2074,Macquarie Group,3.2,505,4.5k,48,43,48
2075,NMDC Limited,4.2,505,1.9k,42,,16
2076,Vidal Health Insurance,3.7,505,1.8k,21,,11
2077,Cairn Energy,3.6,504,2.9k,33,,62
2078,Cuemath,3.6,503,1.9k,49,31,86
2079,Pace Setters Business Solutions,3.4,503,1.2k,23,2,43
2080,PEGATRON,3.9,503,2.1k,29,,1
2081,F1 Info Solutions and Services,3.7,503,1.2k,25,,38
2082,Spectrum Talent Management,3.6,504,1.9k,34,,25
2083,Poorvika Mobiles,4.0,503,1.7k,31,3,32
2084,Lotus Herbals Private Limited,4.2,502,1.4k,45,4,24
2085,Mobile Programming,2.9,501,3.5k,79,142,14
2086,BharatMatrimony.com,3.9,501,1.4k,23,,29
2087,AT&T,3.9,501,4.4k,65,64,58
2088,Webskitters,3.9,501,794,19,9,109
2089,Kokilaben Dhirubhai Ambani Hospital,3.7,500,1.7k,28,47,35
2090,LearningMate Solutions,3.0,500,3.5k,47,26,46
2091,Haldiram Snacks,3.9,500,1.6k,15,16,1
2092,FinThrive,3.5,499,1.5k,21,2,9
2093,Future Lifestyle Fashion,4.2,498,1.6k,8,,81
2094,Galaxy Surfactants,3.8,499,1.9k,28,11,58
2095,Mobikwik,3.5,498,2.4k,59,28,27
2096,Propertypistol Realty,3.5,498,2k,61,28,17
2097,HealthifyMe,2.7,498,1.6k,51,,26
2098,5paisa Capital Ltd.,4.0,497,1.6k,43,9,65
2099,Voltech,3.4,497,1.6k,33,,59
2100,Sanmina Sci,4.1,497,2.6k,33,31,47
2101,Saud Bahwan Group,3.6,496,987,13,,69
2102,Nelito System,3.3,496,2.4k,30,32,41
2103,Ministry of Defence,4.3,497,1.8k,17,,60
2104,Hamdard,4.0,495,1.4k,42,3,29
2105,RapiPay,3.6,495,1.6k,37,6,22
2106,Safari Industries India,4.0,496,1.7k,33,6,31
2107,OutworX,3.5,497,2.1k,35,,11
2108,Morepen Laboratories,3.9,494,1.8k,24,79,39
2109,Techwave Consulting,3.7,494,3.6k,41,19,21
2110,MUTHOOT HOMEFIN (I) LTD.,4.0,495,1.3k,28,5,11
2111,Varuna Integrated Logistics,3.8,494,1.6k,36,8,39
2112,Deloitte Digital,3.8,494,3k,59,,57
2113,Rakuten,3.5,494,5.1k,95,12,47
2114,Alight Solutions,3.3,492,2.6k,30,7,50
2115,Go First,3.9,492,2k,50,,41
2116,IKF Finance,4.0,492,1.3k,24,10,17
2117,Pepperfry,3.2,492,2k,33,4,44
2118,Emerson Electric Co.,4.0,492,3.1k,56,274,36
2119,Medikabazaar,4.3,492,920,14,4,14
2120,Dr. Agarwal's Eye Hospital,3.7,492,1.6k,37,63,33
2121,Tuaman Engineering,4.3,491,1.5k,65,,39
2122,Great Learning,3.5,492,3.6k,68,35,36
2123,ServiceNow,4.0,491,5.2k,130,1,15
2124,QHTalbros,3.6,491,1.4k,18,1,50
2125,Adda 247,3.7,491,1.7k,73,21,11
2126,Trimax IT Infrastructure Services,3.6,490,1.1k,13,,36
2127,HSBC Global Banking and Markets,3.9,490,3.3k,29,,28
2128,BKT Tyres,4.2,490,1.9k,71,14,33
2129,SunTec Web Services,3.2,490,1.8k,50,3,33
2130,Ivrcl Infrastructures & Projects,4.3,490,823,9,16,80
2131,CMR Green Technologies,3.6,490,1.6k,51,22,54
2132,Bira 91,3.3,489,1.5k,27,,12
2133,NJ India Invest,3.7,489,1k,53,34,62
2134,Securitas,3.8,490,1.9k,36,6,42
2135,Value Point Systems,3.5,489,2.2k,29,17,29
2136,Sadbhav Engineering,4.2,488,1.2k,10,,69
2137,Sarovar Hotels & Resorts,4.0,489,1.3k,18,,62
2138,Gyan Dairy,4.0,488,1.3k,43,1,34
2139,Kaar Tech,4.0,488,1.9k,166,6,10
2140,Innovaccer,3.4,487,3.3k,91,67,23
2141,TÜV Rheinland,4.1,488,1.8k,20,2,38
2142,India Post,3.7,487,1.4k,24,,49
2143,Cadbury,4.3,488,953,27,,35
2144,LIC Housing Finance,3.9,488,1.5k,20,4,35
2145,Premier Energies,4.0,487,1.8k,36,,25
2146,Tractebel,4.1,487,1.6k,45,8,37
2147,Texmo Industries,3.8,487,1.6k,26,3,41
2148,Pierian Services,3.4,487,2.6k,38,147,22
2149,Markets and Markets,2.8,486,2.7k,60,14,31
2150,Sheela Foam,3.9,486,1.4k,30,1,34
2151,Rusan Pharma,3.5,486,1.8k,23,4,38
2152,Global Autotech,4.0,486,2.1k,50,3,43
2153,Insolutions Global,3.7,486,2.6k,35,6,24
2154,Johnson Matthey,3.9,484,1.8k,42,10,59
2155,Muthoottu Mini Financiers,3.5,485,1.2k,24,15,13
2156,QUICK HEAL TECHNOLOGIES,3.7,484,2.6k,28,9,53
2157,Maersk Line,4.0,484,2.4k,33,,64
2158,Juniper Networks,4.2,484,4.3k,74,1,49
2159,QBurst Technologies,4.2,484,3.9k,85,46,46
2160,Atomberg Technologies,3.8,485,2.2k,36,13,23
2161,Communications Test Design,3.7,483,1.7k,30,20,17
2162,Amara Raja Infra,4.0,483,1.3k,53,,17
2163,RSM India,3.3,485,2.5k,64,155,20
2164,Think Gas Ludhiana,3.6,485,2.2k,49,1,31
2165,Sterling Holiday Resort,3.7,483,1.5k,22,34,60
2166,iNurture Education Solutions,2.5,483,1.4k,45,3,36
2167,Mars International India,4.2,483,1.7k,19,6,50
2168,Saudi Binladin Group,4.2,482,721,33,1,69
2169,Siemens Healthineers,4.0,482,3.9k,66,,48
2170,Addverb Technologies,3.6,482,2.2k,86,20,28
2171,African Industries,3.9,482,1k,33,14,28
2172,BrightCHAMPS,3.9,482,1.1k,67,9,43
2173,Otsuka Pharmaceutical India Private Limited,4.2,482,1.5k,27,23,69
2174,2COMS,3.2,482,1.3k,56,405,26
2175,TRINAMIX,4.5,482,887,56,54,88
2176,Xerox,3.8,481,2k,24,,4
2177,Saksoft,3.6,481,3.3k,46,3,21
2178,Indian Bank,3.4,482,1.9k,26,,33
2179,Alchemy Techsol India,3.4,481,2k,89,,14
2180,National Commodities Management Services,4.0,481,1.4k,15,1,45
2181,BCG,3.7,480,7.3k,213,8,39
2182,Ben Franklin Opticians,3.6,479,1.2k,26,,37
2183,Motilal Oswal Wealth Management,4.4,479,340,35,20,18
2184,Kalyani Technoforge,3.8,479,1.9k,20,7,39
2185,Hinduja Tech,3.2,479,3.1k,33,102,25
2186,Axa XL,3.6,479,3.5k,49,122,58
2187,Dalmia Bharat Group,3.9,479,1.9k,34,,33
2188,N+A,3.8,479,17.8k,161,1,13
2189,Plastic Omnium,3.7,478,2k,30,22,21
2190,Yardi Systems,3.5,478,2.5k,75,2,40
2191,SUEZ Group,4.2,478,1.9k,18,15,41
2192,Par Pharmaceutical Companies,4.1,478,2k,27,,5
2193,BharatPe,3.5,478,2.5k,48,1,17
2194,Micron Technology,3.6,477,4.2k,80,26,30
2195,Walkaroo International,3.6,482,2.2k,45,73,22
2196,Indiafilings,4.3,477,1k,139,11,6
2197,Romsons Group Of Industries,3.8,477,1.6k,35,10,32
2198,McNally Bharat Engineering,4.0,477,1.4k,13,1,57
2199,Kandhari Beverages,3.7,478,1.5k,28,21,21
2200,Voya India,3.7,477,2.8k,29,14,1
2201,Stylebaazar,3.9,476,1k,35,20,5
2202,NBTC GROUP,3.3,476,1k,22,4,62
2203,Riya Travel,3.6,475,1.6k,11,1,41
2204,ZEISS India,3.6,475,2.5k,33,11,36
2205,Jiva Ayurvedic Pharmacy,3.9,475,1.2k,43,40,47
2206,Hitachi Systems,3.9,476,2.4k,13,5,3
2207,Prime Focus Technologies,3.1,474,2.3k,40,,54
2208,MindGate Solutions,3.2,475,3k,75,3,21
2209,Invesco,3.7,474,3.1k,49,59,47
2210,Kirby Building Systems,4.0,474,1.8k,24,16,35
2211,Essjay Ericsson,4.2,474,859,11,,57
2212,Sri Krishna Pharmaceuticals,3.9,474,1.8k,17,1,33
2213,Cosmo Films,3.7,473,2k,39,15,48
2214,Westin,4.1,473,1.2k,20,,68
2215,Gilbarco Veeder Root,3.8,473,2.1k,27,6,32
2216,Qcon,4.4,473,1.1k,42,,58
2217,Onshore Construction,3.7,472,1.5k,24,7,50
2218,Ascent Business Solutions,3.3,473,2.6k,32,4,32
2219,Marble Box,3.7,472,914,29,,29
2220,Orcapod Consulting Services,3.1,472,1.8k,32,,17
2221,Flowserve,3.7,470,3.2k,32,90,51
2222,Central Public Works Department,4.1,470,1.2k,14,,49
2223,Alpla,3.9,470,1.7k,35,40,58
2224,Magneti Marelli Motherson Auto System,3.8,470,1.4k,24,,60
2225,Ppap Automotive,3.8,470,1.7k,40,,42
2226,Giesecke & Devrient,3.4,470,2.2k,32,15,67
2227,InCred Finance,3.8,471,2.3k,30,29,19
2228,ASM Technologies,3.6,470,3.3k,43,21,29
2229,Grindwell Norton,3.6,470,1.7k,27,,62
2230,GHCL Limited,3.9,469,1.6k,34,8,57
2231,Mikuni,4.0,469,1.3k,26,,55
2232,NAV Backoffice,3.6,469,2.3k,36,3,25
2233,FNP,3.3,469,2.3k,32,10,24
2234,Schindler Group,3.7,468,1.3k,21,,79
2235,EID Parry (India),3.9,469,1.5k,23,,51
2236,Keysight Technologies,3.9,468,2.5k,35,42,50
2237,Thought Focus,3.3,468,3.4k,48,41,34
2238,Lite Bite Foods,4.4,468,1.2k,20,2,53
2239,Mahanagar Gas,4.2,467,2.1k,32,,46
2240,Vishvaraj Environment,4.0,467,1.7k,29,,14
2241,Bridgestone India Automotive Products,4.0,466,2.2k,29,,51
2242,Leighton Contractors,4.0,466,1.1k,17,10,60
2243,L. N. Malviya Infra Projects Group,3.1,466,1.2k,27,45,21
2244,C-Edge Technologies,3.7,465,2.6k,27,3,39
2245,Sayaji Hotels,4.2,465,1k,14,,69
2246,Ramco Industries,4.1,465,1.8k,19,,46
2247,Epiroc,4.0,464,2.3k,39,45,41
2248,Nirmal jyoti Si Sec School,,,1,,,
2249,Matrix Business Services,3.4,464,1.9k,41,7,20
2250,Quinnox,3.8,464,3.3k,37,30,35
2251,Teradata,3.6,464,3.6k,59,14,44
2252,Bahwan Engineering,4.1,464,970,25,5,52
2253,Visaka Industries,3.8,463,1.6k,27,2,42
2254,Jumbotail Technologies,3.6,465,1.6k,37,5,15
2255,Star Bazaar,3.9,463,1.4k,22,,26
2256,British Council,3.6,463,2k,25,5,56
2257,KRBL,3.8,463,1.5k,35,8,28
2258,Buzzworks Business Services,3.7,463,2k,19,,19
2259,Oriental Structural Engineers,4.2,464,1.2k,9,3,60
2260,India Glycols,3.9,463,1.9k,35,4,35
2261,Del Monte Foods,4.1,463,1.5k,16,14,52
2262,Almarai,4.2,462,818,22,,63
2263,GD Goenka Public School,3.4,474,1.3k,44,36,47
2264,Revent Group,3.8,462,697,17,,3
2265,MediBuddy,3.4,462,2.2k,37,30,16
2266,Tata International,3.5,461,2.1k,23,10,60
2267,Athenahealth Technology,4.1,462,3.8k,89,70,45
2268,Aparna Enterprises,3.9,461,1.7k,36,13,30
2269,Suzlon Global Services,3.8,461,1.3k,52,,33
2270,smartData Enterprises,3.1,460,1.6k,38,10,32
2271,Tetra Pak,4.0,460,2.3k,41,22,58
2272,Landis+Gyr,2.9,460,2.7k,34,40,42
2273,MathCo,3.0,460,2.7k,130,7,22
2274,Vindhya e-Info Media,3.4,461,1.1k,27,2,23
2275,Jindal Power Limited,4.2,460,1.6k,43,14,23
2276,Symbiotec Pharmalab,4.0,460,1.9k,28,1,33
2277,Gulf Oil Lubricants,4.0,459,1.7k,29,3,39
2278,NKG Infrastructure,3.2,460,1.4k,24,8,25
2279,Sulekha.com,3.4,459,1.7k,21,23,46
2280,Numeric UPS,3.9,465,1.2k,13,30,4
2281,Visa,3.3,462,6k,156,76,39
2282,Bluestone.com,3.5,459,2k,53,2,18
2283,Kellton,2.9,459,3.4k,59,6,41
2284,Novotel Hotels,4.0,459,1.2k,27,,73
2285,MagicPin,2.5,459,1.8k,60,17,26
2286,TriGeo Technologies,3.2,458,1.8k,28,,39
2287,Avery Dennison,3.7,458,1.9k,28,43,58
2288,OLX Autos,3.9,458,1.5k,30,,
2289,Symphony,4.6,458,1k,56,6,23
2290,Allied Blenders & Distillers,4.0,458,1.5k,18,2,33
2291,Greenpanel Industries,4.0,459,1.8k,22,1,23
2292,Shalimar Paints,3.4,458,1.5k,29,7,25
2293,Bhilosa Industries,3.7,458,2.2k,34,15,23
2294,Allana Group of Companies,3.9,458,1.4k,34,,11
2295,Meghmani Organics,3.7,457,2.2k,44,2,31
2296,Anthem Biosciences,3.9,457,2.6k,33,2,32
2297,Prism Cement,3.9,457,1.2k,38,,54
2298,Signature Global,3.9,457,2.1k,42,19,18
2299,Lakme,4.1,457,1.5k,16,1,48
2300,ByteDance,4.0,457,2.2k,38,3,54
2301,Akamai Technologies,4.4,457,3.9k,74,9,61
2302,Lakme,4.1,457,1.5k,16,1,48
2303,Iksula,3.3,456,2k,32,4,112
2304,Namaste India Foods,3.9,456,1.2k,18,2,38
2305,Dana India,4.0,457,1.7k,38,2,56
2306,Honda Logistics,3.7,457,1.4k,30,1,42
2307,Sany Heavy Industry,3.6,456,1.9k,39,2,48
2308,Brainvire,3.0,455,1.6k,72,9,231
2309,WM Universal Solutions Private Limited,3.6,455,2.1k,43,123,40
2310,Aludecor Lamination,3.9,454,1.6k,39,,28
2311,Thales,3.6,454,3.3k,51,79,44
2312,Fynd,2.9,454,2.1k,68,44,23
2313,Gopal Snacks Limited,4.2,454,1.2k,40,2,34
2314,Subex,3.3,454,3.2k,36,2,57
2315,Atyati Technologies,3.9,454,1.5k,29,2,33
2316,Aimil Pharmaceuticals,3.6,455,1.8k,24,,43
2317,Encube Ethicals,3.7,454,2.3k,25,5,29
2318,Nash Industries,3.6,454,2.3k,34,4,36
2319,Stovekraft,4.0,453,1.7k,33,13,27
2320,Liberty General Insurance,3.7,453,1.8k,19,,31
2321,Samsung Display,3.8,453,2.1k,48,1,43
2322,Stovekraft,4.0,453,1.7k,33,13,27
2323,Technico Industries,3.5,453,1.9k,39,,27
2324,Vijai Electricals,3.6,452,1.3k,18,,50
2325,Seoyon E-hwa Automotive,3.5,452,2.2k,25,,27
2326,LogixHealth,3.5,452,2.1k,20,14,36
2327,Paharpur Cooling Towers,3.9,451,1.9k,29,3,29
2328,Equiniti,3.7,451,3k,43,59,28
2329,ESDS Software Solutions,3.7,451,2.9k,35,10,41
2330,Venky's,3.7,451,1.5k,24,1,31
2331,Orient Craft,3.7,451,1.4k,8,,62
2332,CollegeDekho,2.8,450,2.3k,64,7,14
2333,Dharampal Premchand,4.3,449,1.3k,24,1,41
2334,Flamingo Pharmaceuticals,3.2,450,1.8k,34,22,34
2335,Common Service Centres,4.4,449,1.2k,14,,14
2336,SABIC,4.1,449,1.4k,30,7,51
2337,BSCPL Infrastructure,3.9,449,1.3k,31,12,47
2338,RPG Life Sciences,3.7,449,1.5k,15,2,51
2339,CommScope,3.8,449,3k,41,4,47
2340,SBI Mutual Fund,3.8,448,1.7k,28,25,38
2341,ITI,3.7,448,1.4k,38,,34
2342,Cera Sanitaryware,4.1,448,1.6k,32,2,33
2343,SPAR Hypermarkets,3.9,448,1.3k,22,1,41
2344,Saxo Bank,3.6,448,2.4k,61,5,28
2345,Protium Finance,3.9,448,1.9k,35,5,4
2346,Torrent Gas,3.0,447,2.1k,57,,36
2347,GS Lab,3.7,447,3.5k,64,,36
2348,Karvy Data Management,3.3,447,829,2,,
2349,Loadshare Networks,3.6,447,1.6k,44,9,24
2350,Railtel Corporation Of India,3.7,446,2k,29,,20
2351,Pratham Education Foundation,4.1,446,936,14,6,47
2352,B. Braun Medical,4.1,446,1.6k,21,,64
2353,ZF Friedrichshafen,3.8,447,2k,30,,11
2354,Mediterranean Shipping Company,4.0,446,2.2k,25,,26
2355,JNS Instruments,3.9,446,1.8k,33,,35
2356,National Australia Bank,2.9,446,3.1k,53,9,4
2357,T.v. Sundram Iyengar & Sons,3.9,445,1.1k,9,,49
2358,SMEC,3.6,445,1.4k,30,34,43
2359,Red Hat,4.3,445,3.5k,60,33,48
2360,Red Hat,4.3,445,3.5k,60,33,48
2361,GM Modular,3.8,445,1.8k,23,54,34
2362,Khadims,3.7,445,1.3k,17,,47
2363,Portea Medical,3.8,444,1.3k,31,,41
2364,KSB Limited - Irrigation & Process Division (IPD),3.7,444,2.2k,24,,16
2365,AVAYA,3.1,443,2.9k,46,,41
2366,Kaya Skin Clinic,3.6,443,1.1k,21,4,42
2367,Cloud4C,3.6,443,2.9k,38,17,39
2368,LuLu Group International,3.4,442,2.1k,31,2,30
2369,Jindal Aluminium,3.8,442,1.8k,46,21,53
2370,Texmaco Rail and Engineering,3.8,444,1.7k,26,18,44
2371,Corona Remedies,4.1,442,1.3k,13,,29
2372,Ciena,4.0,442,3.1k,45,,53
2373,IL&FS Engineering and Construction,4.5,442,942,15,6,57
2374,Sahyadri Hospital,4.2,442,1.4k,31,35,35
2375,Indofil Industries,4.1,442,1.8k,16,,52
2376,Balmer Lawrie,3.6,442,1.8k,33,34,37
2377,AIG Hospital,4.3,442,1.5k,32,3,28
2378,Usha Martin,4.0,443,1.4k,23,,52
2379,MKC Infrastructure Ltd.,3.5,441,1.3k,38,15,28
2380,Moon Beverages,3.9,442,1.5k,21,4,20
2381,Hyundai Glovis,3.8,442,1.8k,24,,48
2382,Bharat Bijlee,4.2,440,1.5k,20,2,46
2383,Stryker,3.9,441,3.3k,48,68,55
2384,RND Softech,3.1,440,1.8k,39,,16
2385,Jupiter Hospital,3.9,441,1.6k,23,7,23
2386,Paradeep Phosphates,3.9,439,1.4k,59,8,20
2387,Ergode IT Services,3.3,439,1.4k,28,43,58
2388,Reliance Infrastructure,4.0,438,2k,30,,61
2389,NR Switch N Radio Services,3.8,439,1.1k,22,7,33
2390,H & R Johnson,3.5,438,1.2k,9,,41
2391,Puravankara,3.5,438,1.9k,23,13,5
2392,Bharat Seats,3.7,438,1.6k,31,5,38
2393,Realme,3.7,439,1.4k,29,6,13
2394,Bandhan Life,3.1,438,1.2k,14,7,26
2395,K D Hospital,4.5,437,338,22,12,6
2396,FabHotels,3.2,437,2k,43,25,24
2397,St. Xavier's High School,3.7,437,1.5k,18,34,46
2398,Kolte Patil Developers,4.0,438,1.9k,22,15,49
2399,Reshamandi,3.4,436,590,17,,127
2400,Deluxe Entertainment,3.5,436,2.4k,36,23,38
2401,CS TECH Ai,3.9,436,1.5k,37,47,26
2402,Aker Solutions,4.0,435,2.2k,36,3,41
2403,Self Practice,4.4,435,6.1k,68,,22
2404,Eurokids,3.9,435,1.3k,15,2,36
2405,In Time Tec Visionsoft,3.5,435,2.3k,45,21,69
2406,Fuji Electric,3.6,434,1.8k,20,12,14
2407,Miracle Software Systems,3.8,434,1.9k,41,60,24
2408,Clix Capital Services,4.0,434,1.5k,25,40,19
2409,Toyota,4.1,435,1.8k,47,,50
2410,Kyungshin Industrial Motherson,3.3,434,2.1k,24,,37
2411,Henkel Adhesives Technologies,4.1,434,1.9k,22,12,44
2412,Capital Foods,4.2,434,1.3k,31,,57
2413,CWT,3.4,433,1.5k,7,,54
2414,Yusen Logistics,4.0,433,1.7k,15,7,34
2415,Gaurs Group,4.2,434,1.4k,30,20,23
2416,Yethi Consulting,3.4,434,3k,64,4,16
2417,Nagarjuna Fertilizers and Chemicals,4.1,433,1.3k,18,,54
2418,ELGI Equipments,4.1,433,2k,27,10,48
2419,Alankit,3.3,433,1.2k,38,24,21
2420,ZTE Corporation,4.1,433,1.2k,20,3,68
2421,Gokaldas Exports,3.8,432,1.6k,33,21,21
2422,SISL Infotech,3.5,432,2.3k,22,181,18
2423,DesignTech Systems,3.4,432,2k,43,32,29
2424,Espire Infolabs,2.5,432,2.4k,25,18,24
2425,Mjunction Services,3.9,432,1.8k,26,,41
2426,Paper Boat(Hector Beverages Pvt. Ltd.),3.9,432,1.3k,22,2,32
2427,Synopsys,3.6,432,3.5k,103,18,44
2428,Titagarh Rail Systems,2.8,432,1.6k,33,,11
2429,Mahle Anand Thermal Systems,4.1,432,1.5k,29,,28
2430,LT Foods,3.9,433,1.6k,23,,41
2431,TotalEnergies,3.8,431,1.6k,33,7,44
2432,PULSUS HealthTech Group,3.2,431,1.3k,35,15,36
2433,Kataria Automobiles,3.5,432,1.5k,19,5,34
2434,Aptech,3.4,430,1.7k,29,25,45
2435,Indian Immunologicals,4.2,430,1.7k,22,,47
2436,Comcast,3.9,431,4.3k,89,,9
2437,Reliance Capital,3.8,430,1.9k,19,,75
2438,Grant Thornton Bharat,3.5,431,2.2k,82,3,17
2439,Educomp Solutions,3.5,429,648,5,5,49
2440,NetApp,3.7,429,3.9k,73,55,35
2441,Kaynes Technology,3.4,429,1.6k,50,,34
2442,Mediamint,2.9,429,2.7k,40,46,29
2443,Caresoft Global,3.4,429,3.2k,51,2,43
2444,Majesco,3.0,430,3.3k,32,11,48
2445,Dow Chemical International Private Limited,3.7,429,2.1k,38,7,38
2446,Bengal Beverages,3.0,429,1.3k,35,1,30
2447,Transasia Bio-Medicals,3.3,430,1.7k,20,7,31
2448,Purplle.com,3.6,429,1.9k,33,9,24
2449,360 Realtors,3.5,428,1.5k,36,3,47
2450,Flipkart Health+,3.5,428,1.6k,27,,31
2451,PC Solutions,4.0,428,1.3k,42,4,29
2452,Clove Dental,4.0,428,1.2k,65,82,10
2453,Regency Hospital Ltd,4.0,428,1.3k,23,8,24
2454,GTL Infrastructure,4.1,428,872,12,,47
2455,Aditya Birla Housing Finance,3.8,429,1.6k,18,,1
2456,Infosys Consulting,3.4,428,3.8k,177,,65
2457,Dodsal Engineering & Construction,4.5,427,685,16,,71
2458,CodeClouds,4.2,427,1.2k,51,39,124
2459,AIRBUS,3.6,427,4.3k,77,3,40
2460,Kothari Agritech,4.3,427,687,46,1,8
2461,Montecarlo Construction,4.1,427,1.3k,48,,44
2462,Brembo Brake India,4.1,427,1.5k,18,,36
2463,Allegis Group,3.6,426,2.7k,23,,42
2464,Paynearby Technologies,3.9,426,1.5k,27,,23
2465,Nuvama Wealth and Investment,3.2,426,2.2k,18,15,7
2466,Pocket FM,2.7,426,1.7k,64,12,5
2467,Meyer Organics,3.7,426,1.4k,29,14,35
2468,ABCI Infrastructures,3.4,426,5.5k,66,3,53
2469,Spoton Logistics,4.4,425,1.1k,18,,59
2470,Le Méridien,4.2,425,1.1k,22,,63
2471,Adani Cement,3.5,425,1.6k,48,,2
2472,Ashapura Group Of Industries,4.0,427,1.7k,29,3,43
2473,ARMSOFTECH.AIR,3.3,425,1.4k,27,,54
2474,Cimpress,3.8,425,2.8k,67,8,37
2475,Eurofins It Solutions,3.1,425,3.4k,65,1,58
2476,SoftwareOne,3.7,425,3.5k,51,49,47
2477,Speridian Technologies,3.4,424,3.1k,49,17,21
2478,Birla White,4.2,425,1.2k,34,,33
2479,KLAY Preschool and Daycare,3.5,426,1.3k,44,265,43
2480,OnePlus,3.7,424,1.9k,35,,43
2481,NTPC GE Power Services,3.9,424,1.5k,50,,24
2482,Mashreq Global Services,3.1,423,2.4k,28,84,33
2483,Ind-Swift Laboratories,3.8,424,1.6k,19,,56
2484,Go Colors,3.9,424,941,12,1,7
2485,Samsung C&T,4.3,423,1.3k,14,1,49
2486,Sunwoda Electronic India Pvt Ltd,3.9,423,1.9k,38,,40
2487,Powerweave,3.3,423,1.7k,28,2,34
2488,Honour Lab,3.9,423,1.8k,24,,22
2489,Bada Business,3.5,423,1.6k,27,536,39
2490,Orion Innovation,3.5,423,3.4k,44,2,13
2491,Chettinad Cements,3.9,423,1.9k,38,,21
2492,Zscaler Softech,3.3,422,2.9k,82,163,34
2493,Kiswok Industries,3.3,422,1.7k,34,8,32
2494,Confidence Petroleum India,2.9,422,1.6k,31,23,13
2495,Dee Piping System,4.1,422,1.5k,27,4,23
2496,B.C. Jindal Group of Companies,3.9,422,1k,29,,15
2497,Medica Superspecialty Hospital,3.8,421,1.5k,20,131,48
2498,Rapido,3.5,421,2.2k,39,9,29
2499,Entrata,3.9,421,2.3k,41,6,50
2500,Vcare Trichology,3.6,421,1.8k,43,22,17
2501,Kutchina,3.5,421,1.2k,15,,26
2502,Honeywell International India,3.9,421,2.5k,37,,50
2503,AQM Technologies,3.3,421,3.2k,49,9,20
2504,Bonfiglioli Transmissions Limited,3.5,420,1.6k,36,3,34
2505,Varindera Constructions,4.5,422,919,36,8,19
2506,Falcon Autotech,3.9,420,1.8k,52,1,39
2507,Al Turki Enterprises,3.6,419,962,16,,50
2508,Tata Steel Downstream Products,3.6,419,1.4k,41,,24
2509,Calsoft,2.7,419,3.6k,55,132,29
2510,ArisGlobal,2.8,419,2.9k,41,3,10
2511,ABC Consultants,3.9,419,25k,237,1,23
2512,Knack Global,3.1,420,1.6k,51,18,18
2513,Secure Value,3.3,419,941,19,,23
2514,Rakuten Symphony,3.5,419,3.5k,40,7,12
2515,Premium Transmission,3.3,418,1.9k,50,,35
2516,Unified Mentor,4.0,418,371,64,,11
2517,NOON.COM,3.3,419,2.5k,54,,31
2518,Innovatiview India Ltd,4.2,421,1.2k,41,12,28
2519,Ami Lifesciences,3.9,418,1.7k,21,1,22
2520,Black Knight,3.5,417,2.7k,28,,44
2521,Tally Solutions,4.0,417,2.3k,47,27,49
2522,Mahindra Lifespace Developers,4.1,417,1.7k,24,8,47
2523,IIMI Image Management Private Limited,4.1,417,535,41,,7
2524,Havmor Ice Cream,4.1,417,1.2k,28,2,44
2525,FM LOGISTIC,4.0,417,1.3k,30,8,12
2526,Tata BlueScope Steel,3.6,416,1.5k,30,3,33
2527,Ramada,3.9,416,1k,19,,67
2528,Midland Microfin Limited,3.4,416,878,35,,14
2529,National Organic Chemical Industries,3.8,416,1.8k,31,5,44
2530,Infovision,3.5,416,3.9k,39,33,3
2531,National Bulk Handling Corporation,4.1,416,1.1k,21,7,43
2532,Talbros,3.9,416,1.7k,30,1,32
2533,Konexions Back Office Services,2.7,416,1.6k,32,6,13
2534,LKQ INDIA,3.5,416,2.3k,37,3,26
2535,Godrej Jersey,4.1,417,1.2k,25,,2
2536,Freecharge,3.8,415,2.7k,64,17,17
2537,Magus Customer Dialog,3.7,415,810,12,,43
2538,Lambda Therapeutic Research,4.0,415,1.4k,18,21,23
2539,The Indian Hotels Company,4.1,415,1.7k,28,20,39
2540,Rieter,3.6,415,2.2k,30,7,48
2541,Ozone Overseas,3.9,415,1.4k,32,16,34
2542,Siyaram Silk Mills,4.0,415,1.5k,22,8,43
2543,Neilsoft,3.3,414,2.8k,45,35,26
2544,Mazagon Dock,4.2,414,1.2k,21,,34
2545,Recpdcl.ltd,4.0,414,789,17,,44
2546,Dun & Bradstreet,3.1,414,2.9k,41,9,46
2547,Cipla Health,4.1,414,1.3k,38,,31
2548,A. O. Smith India Water Products Private Limited,3.9,414,1.3k,20,6,43
2549,Head Field Solutions,4.1,413,1.2k,65,1,21
2550,Pole To Win,3.3,413,2k,61,1,44
2551,Indian Political Action Committee,2.8,413,1.7k,50,,14
2552,Akal Information Systems,4.0,413,1.8k,26,,15
2553,Tagros Chemicals,3.5,413,1.8k,40,,42
2554,TTK Healthcare,4.1,413,1.3k,18,8,53
2555,Nexteer Automotive,3.8,412,2.5k,26,,30
2556,India Nippon Electricals,3.9,412,1.5k,22,7,55
2557,Anunta Technology Management Services,3.5,412,2.1k,38,8,26
2558,Citykart Retail,3.8,413,927,25,4,28
2559,Flipkart Wholesale,3.8,412,968,66,,25
2560,Tata Steel Utilities and Infrastructure Services,3.7,411,1.2k,37,,40
2561,Aramex,3.3,411,1.2k,25,,49
2562,Flatworld Solutions,3.4,411,2.8k,30,4,40
2563,Mungi Group,4.0,411,1.7k,24,,34
2564,Capital Trust,3.3,411,847,22,,30
2565,Essar Group,3.7,410,1.8k,32,2,49
2566,Aculife Healthcare,3.0,410,1.5k,32,4,31
2567,Aliens Group,4.0,410,1.3k,45,18,59
2568,TresVista,2.5,411,2.8k,123,20,13
2569,InfoBeans,3.4,410,3.5k,44,49,40
2570,Fossil Group,3.8,410,2k,32,6,32
2571,Baramati Agro,3.8,410,1.5k,27,1,28
2572,IB Group,3.8,412,1.5k,26,1,24
2573,FCm Travel Solutions,3.2,409,1.6k,13,8,27
2574,International Automotive Components,3.9,409,1.9k,25,,25
2575,MyMoneyMantra,3.2,409,1.8k,14,,14
2576,Nettur Technical Training Foundation,3.6,408,1.1k,27,3,36
2577,Prolifics Corporation,3.6,409,2.4k,53,67,25
2578,Chambal Fertilisers And Chemicals,3.8,408,1.5k,26,,35
2579,e2open,3.5,409,3.4k,61,,34
2580,e2open,3.5,409,3.4k,61,,34
2581,Freyr Solutions,3.7,408,2.6k,31,11,20
2582,Polestar Analytics,4.1,409,1.1k,23,20,58
2583,Virchow Biotech,3.4,407,1.7k,24,,35
2584,Hexagon Nutrition,4.1,407,1k,17,6,136
2585,PC Jewellers,3.9,407,949,18,4,30
2586,Bmm Ispat,3.9,407,1.5k,35,,34
2587,Bonace Engineers,3.9,407,1.2k,33,,27
2588,Uniparts Group,3.6,407,1.5k,21,10,30
2589,Arvind Fashions,3.8,407,1.7k,21,,22
2590,Agro Tech Foods,4.0,407,1.2k,21,,35
2591,Samsonite,4.1,406,1.3k,15,12,28
2592,IMS People,3.5,406,2.2k,40,2,37
2593,Western Union,3.0,406,2.6k,37,5,40
2594,Aka Logistics,3.2,407,1.3k,36,2,27
2595,Nous Infosystems,3.6,406,3.3k,46,18,37
2596,Roca Bathroom Products,3.7,406,1.4k,20,,39
2597,SAEL Industries Limited,3.9,406,1.4k,39,26,22
2598,Ingersoll Rand,3.9,406,2.4k,35,11,38
2599,Echobooom Management & Entrepreneurial Solutions,3.7,405,463,98,63,187
2600,SBI Capital Markets,3.6,405,2.1k,23,,17
2601,DataMetica,3.2,405,2.7k,47,17,20
2602,Odessa,3.7,405,2.4k,46,,52
2603,Penna Cement Industries,4.1,406,1.5k,13,,32
2604,Schoolnet India,3.9,407,1.1k,21,20,56
2605,Roop Automotives,4.2,405,1.3k,30,,45
2606,Carrier Midea,3.7,406,1.7k,19,,22
2607,Oberoi Realty,4.2,405,1.9k,19,11,37
2608,Global Indian International School,4.2,404,1k,17,58,53
2609,Novartis Healthcare,4.1,404,3.1k,22,6,45
2610,Silver Touch Technologies,3.1,404,2.4k,31,13,9
2611,Avalara Technologies,3.1,404,3k,72,37,25
2612,Realty Assistant,3.4,406,626,44,21,78
2613,NeoGrowth Credit,3.1,404,1.7k,24,4,26
2614,Spice Money,4.1,404,1.4k,34,,23
2615,Theobroma Foods,3.9,406,1.3k,22,33,23
2616,GE Vernova T&D India,4.1,403,1.6k,9,,42
2617,Accel Frontline,4.1,403,751,7,,44
2618,Larsen & Toubro Group,4.1,403,1k,95,,48
2619,ICFAI University,3.6,404,873,23,,45
2620,Ensono,4.2,404,2.4k,31,73,22
2621,Apex Laboratories,3.8,402,1.8k,23,1,32
2622,Tyger Capital,4.0,403,1.3k,28,6,23
2623,TCL,4.0,403,2k,40,,24
2624,Orient Bell,3.4,403,1.5k,21,4,37
2625,Eversendai,3.6,403,1.5k,30,9,43
2626,P.D. Hinduja National Hospital and Medical Research Centre,3.8,403,2.3k,26,28,43
2627,CogentHubCX.AI,3.4,403,776,33,52,18
2628,Pon Pure Chemical,3.4,403,1.4k,23,29,31
2629,Bhagwati Products,3.7,402,1.1k,17,,33
2630,Systems Plus,4.3,402,1.5k,31,65,15
2631,Qwik Supply Chain,3.8,402,1.1k,27,,16
2632,Asian Granito India,3.6,403,1.5k,15,,20
2633,Raptakos Brett and Company,3.5,402,1.4k,22,2,25
2634,L&T Heavy Engineering,3.9,402,778,31,,27
2635,YKK,3.7,402,1.3k,25,,48
2636,Karvy DigiKonnect,3.1,402,1.3k,7,,29
2637,Groupon,3.2,401,2.3k,43,3,37
2638,RCM,4.1,402,616,49,4,7
2639,Pearson Education India,4.0,401,1.7k,9,12,50
2640,Metrochem Api,3.0,400,1.8k,31,4,33
2641,Indian Institute of Technology Gandhinagar,4.2,400,2.4k,23,,31
2642,Tessolve,3.3,400,2.7k,61,137,15
2643,HealthKart,3.8,400,1.9k,30,23,37
2644,Onsitego,3.8,401,1.3k,20,31,30
2645,Jyoti CNC Automation,4.0,400,1.3k,23,8,30
2646,Clean Harbors,3.4,400,2.5k,33,12,25
2647,Welspun Flooring,3.8,400,1.2k,21,,26
2648,Yutika Natural,3.4,400,875,22,7,1
2649,Fortis Escorts Hospital,4.2,399,938,20,,33
2650,Oda Class,3.0,400,639,27,,6
2651,Motilal Oswal Private Wealth Management,4.5,400,292,78,,2
2652,Amri Hospital,4.0,399,1.2k,27,,37
2653,MAYORA,3.8,399,953,21,,43
2654,Venkateshwara Hatcheries,3.7,400,1.4k,11,,33
2655,Zealous Services,2.8,399,1.1k,22,4,50
2656,Ess Kay Fincorp,4.1,398,979,12,5,43
2657,Saama Technologies,3.7,398,3.5k,59,27,44
2658,Mann And Hummel Filter,3.9,398,1.7k,19,6,38
2659,Scientific Publishing Services,3.7,398,1.4k,18,,46
2660,myGate,3.0,399,2.3k,30,3,22
2661,Haldia Petrochemicals,3.8,399,1.8k,37,,46
2662,Fitelo,3.4,398,691,42,,71
2663,Intercontinental Exchange,3.1,400,2.4k,42,,6
2664,SHARE Microfin,4.2,398,558,20,,40
2665,NIFTEL COMMUNICATIONS,3.9,398,689,67,10,8
2666,Desun Hospital & Heart Institute,3.8,398,996,27,7,22
2667,Greet Technologies,2.7,397,1.2k,35,2,29
2668,Etech Global Services,3.7,397,1.7k,44,6,43
2669,Venus Remedies,4.2,397,988,41,28,87
2670,GRT Jewellers,4.1,396,1.4k,28,7,18
2671,Bangalore International Airport,4.3,398,1.5k,31,9,35
2672,Samsung SDS,3.0,396,2.6k,30,,16
2673,Tirumala Milk Products,4.2,396,1.1k,31,4,38
2674,Impact Guru,3.5,396,1.5k,49,22,7
2675,State Street Bank,3.5,395,2.9k,18,,11
2676,Imarticus Learning,3.9,395,1.1k,29,1.2k,29
2677,Hero Housing Finance,3.9,395,1.5k,22,95,10
2678,Indus Net Technologies,3.2,396,1.9k,33,,20
2679,M Baazar,3.9,402,837,31,14,7
2680,Bank of Maharashtra,3.3,396,1.5k,17,,32
2681,Lotte India Corporation,4.0,396,1.3k,30,7,33
2682,Shyam Sel & Power,3.7,395,1.4k,56,,24
2683,National Fertilizers,4.4,394,1k,29,,43
2684,Astra Microwave Products,3.9,394,2k,31,1,27
2685,American Axle & Manufacturing,4.3,394,1.5k,23,,38
2686,Kanpur Fertilizers & Chemicals,3.6,394,1.2k,34,,17
2687,UNIVO Education,3.4,394,1.4k,30,,3
2688,PGP Glass,4.0,395,1.2k,31,,16
2689,Rama Medical College Hospital & Research Centre,4.0,395,1.1k,38,,47
2690,Accelya Solutions India Limited,3.4,393,2.6k,49,53,30
2691,Nidec Corporation,3.7,393,1.6k,25,3,37
2692,ANR Software Private Limited,4.1,393,1.1k,35,15,28
2693,Ashiana Housing,4.0,393,1.5k,33,27,46
2694,Buhler,3.8,393,1.8k,31,,36
2695,Vision India Services,3.8,393,1.3k,37,,22
2696,HYT Engineering Company Pvt Ltd,3.3,393,1.4k,37,16,30
2697,ITC Limited - Paperboards Specialty Papers Division,3.9,392,1.5k,17,1,38
2698,BPTP,4.1,392,1.3k,26,15,44
2699,Sunstone,3.7,392,1.6k,25,38,25
2700,ITC Limited - Paperboards Specialty Papers Division,3.9,392,1.5k,17,1,38
2701,Gtpl Hathway,4.0,393,1.8k,27,14,21
2702,BPTP,4.1,392,1.3k,26,15,44
2703,Invensis Technologies,3.6,392,1.8k,32,2,18
2704,Indian Space Research Organisation,4.6,392,1.3k,24,,38
2705,Marksans Pharma,3.4,392,1.6k,24,,18
2706,Axis Finance,3.7,392,2k,24,6,16
2707,Federal Mogul Goetze,4.0,392,1.3k,17,,54
2708,Uplers,3.8,392,1.6k,45,101,109
2709,Stanley Black & Decker,3.7,391,1.8k,24,25,29
2710,Ipsos,3.2,391,2.4k,42,10,22
2711,Supertech,4.0,391,1.6k,18,7,35
2712,Gravita,4.4,391,1.1k,49,23,31
2713,V-Xpress,3.9,391,1.1k,20,,32
2714,Himatsingka Seide,3.5,391,1.5k,27,2,35
2715,Sagar Cements,4.3,391,1.3k,35,2,26
2716,Connectwise India,3.4,391,2.7k,60,9,40
2717,Kcc Buildcon,3.9,390,1.4k,32,5,31
2718,Piramal Swasthya,4.1,390,958,20,4,36
2719,Aizant Drug Research Solutions,3.8,390,1.2k,14,9,29
2720,Hanon Systems,4.0,390,1.6k,16,,50
2721,ClearTax,3.0,389,2.1k,49,17,19
2722,Gold Plus Glass,3.5,389,1.4k,21,6,54
2723,Indian Overseas Bank,3.3,389,1.1k,17,,25
2724,D.p. Jain & Co. Infrastructure Pvt .,3.1,389,1.3k,28,4,27
2725,Vidal Health Tpa,3.5,389,1.2k,29,10,35
2726,Owens Corning,3.6,390,1.7k,20,1,38
2727,Sterling Tools,4.0,389,1.1k,40,,31
2728,Manhattan Associates,3.5,388,3.4k,42,16,40
2729,Shiprocket Private Limited,3.4,388,2.6k,56,54,17
2730,Sleek International,3.5,388,1.2k,31,,43
2731,SML Isuzu,4.2,388,1.3k,27,,33
2732,Munjal Showa,3.2,388,1.2k,18,,37
2733,Flyjac Logistics,4.0,388,1.3k,8,2,18
2734,Bharat Aluminium Company (BALCO),4.1,388,1.5k,35,,43
2735,Enterprise Growth Accelerator,3.5,387,634,11,,4
2736,Triumphant Institute of Management Education,3.7,387,1.3k,15,47,31
2737,Copeland,3.9,388,2.1k,23,88,1
2738,Gujarat Ambuja Exports,3.5,387,1.4k,22,2,24
2739,STUDDS Accessories Limited,3.9,387,1.3k,55,,28
2740,Grey Orange,3.0,386,2.2k,44,17,49
2741,AccorHotels,4.3,386,1.2k,21,,50
2742,UCAL Fuel Systems,3.9,386,1.4k,9,,28
2743,V-bazaar Retail,3.9,386,908,31,,31
2744,Moolchand Hospital,4.2,386,745,21,16,13
2745,Glaze Trading India,4.2,385,898,17,,52
2746,Alfanar,4.0,385,914,24,21,58
2747,Cheil India,2.9,385,2k,19,8,48
2748,Hajee A P Bava Construction,3.8,386,943,12,1,26
2749,Publicis,3.7,385,3.9k,56,,27
2750,Azentio,3.1,385,3.5k,47,1,9
2751,Kailash Hospital,3.8,385,987,19,41,22
2752,Sangeetha Mobile,3.6,385,1.5k,20,1,29
2753,MRF Vapocure Paints,4.0,384,1.2k,31,,16
2754,Zypp Electric,3.7,384,898,25,6,18
2755,Vectus Industries,4.1,384,1.3k,19,,57
2756,Shree Baidyanath Ayurved Bhawan,3.9,384,1.2k,30,3,21
2757,Kirloskar Toyota Textile Machinery,4.6,384,798,20,,44
2758,Coronis Health,3.4,384,1.1k,27,2,10
2759,Tutopia,4.5,384,368,193,1,2
2760,VRB Consumer Products Private Limited,4.1,384,1.2k,22,17,32
2761,Universal Corporation,3.7,384,1.2k,19,,21
2762,Christian Medical College,4.1,383,1.2k,13,2,29
2763,PropTiger.com,3.7,383,1.3k,24,,70
2764,Mettler-Toledo,3.6,383,2k,27,5,39
2765,Healthcare At Home,3.7,383,1.2k,29,16,30
2766,RDC Concrete (India),4.0,383,1.2k,38,4,34
2767,Jeeves Consumer Services,3.6,383,833,33,24,35
2768,Aeries Technology,3.2,383,2.3k,31,60,32
2769,Bses Yamuna Power,3.8,383,1.4k,23,,25
2770,Adani Logistics,3.7,383,1.6k,15,,5
2771,Nowfloats Technologies,2.7,383,1.1k,18,6,62
2772,XL Health,4.2,382,1.5k,23,,52
2773,Descon Engineering,4.0,382,604,22,,62
2774,Dynacons Systems & Solutions,3.7,382,1.3k,25,26,18
2775,Mahindra Last Mile Mobility,3.7,382,1.1k,21,,1
2776,Dimension Data,4.5,381,1.3k,8,,42
2777,ABM Knowledgeware,3.7,381,1.4k,32,15,32
2778,Burns & McDonnell,4.0,382,2.1k,52,,31
2779,Thrillophilia,3.7,381,835,37,26,27
2780,Jubilant Biosys,3.6,381,1.9k,40,36,31
2781,SPRINKLR,2.8,381,3.7k,110,71,29
2782,Enphase Energy,2.7,382,2.8k,52,2,18
2783,Runwal Group,3.9,381,1.8k,25,,39
2784,Core Integra Consulting Services,3.4,381,1.2k,23,,24
2785,Starbucks,4.0,381,1k,34,4,38
2786,Nissan,3.6,380,1.8k,28,,29
2787,SKH Y-TEC,3.8,380,1.3k,30,,22
2788,Tao Digital,3.7,380,1.1k,109,60,
2789,IDS Infotech,2.8,380,1.3k,42,9,31
2790,Park Hospital,3.6,380,1.2k,25,16,12
2791,Sumitomo Chemical,4.0,381,1.5k,19,1,23
2792,Cooper Corporation,4.0,380,1.4k,50,,31
2793,GMR Hyderabad International Airport,4.0,380,1.3k,18,,49
2794,Kuehne + Nagel,3.7,380,1.6k,25,12,41
2795,World Vision,4.3,380,700,21,7,31
2796,Acadecraft,3.1,380,870,53,3,47
2797,Jamna Auto Industries,3.8,380,1.6k,19,1,38
2798,Nuziveedu Seeds,3.9,381,1.1k,33,,30
2799,Examity,3.3,380,1.8k,33,3,31
2800,Kennametal,3.5,379,1.8k,27,4,37
2801,Moser Baer,3.9,379,699,9,,63
2802,Mindlance,3.7,379,1.5k,25,1,30
2803,Srei Equipment Finance,4.3,379,1k,11,,50
2804,Xdbs,2.8,378,1.7k,39,,42
2805,Konecranes,3.9,378,1.8k,23,11,52
2806,Merck,4.1,379,2.4k,20,5,37
2807,Karvy Innotech,3.0,378,1.8k,30,,16
2808,SRM University,3.5,378,1.4k,29,2,33
2809,VIT University,3.9,378,1.5k,30,76,27
2810,eNoah iSolution,3.7,378,2.2k,33,23,20
2811,The Phoenix Mills,3.8,378,1.8k,24,21,25
2812,AQuity Solutions India,3.7,378,2k,40,,24
2813,Sarvodaya Hospital,3.7,378,1.4k,18,30,24
2814,Air Liquide,3.7,378,1.6k,29,10,33
2815,AppInventiv Technologies,3.8,378,2.5k,78,22,65
2816,Daimler Truck,3.7,378,2.5k,40,,1
2817,TruBridge Healthcare Private Limited,3.9,378,558,126,1,4
2818,Icertis,3.2,377,3.1k,54,53,49
2819,Agilent Technologies,4.0,377,1.9k,22,71,53
2820,Icertis,3.2,377,3.1k,54,53,49
2821,Rosmerta Technologies,3.4,377,1.6k,31,17,14
2822,MCM Telecom Equipment,3.8,377,899,17,,40
2823,S2 Infotech,3.5,376,1.5k,13,,19
2824,Parksons Packaging,4.1,377,1.4k,17,2,28
2825,L&T Valves,3.8,376,2k,14,,34
2826,JUSTO Realfintech,4.5,376,628,124,29,4
2827,Bosch Rexroth India,4.0,376,1.5k,20,,40
2828,G. D. Foods MFG (TOPS),3.8,376,964,21,7,32
2829,DB Power Limited,4.6,376,734,38,,26
2830,Diverse Lynx,3.5,375,1.9k,23,3.7k,4
2831,Heavy Engineering Industries & Shipbuilding,3.9,377,638,15,,5
2832,Call 2 Connect,2.7,374,981,19,2,14
2833,Dorf Ketal Chemicals,3.9,374,1.7k,22,,27
2834,Infotact Solutions,4.4,374,43,81,,5
2835,Indigo Paints,3.8,374,1.3k,28,,15
2836,Hexagon Capability Center,4.0,374,2.8k,42,10,59
2837,S. M. Auto Engineering,3.3,374,1.4k,23,1,12
2838,Alfa Laval,3.9,374,1.8k,34,15,44
2839,Watertec India,3.8,373,1.2k,15,12,28
2840,SirionLabs,3.6,373,1.8k,28,20,43
2841,Methodex,3.7,373,1.3k,14,6,28
2842,Hindustan Foods,3.6,373,1.7k,31,2,22
2843,KaaShiv InfoTech Company,4.9,373,221,37,,2
2844,HBL Global,4.3,373,368,9,,44
2845,Indraprastha Gas,3.8,373,1.6k,21,,32
2846,Watchyourhealth.com,4.6,373,351,52,,22
2847,AgreeYa Solutions,3.2,372,2.4k,25,36,15
2848,Grand Hyatt,4.3,372,899,11,,51
2849,Franchise India Brands,2.5,372,1.4k,33,8,10
2850,Arjas Steel,3.9,372,1.2k,23,3,33
2851,Repco Home Finance,3.6,372,1k,18,1,21
2852,CES,3.4,372,2.4k,55,26,35
2853,Tekion,2.9,372,4.6k,108,62,19
2854,Webkul Software,3.8,372,1.4k,77,3,33
2855,Udaan India - The Original Visa Company,4.2,371,1.5k,23,,1
2856,Hathi Cement,4.0,371,1.1k,24,,24
2857,GD Research Center,3.2,371,2k,26,4,43
2858,US Tech Solutions,3.6,371,2.1k,22,4,25
2859,Motherhood Hospital,3.6,371,1.6k,20,277,15
2860,LeadSquared,2.7,371,3k,66,3,17
2861,Motherhood Hospital,3.6,371,1.6k,20,277,15
2862,GD Research Center,3.2,371,2k,26,4,43
2863,Dixit Infotech Services,3.8,371,1.3k,25,31,19
2864,Helloverify,2.9,372,1.4k,34,1,29
2865,KrazyBee,3.7,371,1.7k,15,8,21
2866,Mahendra’s Institute,3.2,370,695,10,,37
2867,Workcell Solutions,3.7,370,1.1k,27,7,2
2868,Balaji Wafers,4.4,370,1.1k,27,2,21
2869,Berkadia,3.8,370,2.1k,31,5,35
2870,Polybond India,3.8,370,1.4k,15,3,25
2871,Nyati Group,4.2,370,1.3k,37,,24
2872,Labournet Services,3.8,370,889,22,6,52
2873,Foundit,3.2,369,1.9k,34,2,1
2874,Hyundai Engineering and Construction,4.4,369,527,23,,43
2875,Netlink Software,3.2,369,2.1k,20,15,40
2876,TCG Lifesciences,4.1,369,1.2k,14,,38
2877,Ryan,3.9,370,1.6k,32,24,137
2878,Everest Spices,3.7,369,1.1k,16,2,20
2879,EXEDY,3.8,369,1.5k,24,,51
2880,EXEDY,3.8,369,1.5k,24,,51
2881,Kores,3.7,369,1.6k,20,4,23
2882,TVS Mobility,4.0,369,1.3k,35,1,12
2883,Paragon Footwear,3.9,369,1.3k,17,5,5
2884,TrueBlue,3.5,369,2.2k,29,,20
2885,Rail Vikas Nigam,3.4,368,955,13,,28
2886,CEVA Logistics,3.8,368,1.3k,13,3,28
2887,Sharda University,3.7,368,1.6k,24,59,35
2888,Hilex,3.8,368,1.2k,17,,33
2889,Thermax Babcock Wilcox Energy Solutions,4.1,368,1.7k,24,,22
2890,Joyalukkas,3.9,369,914,35,6,25
2891,CANTABIL RETAIL INDIA,3.9,368,1k,26,3,13
2892,Johnson Controls Hitachi Air Conditioning,3.7,367,1.6k,21,,3
2893,Wildcraft,3.7,367,1.4k,13,2,38
2894,The Hans Foundation,4.2,367,691,34,101,2
2895,Zara,3.5,368,802,37,,41
2896,Civica India,3.0,367,2.1k,37,15,16
2897,Acme Generics LLP,3.5,367,1.2k,14,,20
2898,Eisai Pharmaceuticals,4.0,367,1.2k,23,,49
2899,Intercontinental Consultants & Technocrats,4.1,367,1.1k,27,5,23
2900,Merck Life Science,4.0,367,2.7k,20,2,29
2901,Associated Road Carriers,4.1,367,1.2k,23,3,15
2902,Grihum Housing Finance,3.6,606,2k,25,,7
2903,GSP Crop Science,4.0,367,1.4k,26,15,26
2904,Ambuja Neotia,3.9,367,1.2k,16,1,25
2905,Teachnook,2.9,367,410,90,,2
2906,Wellness Forever Lifestyle Chemist,3.9,367,1k,27,,13
2907,Offshoot Agency,3.4,366,1.1k,24,,21
2908,ITSource Technologies,2.8,366,1.8k,28,,21
2909,VTP Realty,3.6,366,1.7k,42,16,10
2910,Fosroc India,4.4,366,1.3k,26,,39
2911,Mobileum,3.3,366,2.3k,41,9,89
2912,Kaddacon Systems,4.5,366,,16,,
2913,Teamspace Financial Services,3.9,366,1.1k,19,,13
2914,Tata Toyo Radiator,3.7,366,1.5k,18,,36
2915,SMFG India Home Finance Co,3.7,369,846,23,,2
2916,The Hershey Company,4.0,365,1.2k,20,21,27
2917,Department of Agriculture,4.3,365,1.2k,46,,33
2918,Lido Learning,2.1,365,1.5k,55,,41
2919,Evoke Technologies,3.6,365,2.7k,27,,17
2920,The Hershey Company,4.0,365,1.2k,20,21,27
2921,Department of Agriculture,4.3,365,1.2k,46,,33
2922,Arcesium,3.4,365,3.4k,88,34,52
2923,Sri Aurobindo Society,4.0,365,726,51,,39
2924,Satyam Venture Engineering Services,3.5,366,2.4k,25,29,22
2925,Elecon Engineering,4.2,365,1.4k,20,4,31
2926,NCSI Technologies Pvt Ltd,3.7,365,1.6k,61,11,17
2927,Aquasub Engineering,3.8,364,1.2k,9,1,34
2928,Royal Orchid Hotels,4.0,364,947,13,8,44
2929,Pharmarack Technologies,3.5,364,1.6k,29,,25
2930,Intelliswift - An LTTS Company,3.3,364,2.3k,28,1,16
2931,RCL-PRIYA CEMENT,4.0,365,1.1k,16,,35
2932,Trident Hotels,4.0,363,954,18,,64
2933,Tribhovandas Bhimji Zaveri,4.0,363,1k,7,9,49
2934,Andromeda Sales ans Distribution PVT LTD,3.2,363,1.4k,19,6,17
2935,Ssipl Lifestyle,4.0,363,944,5,2,33
2936,Caparo Maruti,4.2,363,1.2k,13,,30
2937,Karamtara Engineering,3.6,364,1.4k,34,7,22
2938,Smartworks,3.5,363,2k,42,45,17
2939,Nobel Hygiene,3.6,364,1.2k,20,12,27
2940,PowerSchool India,3.4,364,2.7k,45,3,29
2941,Auro Realty Private Limited,4.3,364,1.4k,27,5,12
2942,Time Technoplast,3.8,362,1.7k,12,4,37
2943,Agarwal Packers and Movers Limited,3.5,362,1.6k,18,20,17
2944,Jawahar Navodaya Vidyalaya,4.5,362,513,16,,32
2945,Expedia Group,3.7,362,3.2k,85,13,27
2946,Europa Locks,3.6,363,1.7k,23,3,20
2947,Skillmine Technology Consulting,3.8,364,1.5k,33,2,15
2948,NCCCL,3.4,361,1.1k,18,,29
2949,Thyssenkrupp Industrial Solutions,4.1,361,1.4k,17,,28
2950,Vijay Nirman Company,3.6,361,874,8,,57
2951,ANTOLIN,3.7,361,1.7k,28,1,29
2952,Jumio,3.7,361,980,16,9,45
2953,IPE Global,3.7,361,1.1k,25,81,36
2954,Siemens Healthcare,4.0,361,2.2k,11,11,40
2955,T&M Services consulting,3.7,360,1.1k,23,,22
2956,Shakti Pumps,3.7,360,1.4k,33,83,29
2957,OodlesTechnologies,3.1,361,1.5k,69,28,26
2958,Adroit Synergies,3.3,361,1.2k,43,38,16
2959,Maxxis Rubber,3.5,360,1.8k,30,1,45
2960,Maxxis Rubber,3.5,360,1.8k,30,1,45
2961,Transguard Group,3.9,359,475,19,,48
2962,Welspun Transformation Services Limited,3.7,359,723,35,,9
2963,Audi,3.8,359,1.2k,14,,52
2964,Mymd Healthcare,3.9,359,359,23,6,1
2965,TRL Krosaki Refractories,3.9,359,1.5k,34,,38
2966,Milkbasket,3.8,360,1.6k,23,,16
2967,Schaeffer & Sam,3.3,358,763,13,,7
2968,MAHLE Behr India,3.5,358,881,13,5,60
2969,Medall Healthcare,3.6,358,1.1k,6,1,29
2970,Amoli Organics,3.7,358,1.9k,16,,31
2971,Veeda Clinical Research,3.5,358,1.4k,11,19,32
2972,Sunflag Iron and Steel,3.8,358,1.2k,30,,28
2973,Jade Global,3.4,358,3k,41,223,25
2974,People Group,3.3,358,1.4k,14,28,31
2975,Zoomcar,3.7,358,1.6k,24,2,44
2976,Hollister Medical,4.0,358,1.1k,24,18,40
2977,Apcer Life Sciences,3.5,358,1.3k,23,,21
2978,ThoughtSol Infotech Limited,4.6,372,537,43,11,3
2979,Bliss Gvs Pharma,4.0,357,1.5k,28,2,13
2980,SiliconIndia,2.7,357,1.7k,27,,8
2981,Bliss Gvs Pharma,4.0,357,1.5k,28,2,13
2982,Birla Cement,4.0,357,1.1k,26,,30
2983,Cashpor Micro Credit,3.5,357,798,24,2,26
2984,Synokem Pharmaceuticals,3.9,357,1.4k,16,6,8
2985,K L University,3.8,357,1.1k,45,11,30
2986,Gupta Power Infrastructure,3.0,356,1.4k,12,,36
2987,Avineon India,4.0,356,1.4k,30,5,33
2988,Treebo Hotels,3.2,356,1.4k,28,96,41
2989,Muthoot Housing Finance Company,4.1,356,1.2k,29,11,9
2990,Holcim,3.5,356,1.9k,24,4,38
2991,GGS Information Services,3.8,356,2k,28,3,34
2992,CMA CGM Global Business Services,4.0,356,1.7k,27,,4
2993,Wipro GE Health Care,4.0,356,1.5k,17,,50
2994,Ryan International School,3.1,356,985,19,,37
2995,NTT Global Data Centers and Cloud Infrastructure,3.9,355,1.9k,27,,8
2996,Richa Global Export,4.1,355,1.3k,17,,19
2997,SRMB SRIJAN,3.6,355,1.1k,32,41,26
2998,Hi Tech Projects,4.6,355,634,41,,15
2999,Mitra SK,3.9,355,994,13,,27
3000,Mantra Properties,4.3,355,866,28,11,15
3001,Epsilon Carbon,3.8,355,1.7k,37,,36
3002,Servion Global Solutions,3.3,354,2.5k,36,17,29
3003,Capital Small Finance Bank,3.7,356,1.3k,11,4,24
3004,Emami Paper Mills,4.1,354,797,50,,23
3005,Imarque Solutions,3.2,354,1.3k,17,43,15
3006,MINTIFI,3.5,354,849,21,1,2
3007,SMS India Private Limited,4.0,354,1.6k,29,,19
3008,Expert Global Solutions,3.5,354,2k,36,,18
3009,New Opportunity Consultancy,4.1,354,934,9,80,22
3010,Concord Biotech,3.7,354,1.8k,20,19,24
3011,Planetcast,3.7,354,1.5k,28,,21
3012,Bajaj Auto Credit,4.0,353,726,11,,
3013,MSCI,3.8,353,3.4k,56,133,23
3014,Hitachi Hi-Rel Power Electronics,3.8,353,1.6k,23,10,33
3015,Yamaha Motor India Sales,4.0,353,979,16,,21
3016,Rahee Group,4.1,353,1.1k,36,10,16
3017,Group Bayport,4.0,353,980,31,18,15
3018,Krishna Group,4.0,353,1.4k,26,6,3
3019,Ventura Securities,4.0,353,1.3k,32,27,29
3020,DotPe,3.1,353,1.5k,43,,11
3021,Toshiba Transmission & Distribution Systems,4.0,352,1.7k,23,3,40
3022,SALARPURIA SATTVA,4.2,352,1.5k,30,,21
3023,Ventura Securities,4.0,353,1.3k,32,27,29
3024,Suzuki,3.7,351,1.2k,37,,61
3025,Aarti Drugs,3.5,352,1.5k,22,3,27
3026,Windlas Biotech,3.9,351,1.4k,26,,26
3027,Pegasystems,3.6,351,3.1k,31,87,52
3028,Medline Industries India Private Limited,3.9,351,2.4k,47,3,22
3029,Debtcare Enterprises,4.3,351,307,12,1,71
3030,DEN Networks,3.8,352,1.4k,14,,28
3031,Ample Technologies,3.8,351,1.5k,24,25,34
3032,Subway,4.1,351,769,26,,34
3033,The Park Hotels,3.9,351,1.2k,10,1,49
3034,Kokuyo Camlin,3.8,352,1.1k,24,2,27
3035,Sandvik Mining and Rock Technology,4.1,352,1.5k,29,,27
3036,Actalent Services,3.6,351,1.6k,24,,2
3037,Lauritz Knudsen Electrical & Automation,4.2,358,1.4k,21,,5
3038,Evelyn Learning Systems,3.9,350,729,38,,88
3039,Syncfusion,3.5,350,2k,53,1,41
3040,Mobiloitte Technologies,3.1,350,990,32,9,30
3041,Deenanath Mangeshkar Hospital,3.9,350,948,16,,31
3042,Centre For Sight,3.9,350,1.2k,17,21,29
3043,Adani Infra,3.8,351,1.3k,33,,4
3044,Uneecops Technologies,3.6,350,2k,22,,32
3045,Técnicas Reunidas,3.9,350,1.6k,32,,23
3046,AIMLAY,4.6,350,377,15,26,10
3047,N Ranga Rao And Sons,3.9,350,929,13,,26
3048,Vedant Fashions,4.2,350,1.2k,22,3,24
3049,Nabard Financial Services,4.1,350,857,19,,16
3050,Captain Steel India Limited,3.9,350,828,22,4,9
3051,Patil Group,3.6,349,1.4k,31,16,40
3052,SEIL Energy India,4.0,349,1.4k,18,,32
3053,Tata Digital,2.4,349,1.9k,49,12,39
3054,NU Vista,4.1,348,1.2k,11,,40
3055,Qentelli,3.8,348,1.7k,27,59,79
3056,Vini Cosmetics,4.0,349,790,15,,19
3057,Gps Renewables,4.1,349,689,81,,2
3058,Jaypee Cement,3.9,347,875,16,,48
3059,Yalamanchili Software Exports,3.1,347,1.3k,18,,27
3060,McNROE,3.9,347,1.1k,20,6,27
3061,Adient,4.0,347,1.9k,21,,61
3062,VST Industries,3.7,347,948,15,,31
3063,Indifi Technologies,3.6,347,1.8k,33,22,16
3064,Tega Industries,3.8,347,1.4k,27,2,32
3065,Viva Composite Panel,4.6,347,575,65,32,8
3066,Bss Microfinance,3.7,347,789,15,2,13
3067,Wagh Bakri Tea Group,4.3,347,1.2k,27,5,36
3068,Sedemac Mechatronics,3.9,347,1.4k,30,11,29
3069,Carraro,4.0,346,1.4k,15,,29
3070,ShopKirana,3.9,346,1.1k,18,,33
3071,SYSTRA,4.0,346,1.3k,28,,21
3072,Country Holidays Inn & Suites,4.2,346,146,110,,172
3073,Arabian Industries,3.8,346,872,17,,32
3074,Shiash Info Solutions,3.0,346,259,30,,19
3075,Endava,3.5,345,2.3k,26,1,21
3076,Rubicon Research,3.5,345,1.8k,26,10,22
3077,Evolent Health International,4.1,345,1.7k,28,24,38
3078,Rane Brake Lining,4.1,345,1.2k,19,,42
3079,Gtpl Broadband,3.8,344,1.3k,18,,40
3080,OneSource Specialty Pharma Limited,3.7,345,1.7k,41,,38
3081,Rubicon Research,3.5,345,1.8k,26,10,22
3082,Rane Brake Lining,4.1,345,1.2k,19,,42
3083,Utkarsh India,3.8,345,1.2k,51,2,17
3084,Gujarat Alkalies & Chemicals,4.6,345,1.4k,27,,43
3085,Al Tasnim Enterprises,3.5,345,1.3k,14,,31
3086,Marelli Motherson Automotive Lighting,3.6,345,1.3k,24,,14
3087,Hitachi Vantara,3.4,345,5.3k,6,1,37
3088,INOX Air Products,4.1,344,1.7k,21,,25
3089,RedBus,3.9,344,1.9k,39,4,48
3090,Hike Education Private Limited,4.2,344,664,113,7,1
3091,Recipharm Pharmaservices,3.8,344,1.6k,8,,32
3092,Pranav Vikas India Private Limited,3.8,344,1.3k,31,,31
3093,Artemis Health Institute,4.1,344,871,16,13,40
3094,B S R & Co Llp,3.2,344,3.6k,25,41,15
3095,Health India Tpa Services,3.2,344,1.4k,25,14,28
3096,Euler Motors,3.6,345,1.4k,33,9,2
3097,Bellsonica Auto Component,4.0,344,1.2k,22,4,26
3098,RWS Group,3.7,344,2.1k,29,20,15
3099,Duroflex,4.0,344,1.5k,26,7,22
3100,IIC Technologies,3.5,343,1.1k,14,,33
3101,e-Zest,3.9,343,3.4k,30,6,24
3102,Prem Motors,3.8,343,1.1k,15,11,34
3103,Rainbow Hospital,3.7,343,1.5k,19,,10
3104,Akumentis Healthcare,3.4,343,832,17,1,30
3105,Seth M R Jaipuria School,3.5,343,879,26,4,34
3106,Harjai Computers,3.3,342,1.7k,35,,68
3107,L&T Defence,3.7,342,1.9k,29,,43
3108,Kerala State Electricity Board,4.2,342,1.3k,18,,33
3109,Godrej Infotech,3.7,342,2k,33,9,22
3110,Hays Business Solutions,3.4,342,1.9k,22,16,36
3111,Lalitha Jewellery,3.9,342,965,20,,25
3112,Cotmac Electronics,3.7,342,1.5k,23,21,13
3113,Sj Contracts,4.2,342,1.2k,24,2,23
3114,Mitsubishi Electric Automotive India,4.4,342,920,29,,52
3115,Rao IIT Academy,3.6,341,514,9,,75
3116,Mars,3.6,341,1k,17,9,14
3117,Awign Enterprises,3.7,341,1.1k,41,108,12
3118,Parul University,3.4,341,1.1k,25,11,30
3119,Sekisui Dljm Molding,3.8,341,1.3k,19,,26
3120,Jay Chemical Industries,4.0,341,1.5k,19,,31
3121,Sekisui Dljm Molding,3.8,341,1.3k,19,,26
3122,International Game Technology,3.3,341,1.3k,28,,30
3123,Parul University,3.4,341,1.1k,25,11,30
3124,Woodenstreet.com,3.5,341,1.4k,25,4,15
3125,Berar Finance,3.5,341,906,20,,8
3126,National Highways Authority of India,3.8,340,1.2k,25,,12
3127,Halonix Technologies,3.8,340,1.3k,17,2,26
3128,R&R Limousine And Bus,4.0,340,121,,,29
3129,Capri Global Housing Finance,3.4,340,1.1k,21,,8
3130,Escon Elevators,3.7,340,918,26,14,41
3131,Hical Technologies,3.6,340,1.6k,23,10,24
3132,Vaibhav Global,3.0,341,1.5k,24,236,31
3133,Roquette Riddhi Siddhi,3.9,340,1.2k,14,10,36
3134,63 Moons Technologies,3.6,340,1.9k,29,16,31
3135,Zydex Industries,3.9,340,1.1k,22,8,34
3136,Navi Technologies,3.0,340,2.1k,63,130,15
3137,MYCPE ONE,3.9,340,1.1k,24,35,33
3138,TMF Group,3.7,339,1.8k,25,54,23
3139,Urban Ladder,3.6,339,1.5k,44,,30
3140,Urban Ladder,3.6,339,1.5k,44,,30
3141,TMF Group,3.7,339,1.8k,25,54,23
3142,Kyndal India,3.6,339,3.2k,5,,46
3143,METRO Global Solutions Center,3.5,339,1.3k,17,,32
3144,MapmyIndia,3.5,339,1.8k,30,4,23
3145,Synergies Castings,3.8,338,730,13,,10
3146,Zuari Cement,4.3,338,1.2k,20,,29
3147,Eaton India Innovation Center,3.8,338,2.2k,33,,38
3148,ADNOC,4.3,338,835,32,,33
3149,Yara Fertilisers,3.8,338,1k,20,,32
3150,Technicolor,3.5,338,1.9k,24,2,47
3151,RV Solutions,3.6,338,1.2k,12,8,29
3152,Stellar Innovations,3.4,338,1.9k,26,12,16
3153,Hindustan Syringes & Medical Devices,3.9,337,1k,23,2,28
3154,Khimji Ramdas,3.7,337,859,19,26,27
3155,Globtier Infotech Limited,3.3,337,1.8k,20,8,18
3156,AceMicromatic Group,4.2,337,1.1k,19,,38
3157,Borosil Glass Works,3.9,337,1.6k,12,,24
3158,NXP Semiconductors,3.6,338,2.5k,46,17,24
3159,Asti Electronics India,4.1,337,1.3k,23,,45
3160,NXP Semiconductors,3.6,338,2.5k,46,17,24
3161,Data-Core Systems,3.0,337,1.1k,20,4,37
3162,eMudhra,3.6,337,1.6k,20,,15
3163,RSWM,4.0,337,990,15,,46
3164,Globtier Infotech Limited,3.3,337,1.8k,20,8,18
3165,AceMicromatic Group,4.2,337,1.1k,19,,38
3166,Theme Engineering Services,3.7,337,1k,13,5,23
3167,Shaadi.com,3.5,337,1.2k,33,23,10
3168,R.K.M Powergen,4.0,337,1.1k,24,,28
3169,Nutricia,3.4,337,626,22,,8
3170,Eclat Health Solutions,3.9,336,1.1k,60,5,7
3171,EPIQ Systems,3.5,336,1.8k,17,4,31
3172,Arzooo.com,2.6,336,1.2k,25,,13
3173,Swiss Re,3.8,336,2.7k,42,225,29
3174,Pfizer Products India,3.9,336,1.3k,10,,31
3175,Rashtriya Chemicals and Fertilizers,4.3,335,839,18,,17
3176,Essilor,4.1,336,1.4k,15,9,23
3177,Sakthi Auto Components,3.1,335,1k,10,,25
3178,Kushal's Fashion Jewellery,4.4,335,625,36,101,7
3179,Multiplier Brand Solutions,3.7,337,865,11,5,29
3180,Aloha Technology,2.9,336,1.8k,39,5,39
3181,Zf Wind Power,4.1,335,1.5k,18,,38
3182,Technocon Services,3.5,335,831,41,2,15
3183,Mahindra Insurance Brokers,3.3,335,1k,11,6,39
3184,Control Print,4.2,339,1.2k,31,16,31
3185,Groww,3.6,335,2.3k,77,9,15
3186,Protiviti India Member,2.9,336,1.6k,35,142,10
3187,Integrated Wireless Solutions,3.7,334,993,17,2,18
3188,Furukawa Minda Electric,4.2,334,952,7,,30
3189,Kraft Heinz Company,2.9,334,1.3k,25,55,28
3190,TCI Supply Chain Solutions,4.0,334,824,18,,28
3191,Clariant Chemicals,4.2,334,1.6k,15,14,45
3192,Biz 2 Credit Info Services,3.5,334,1.3k,28,20,50
3193,Paytm Payments Services,3.2,334,649,10,,1
3194,Satin Finserv,3.8,334,635,14,5,4
3195,Orchid Pharma,3.7,334,1.1k,45,,17
3196,Council of Scientific and Industrial Research,4.0,334,1.2k,25,,9
3197,Agility,4.0,333,1.2k,12,5,51
3198,Jtekt Sona Automotive India,4.1,333,859,14,,64
3199,Sata Vikas India,3.6,333,930,31,,39
3200,Sata Vikas India,3.6,333,930,31,,39
3201,Autocomp Corporation Panse,3.6,333,1.4k,20,,12
3202,Slice,3.1,333,2k,47,8,6
3203,Infocepts Technologies,3.5,334,3k,38,51,19
3204,Cox & Kings,3.1,332,1k,6,3,45
3205,Lobo Staffing Solutions,4.1,334,1.2k,18,,20
3206,Padmini VNA Mechatronics,3.9,332,1.4k,27,,46
3207,MNC Group,4.1,332,1.7k,128,,52
3208,Somic ZF Components,4.2,333,1.1k,16,,26
3209,Coding Ninjas,3.7,332,1.3k,57,3,4
3210,A-1 Fence Products,4.0,334,945,53,,48
3211,Valvoline Cummins,4.0,331,1.4k,15,14,29
3212,Shah Technical Consultants,3.6,332,895,19,1,22
3213,DCM Shriram Industries,4.1,331,1.4k,14,1,3
3214,Stellar Value Chain Solutions,3.6,331,1.4k,37,,24
3215,Peel-works,3.6,330,653,9,,20
3216,TMEIC,3.8,330,1.5k,20,3,37
3217,The Belgian Waffle co,4.5,330,623,38,2,3
3218,"Ministry Of Health, New Delhi",3.9,331,881,17,18,32
3219,Fluper,4.0,330,544,24,5,43
3220,Lam Research,3.8,331,2.4k,56,36,28
3221,Vascon Engineers,3.8,330,1.1k,27,13,10
3222,Oceaneering International,4.0,330,1.8k,42,3,38
3223,Muthoot Capital Services,3.6,330,879,10,1,13
3224,MSP Steel & Power,3.8,330,1k,33,6,19
3225,Pitaara,4.2,331,395,14,3,
3226,Park Plus,2.8,335,1.8k,54,4,10
3227,Signode,3.7,329,1.4k,21,,35
3228,Paperchase Accountancy,3.0,329,1.6k,32,1,15
3229,Stefanini,2.8,329,1.9k,38,5,18
3230,Huron,3.8,329,2.4k,35,123,18
3231,Global Aluminium,3.8,330,855,18,7,17
3232,ESAF CO-OPERATIVE,3.5,329,868,22,,21
3233,Ircon International,3.9,329,930,28,,35
3234,Cygnet Infotech,3.4,329,2.1k,19,4,35
3235,Netcore Cloud Private Limited,4.1,329,1.6k,32,52,14
3236,Adama,4.1,328,986,17,4,30
3237,Ksb Pumps,3.9,328,1.2k,29,70,26
3238,Kalyani Motors,3.3,328,1.2k,20,17,17
3239,Sub-K IMPACT Solutions,4.1,329,835,28,,31
3240,Satguru Travels and Tour Services,2.9,328,1.2k,32,8,28
3241,Bain & Company,3.8,328,5.3k,115,36,29
3242,Kimberly-Clark,4.0,329,1.6k,16,29,24
3243,Oil India,4.3,329,850,21,,30
3244,You Broadband,3.9,328,973,15,,27
3245,Choice Consultancy Services,3.7,328,1k,16,,6
3246,Advanced Micro Devices,3.7,328,2.9k,53,289,15
3247,Adani Electricity,3.6,329,1.5k,21,,14
3248,Apmosys Technologies,3.2,330,2.6k,54,14,11
3249,Maharashtra Hybrid Seed Company,4.2,328,852,7,,32
3250,Vem Technologies,3.7,328,1.3k,30,2,24
3251,Minda Kosei Aluminum Wheel,4.1,327,983,21,,24
3252,Telecom Network Solutions,3.9,327,1.1k,14,,23
3253,Victora Tool Engineers,3.7,326,1.2k,9,,37
3254,Bluechip Corporate Investment Centre,3.7,327,994,11,18,22
3255,Zebronics,3.8,329,1.2k,32,26,22
3256,Indchemie Health Specialities,3.8,327,897,22,,25
3257,Light Microfinance,4.0,327,856,19,,19
3258,ITM Group of Institutions,3.4,327,1.2k,20,2,22
3259,SOTC Travel Limited,4.1,327,1.2k,23,7,28
3260,Ceat Specialty Tyres,3.9,326,1.2k,20,,22
3261,Halliburton,3.6,326,1.3k,32,39,28
3262,Polyhose,3.6,326,1.7k,17,45,20
3263,Red Health,3.5,326,732,29,2,11
3264,Apollo Clinic,3.9,326,972,15,2,21
3265,MJ Biopharm,3.5,326,1.3k,19,11,25
3266,Siti Networks,3.9,326,986,11,,27
3267,ZUCOL Services,3.5,329,682,70,1,9
3268,Network 18,3.5,325,2.4k,28,12,27
3269,Vasan Eye Care Hospitals,3.9,325,689,5,,26
3270,NIKE,4.0,325,2.2k,45,3,22
3271,MTR Foods,4.0,326,1.1k,25,,24
3272,Walplast Products,4.0,325,1.2k,34,22,33
3273,RNFI Services,3.3,327,966,16,,8
3274,Gufic Biosciences,3.4,325,1.3k,12,19,19
3275,Harsha Engineers,3.8,325,1.6k,32,4,39
3276,L&T–MHI Power Boilers,3.9,325,1.5k,12,,40
3277,SBI Payment Services,4.0,325,1.2k,23,7,20
3278,IFFCO Kisan Sanchar,3.5,324,735,26,,48
3279,Entab Infotech,3.3,324,1.1k,33,7,30
3280,Sundaram Auto Components,4.0,324,1.1k,18,,30
3281,AVASOFT,2.7,324,1.4k,193,,21
3282,Unique Identification Authority of India,3.8,324,985,12,,13
3283,Festo,3.8,324,1.6k,23,11,35
3284,Bal Pharma,3.4,324,1.2k,22,6,23
3285,Polyplastics Industries (I),3.8,324,1.3k,20,,26
3286,Telesonic Networks,3.8,324,797,8,,46
3287,Jaguar Security Services,4.5,324,872,26,6,29
3288,BLS International Services,3.4,324,990,21,16,12
3289,Plasser India,4.0,324,1.6k,23,,41
3290,Campus Activewear,4.1,325,1.4k,15,2,8
3291,Sureti Insurance Marketing,3.3,324,146,60,,11
3292,Zet Town,3.3,324,950,35,,2
3293,InfodriveIndia,4.1,325,491,21,10,114
3294,SMC Corporation,3.7,324,2k,31,19,15
3295,GTPL-KCBPL,3.9,324,441,37,,4
3296,TIBCO Software,3.6,323,3.3k,48,21,55
3297,CKA Birla Group,4.2,323,1.3k,19,,28
3298,Selec Controls,3.5,323,1.9k,30,1,21
3299,IIT Bombay,4.4,323,1.7k,29,6,29
3300,Brick&Bolt,3.6,327,1.2k,34,26,3
3301,Banco Products,3.4,323,1.6k,17,2,21
3302,Silverlink Technologies,3.9,325,363,15,11,31
3303,Aeronautical Development Agency,4.2,323,1.8k,19,,23
3304,Airproducts,3.6,324,1.7k,16,,10
3305,VKC Group,3.8,323,1.2k,19,,25
3306,DSV - Global Transport and Logistics,3.8,323,1.5k,14,1,32
3307,Sequel Logistics,4.1,323,1.1k,18,1,22
3308,CareEdge Ratings,3.2,322,1.8k,18,,17
3309,convergys india services,3.5,323,1k,29,,3
3310,InsanelyGood,4.1,322,1.3k,20,,39
3311,Hyundai Construction Equipment,4.4,322,1.4k,20,4,37
3312,Corizo,3.9,322,364,77,,7
3313,Glorious Insight,3.8,322,238,4,1,5
3314,Allegis Global Solutions,3.4,322,1.5k,12,2,19
3315,Computacenter,3.9,322,2.3k,43,17,22
3316,Ultra Corpotech,4.1,322,1.7k,19,4,6
3317,Statusneo,3.9,323,1.3k,60,23,10
3318,Rithwik Projects,3.9,322,1k,33,27,14
3319,Labcorp,4.0,322,2.1k,44,8,40
3320,Avantor,3.7,322,2.3k,34,15,23
3321,Danske IT,3.6,321,1.7k,19,,46
3322,Boehringer-Ingelheim,4.0,321,1.1k,14,13,29
3323,CityMall,3.3,321,1.4k,33,2,13
3324,Zopper,3.1,321,1.4k,28,6,6
3325,Rajsriya Automotive Industries,3.1,322,1.2k,16,1,22
3326,Adglobal360,3.2,321,2.1k,29,2,13
3327,Nitco,4.1,321,1.2k,11,103,28
3328,Techno Electric & Engineering Company,4.0,321,1.2k,21,2,33
3329,Phenom,3.6,321,2k,47,37,24
3330,Dentsu Aegis Network,3.2,321,2.9k,35,6,12
3331,Highway Industries,4.0,321,1.3k,21,,29
3332,RSM US in India,3.5,321,2.9k,43,481,12
3333,Technosoft Engineering Projects Limited,3.9,321,1.3k,32,15,16
3334,Gyproc,4.0,322,990,14,,47
3335,JSW One Platforms,2.9,321,1.4k,45,5,2
3336,Unilever Global,3.7,322,458,25,,4
3337,Hitech Digital Solutions,3.7,321,1.5k,30,21,31
3338,BIC Cello,4.0,321,967,10,,23
3339,Cadence Design Systems,3.8,321,2.8k,65,110,39
3340,Fino Paytech,3.2,320,573,7,,37
3341,Sheraton Hotels and Resorts,3.9,320,644,10,,31
3342,GE Aerospace,4.1,323,1.5k,20,,2
3343,Aptean,3.2,320,2.3k,51,7,37
3344,Kuwait National Petroleum Company,4.4,320,979,22,,37
3345,Peregrine Guarding,3.9,320,866,13,,22
3346,Wonderla Holidays,4.1,320,1k,17,22,51
3347,DCDC Kidney Care,4.1,320,518,20,5,6
3348,E-Solutions,3.5,321,1.4k,14,,8
3349,Katerra,3.5,319,1.8k,22,,46
3350,Lloyd Insulations,3.4,320,1.3k,22,2,28
3351,Decimal Point Analytics,2.8,319,1.9k,45,18,13
3352,Rushil Decor,4.1,319,924,17,,15
3353,Robosoft Technologies,3.4,319,2.2k,45,13,16
3354,Sundaram Motors,4.0,319,1.1k,7,,20
3355,Inventia Healthcare,4.0,319,1.7k,13,10,26
3356,Novel Office,4.1,319,664,68,52,62
3357,Hindustan Urvarak & Rasayan,3.2,319,1.5k,38,,15
3358,Nava Limited,3.8,319,1.1k,23,1,27
3359,Apisero,4.3,318,2.7k,66,,34
3360,Veolia Water Technologies,4.3,318,1.3k,25,51,21
3361,VIKRAN Engineering & Exim,4.1,318,1.1k,37,1,17
3362,Ace Designers,4.1,318,1.5k,28,4,37
3363,Dinshaws,3.7,318,993,9,,19
3364,Shree Renuka Sugars,4.0,318,1.1k,20,2,23
3365,Omax Autos,3.7,318,976,12,,38
3366,Volvo Trucks,4.0,318,1.5k,29,,29
3367,Lucas Indian Service,4.0,318,975,23,,21
3368,HL Mando,4.1,318,1.1k,17,,3
3369,Dvara KGFS,3.7,318,963,18,,24
3370,Intelizign Lifecycle Services,3.5,318,2.3k,38,24,
3371,ETA Engineering,3.5,318,812,9,2,33
3372,Kubota Agricultural Machinery India,4.3,318,1.2k,19,,31
3373,SOPAN,4.0,319,1.1k,21,,21
3374,MDC Group of Companies,4.8,317,88,3,,66
3375,Trane Technologies,4.1,317,2k,29,,14
3376,Haleon,3.6,324,1.2k,39,29,1
3377,Mirza International,3.5,318,1.1k,9,3,31
3378,Competent Software,3.5,317,560,7,5,34
3379,Lernx,3.9,317,67,56,,1
3380,Himadri Speciality Chemical Limited,3.5,317,1.6k,27,,34
3381,Louis Philippe,4.3,317,752,11,,30
3382,AVL,3.5,317,1.6k,24,2,32
3383,Transact Global,4.6,329,405,36,20,13
3384,MUFG Bank,3.5,317,2.2k,18,14,9
3385,Machino Plastics,3.8,317,1.4k,24,,14
3386,Gammon Engineers And Contractors,3.9,316,1.1k,21,,29
3387,Gi Group,3.7,316,1.2k,18,,27
3388,Patra India,3.6,316,1.2k,26,,1
3389,ICRA Analytics,3.0,316,1.5k,45,10,34
3390,SAR Group,3.8,316,1.4k,13,,28
3391,GITAM University,3.7,317,1.2k,19,21,19
3392,KJS Cement,3.5,316,1.1k,24,2,25
3393,Aujas Cybersecurity-NuSummit company,3.7,316,2.3k,27,34,8
3394,Brawn Group,3.7,316,1k,20,1,18
3395,Springer Nature in India,4.1,316,2.4k,39,17,25
3396,Merit Data and Technology,3.4,315,1.7k,15,,4
3397,6D Technologies,3.1,316,2.5k,47,3,11
3398,Angelique International,4.5,315,996,13,4,34
3399,Western Digital,3.4,315,2.9k,53,12,26
3400,Karvy Financial Services,3.9,315,1.3k,12,,29
3401,Iconic,4.1,315,903,35,11,20
3402,Swastika Investmart,3.8,315,1.1k,14,12,13
3403,Clarus Rcm Infotech,2.8,315,1k,44,4,9
3404,Kpmg Resource Centre,3.4,315,1.9k,27,,12
3405,CapeStart,4.5,315,585,57,27,126
3406,Kent plc,4.0,315,657,25,36,1
3407,Indo Farm Equipment,3.1,315,905,13,,23
3408,Global Calcium,3.2,314,1.7k,27,36,15
3409,Telstra,3.9,315,2.8k,57,11,25
3410,Pps Motors,4.1,314,987,15,,7
3411,Smaaash Entertainment,4.2,314,715,26,,32
3412,Tudip Technologies,2.9,314,1.5k,72,68,15
3413,Holisol Logistics,3.7,314,1.1k,13,,31
3414,Luxor Writing Instruments,3.4,314,1.1k,12,1,25
3415,Alkyl Amines,4.0,314,1.3k,15,5,33
3416,Rainbow Childrens Hospital,3.8,314,991,22,,31
3417,BYJU'S Exam Prep,3.7,313,1.1k,25,,30
3418,Ven Consulting,3.3,313,775,31,,7
3419,Lloyds Metals And Energy,3.8,313,1.1k,33,,5
3420,Ven Consulting,3.3,313,775,31,,7
3421,Taco Bell,4.2,313,960,17,,13
3422,Lloyds Metals And Energy,3.8,313,1.1k,33,,5
3423,Mahindra Truck and Bus,3.8,313,1k,10,,2
3424,Markelytics Solutions,4.6,313,347,2,5,60
3425,ESAB,4.0,313,1.4k,25,7,38
3426,Jorie Healthcare,4.0,313,421,10,,3
3427,KEPCO Plant Service & Engineering,3.7,313,1k,15,3,26
3428,VGM Consultants,3.3,313,1k,17,1,7
3429,Compunnel,3.5,312,1.9k,21,3,19
3430,Aabasoft,3.9,312,786,41,31,106
3431,1K Networks,3.2,312,1.2k,25,,17
3432,Kalkine,4.2,312,868,19,,30
3433,Balrampur Chini Mills,3.9,312,878,24,,15
3434,Omnicom Media Group,3.1,312,1.8k,15,27,8
3435,CG Foods,3.6,312,2.1k,12,8,19
3436,Honda India Power Products,4.1,312,1.1k,26,,26
3437,WPP,2.9,312,2.1k,20,41,10
3438,UNext,3.0,313,1.5k,33,43,6
3439,MobileComm Technologies India,3.8,312,1k,16,,26
3440,Essar Projects India,3.7,311,746,9,,50
3441,Paragon Digital Services,3.1,311,2k,22,,30
3442,KLJ GROUP,3.3,311,1.4k,18,3,11
3443,Scaleneworks,3.3,311,1.3k,12,10,5
3444,Creative Hands HR Consultancy,4.2,311,205,37,,43
3445,Lanco Infratech,4.5,310,645,3,,51
3446,ProConnect Integrated Logistics,3.7,310,1.4k,11,,24
3447,Lincoln Pharmaceuticals,3.4,310,1.3k,21,12,28
3448,Radiant Cash Management Services,3.3,310,932,8,,10
3449,VSoft Technologies,3.2,310,1.4k,11,,13
3450,KnowledgeHut,4.4,310,783,12,,4
3451,Quintessence Business Solutions & Services,3.8,310,993,8,,113
3452,Frigorifico Allana,3.9,310,1k,11,,35
3453,Fluentgrid,3.5,310,1.6k,26,4,27
3454,Ubisoft Entertainment,3.6,310,1.9k,37,2,50
3455,Resurgent India,4.0,310,531,4,16,72
3456,Fexprime Finance,4.5,310,728,6,,27
3457,Worldline,3.7,310,2.1k,40,8,1
3458,ZF India Technology Center,3.7,310,2k,38,32,65
3459,MSM Unify,3.9,310,449,63,,19
3460,MSM Unify,3.9,310,449,63,,19
3461,ZF India Technology Center,3.7,310,2k,38,32,65
3462,EqualizeRCM Services,3.8,311,1k,36,2,18
3463,Tenon Facility Management,3.5,310,1k,21,,16
3464,Ujjivan Financial Services,4.6,309,609,6,,
3465,Airtel DTH Services,4.0,309,869,23,,44
3466,MIOT INTERNATIONAL,3.4,309,1.2k,17,11,18
3467,Cohizon Life Sciences Limited,3.4,309,1.6k,24,8,17
3468,Princess Cruises,3.9,309,355,12,,33
3469,ABI Showatech,3.4,309,1k,10,,31
3470,Laser Power & Infra,3.7,309,1.1k,18,1,22
3471,Groz Engineering Tools,4.1,309,1.3k,20,8,28
3472,Greentech Industries,3.8,309,1.1k,16,2,36
3473,Modern V.R. Security Force,3.9,309,703,9,3,8
3474,Deepak Phenolics,4.4,309,1.6k,26,21,31
3475,Diya Systems,3.4,308,1.2k,23,,47
3476,Senvion,4.0,308,1.4k,22,4,12
3477,Bharat IT Services,3.3,308,1k,17,,7
3478,Signutra (Health & Nutrition Division of Win - Medicare Pvt Ltd),4.4,308,420,17,1,11
3479,Accel IT Services,3.5,308,1.3k,20,19,5
3480,Inlead Electronics,3.9,308,1k,11,,41
3481,Genisys Group,3.6,308,1.3k,18,8,3
3482,IQ BackOffice,3.5,308,1.5k,16,1,25
3483,IM Gears,3.5,308,971,16,,32
3484,Smart Value Products And Services,4.2,308,600,17,,42
3485,ABP Group,3.3,307,1.3k,8,,40
3486,Toyota Financial Services,3.7,309,1.1k,12,,21
3487,Hinduja Finance,3.9,307,949,12,,15
3488,Can Fin Homes,2.8,307,1.1k,21,,17
3489,SPML Infra,3.9,307,808,22,23,24
3490,Abbott Nutrition International,3.9,307,880,13,,31
3491,UCO Bank,3.7,307,865,20,,36
3492,Rio Tinto,3.5,308,1.5k,46,1,25
3493,Darwinbox,3.6,307,2.2k,53,,21
3494,Alicon Castalloy,3.1,307,1.2k,11,,28
3495,NACL Industries,4.0,307,1k,27,9,22
3496,Jms Mining Services,3.9,308,963,34,,27
3497,Arya Omnitalk,3.8,307,953,18,15,3
3498,Han Digital,2.6,307,678,35,1.3k,1
3499,Walsons Facility Solutions,4.0,306,1.1k,13,,30
3500,Walsons Facility Solutions,4.0,306,1.1k,13,,30
3501,SNVA Group,3.5,306,906,23,80,31
3502,PSA AVTEC Powertrain,3.5,307,1.4k,13,,19
3503,Cactus Communications,3.4,306,1.7k,54,3,36
3504,HostBooks,3.7,306,639,19,3,14
3505,Meitra Hospital,4.5,306,352,15,,8
3506,MSD Pharmaceuticals,4.0,306,1.5k,29,65,32
3507,Moody's Analytics,4.0,307,2.3k,22,35,22
3508,Hindustan Wellness,3.3,306,821,35,4,11
3509,Azure Power,3.8,306,1.2k,23,3,36
3510,Savex Technologies,4.1,306,1.3k,14,,25
3511,Olectra Greentech,3.3,306,1.3k,23,20,21
3512,Jodas Expoim,3.3,306,1.3k,23,15,15
3513,KHY ELECTRONIC,3.9,306,988,30,2,21
3514,Sphinx Worldbiz,3.3,306,1.4k,36,,10
3515,ILJIN ELECTRONICS,3.8,307,854,22,,12
3516,Madina Group,4.5,306,509,24,,46
3517,MARK EXHAUST SYSTEMS,4.1,306,1.1k,18,,25
3518,ZIM Laboratories,3.0,306,1.3k,10,15,32
3519,Aristocrat,3.8,305,2.4k,60,41,33
3520,MN Dastur & Company,4.0,305,728,11,1,43
3521,Softcell Technologies,3.9,305,1.9k,23,22,16
3522,Aristocrat,3.8,305,2.4k,60,41,33
3523,Annexmed,3.2,305,1.3k,16,24,18
3524,Bnp Paribas Securities,3.7,307,1.8k,13,,32
3525,Mit World Peace University,3.9,305,1k,17,3,13
3526,First Flight Couriers,4.4,304,485,8,31,30
3527,Nissin Brake,4.1,304,844,12,,55
3528,Micro Plastics,3.6,305,1.3k,30,6,31
3529,TestingXperts,3.7,304,2.1k,48,,23
3530,Vashi Integrated Solutions Limited,3.8,304,1.4k,23,114,25
3531,Manipal Technologies,4.0,304,1.8k,12,21,33
3532,Yum!,4.1,304,1.1k,18,11,40
3533,Asort Company,4.0,305,369,18,,7
3534,Aksentt Tech Services,4.6,305,361,152,2,13
3535,ATMECS Global,3.3,304,2.4k,37,7,23
3536,Doha Petroleum Construction Company,3.8,304,646,23,,14
3537,Aarti Steels,3.7,302,1.3k,34,2,27
3538,Orix Auto Infrastructure Services,4.1,304,935,14,,26
3539,Kusum Healthcare,4.0,303,1.3k,14,3,34
3540,Ozone Pharmaceuticals,3.8,303,930,13,4,17
3541,TIDC India,3.8,303,1.2k,11,,32
3542,Electrical Research & Development Association,3.9,303,925,16,2,31
3543,Adani Gas,3.1,303,1.4k,36,,34
3544,Cavisson Systems,2.4,303,1.9k,23,5,33
3545,Tata Marcopolo Motors,3.9,303,1.1k,17,,35
3546,Pulse Pharmaceuticals,3.4,303,894,14,13,27
3547,Lion Engineering Consultants,3.4,303,806,13,11,14
3548,Military Engineer Services,4.6,303,652,13,,29
3549,ClaySys,3.9,302,933,71,14,3
3550,HungerBox,3.8,302,1k,16,8,30
3551,Versuni India Home Solutions,3.4,302,1.2k,16,2,5
3552,Zydus Hospital,4.2,302,1k,14,,35
3553,DEC Infra,3.7,302,1.2k,29,,21
3554,Equinox Labs,4.0,302,887,43,5,24
3555,Ratnamani Metals and Tubes,4.2,302,1.2k,14,10,32
3556,INDIABULLS PHARMACEUTICALS,2.9,301,576,13,,28
3557,Teamlease Digital,3.4,301,1.9k,24,,5
3558,Tata Play Fiber,4.0,302,1.2k,15,2,16
3559,Suburban Diagnostics,3.9,301,1k,10,,28
3560,TATWA Technologies,3.2,301,822,17,5,18
3561,Renom Energy Services,4.3,301,972,21,,17
3562,Busibud,3.7,301,126,43,,7
3563,Thomson Digital,3.9,301,729,29,1,15
3564,JSW Steel Coated Products,3.8,301,1.1k,28,,12
3565,Universal Mep Projects & Engineering Services,3.7,301,746,20,,3
3566,AI Variant,4.3,301,1.4k,37,,9
3567,Doubtnut,3.4,300,1.2k,39,,28
3568,Pitney Bowes,3.6,300,1.9k,24,1,33
3569,Cliantha Research,4.0,300,1.3k,17,8,28
3570,Laxmi Civil Engineering Services,3.9,300,858,15,,23
3571,EXO Edge,3.6,300,1.1k,39,11,8
3572,Praxis Services,3.1,300,925,27,5,27
3573,Molecular Connections,3.1,300,1.3k,21,1,21
3574,Unibic Foods,3.7,300,1k,14,,22
3575,Zeta,3.3,300,2.9k,80,112,21
3576,Aurigene Pharmaceutical Services,4.2,300,1.1k,27,30,19
3577,Gionee,4.5,299,302,1,,55
3578,"Nitor Infotech, an Ascendion company",4.2,299,2k,50,12,14
3579,Van Heusen,4.0,299,679,14,,30
3580,Silverskills,3.4,299,1.1k,26,16,20
3581,SGT University,3.6,299,984,21,11,19
3582,Hema Engineering Industries,3.9,299,1.1k,13,,31
3583,Fidelis Technology Services,3.3,299,1.7k,18,3,12
3584,Sakon,3.0,299,1.8k,35,3,19
3585,Jaiprakash Power Ventures,4.0,300,1.1k,30,,10
3586,Murugappa Group,3.9,299,1.3k,19,68,35
3587,Embee Software,3.7,299,1.2k,9,18,14
3588,Cyber Infrastructure,3.4,299,1.4k,37,137,57
3589,BOLD Technology Systems,3.0,299,1.6k,41,19,29
3590,Sarvagram Fincare,3.9,299,878,17,,5
3591,Metric Stream Infotech,3.2,299,2.2k,19,,38
3592,Hindustan Times,3.3,298,2k,16,1,32
3593,Themis Medicare,3.7,298,1k,14,,14
3594,Sabre,4.1,298,2.2k,36,18,39
3595,Munjal Kiriu Industries,3.8,298,842,14,,23
3596,Ahresty India,3.8,298,1k,23,,15
3597,Amrutanjan Health Care,4.0,298,669,20,1,16
3598,British Biologicals,3.0,298,723,19,,18
3599,Ang India,3.7,299,928,29,2,16
3600,Automotive Robotics (India),3.5,298,2.3k,36,3,16
3601,ONPASSIVE,2.5,298,1.4k,24,,33
3602,Soma Enterprises,4.5,298,740,7,,49
3603,VXI Global Solutions,3.5,298,811,27,23,2
3604,Dainik Jagran,3.5,299,1.1k,12,,26
3605,KreditBee,3.2,297,1.7k,40,15,10
3606,Aurangabad Electricals,4.1,297,1k,13,,38
3607,Hamleys,3.8,297,667,20,,36
3608,Danone Foods Beverages,3.4,297,1.2k,10,,16
3609,Taal Tech India,4.0,297,1.4k,20,19,16
3610,SS Supply Chain Solutions,3.6,297,1.1k,13,12,60
3611,Xpheno,3.6,297,1.4k,22,182,8
3612,Ck Birla Hospitals,3.9,297,1.1k,13,,25
3613,o9 Solutions,3.6,297,3.1k,48,5,24
3614,Bombay Intelligence Security,3.9,297,670,18,14,31
3615,Tata ClassEdge,3.5,297,904,14,8,32
3616,Altruist Customer Management India,4.0,298,1.1k,25,,20
3617,The Indian Hume Pipe Co.,3.9,297,987,18,1,27
3618,Hudson's Bay Company,3.8,297,1.8k,26,31,25
3619,Titan Laboratories,3.4,297,990,8,12,50
3620,Motherson Technology Services,3.3,297,1.8k,29,8,1
3621,ARDEM Incorporated,3.9,297,561,35,21,2
3622,Bharat Wire Ropes,3.6,297,1.3k,39,20,13
3623,NAFFCO,3.3,296,743,25,,30
3624,Bird Worldwide Flight Services,3.3,296,783,30,2,29
3625,VVF,3.9,296,1.3k,14,1,27
3626,ICRA,3.3,296,1.7k,28,,34
3627,Amcor Flexibles India,3.8,296,1.2k,14,,35
3628,Hardcastle Restaurants,3.6,296,805,17,8,30
3629,Tata Green Batteries,3.8,296,751,21,,11
3630,T R Chadha & Co Llp,3.2,296,1.2k,21,3,19
3631,Kelly Services,4.2,295,1.2k,17,,40
3632,Nimbus Harbor Facilities Management,4.1,296,942,13,,19
3633,NVH India Auto Parts,3.3,296,1.2k,14,,47
3634,Guiltfree Industries,3.5,295,980,33,,13
3635,DataTrained,3.5,295,487,20,,37
3636,Peter England,4.1,295,720,8,,27
3637,Blenheim Chalcot,2.7,295,1.5k,51,7,8
3638,Diamondpick,3.9,295,1.5k,14,,13
3639,AIS Glass Solutions,3.6,295,1.4k,27,,42
3640,Koenig Solutions,3.5,295,1k,36,45,17
3641,Dahua Technology India Pvt.Ltd.,3.5,295,1.1k,23,2,9
3642,Cameo Corporate Services,3.3,295,1.2k,16,11,18
3643,GSH Group,4.2,295,947,11,353,35
3644,Personiv,3.6,295,1.7k,22,1,24
3645,Nature's Basket,3.9,295,966,15,,29
3646,Internshala,3.7,294,896,63,1,18
3647,H&R Block,4.2,294,1.7k,25,2,23
3648,Arena Animation,3.6,294,981,20,22,23
3649,Narula Infrastructure,3.8,294,606,19,,17
3650,ERA Group,4.1,294,543,6,7,28
3651,AGI Glaspac,3.8,295,902,24,,21
3652,Bhandari Automobiles,3.7,294,845,14,,21
3653,Checkmate Services,4.0,294,817,16,1,20
3654,Ruby Hall Clinic,3.9,294,957,15,,28
3655,Money View,4.1,294,1.4k,34,,6
3656,Nestaway,3.1,294,1.4k,24,3,35
3657,Infrastructure Leasing & Financial Services,4.2,293,981,5,,35
3658,Keihin Fie,4.3,293,2.6k,6,,46
3659,HyScaler,4.3,293,250,104,24,86
3660,Nexval Infotech,2.7,293,1k,11,1,33
3661,AirAsia,3.5,293,1.4k,30,5,47
3662,GlobalStep,2.3,294,1.8k,31,8,23
3663,Consolidated Construction Consortium,4.4,293,774,13,,38
3664,ScoreMe Solutions,3.5,293,456,10,,102
3665,IndianOil Adani Ventures,3.9,293,937,19,,3
3666,Wartsila,4.1,293,821,10,84,45
3667,Xylem Water Solutions,3.7,293,1.9k,27,96,26
3668,Irclass Systems And Solutions,4.2,293,900,31,10,18
3669,Bajaj Energy,4.3,293,860,10,,30
3670,Woodland,3.3,293,908,13,,20
3671,CPM India Sales & Marketing,4.1,293,982,12,11,29
3672,Columbia Petro Chem,4.0,293,525,15,3,67
3673,Coditas Technologies,3.6,293,2.1k,92,26,11
3674,Spm Autocomp,3.6,293,1.1k,22,,19
3675,Can-Pack,4.4,292,1.1k,20,5,43
3676,JMR Infotech,4.2,292,1.1k,33,2,25
3677,ArcGate,3.0,292,1.1k,24,31,23
3678,Mukand Limited,3.5,292,1.1k,11,16,32
3679,Onida,3.6,293,844,10,,21
3680,RHI Magnesita,3.9,292,1.1k,15,15,12
3681,NatWest Markets,3.9,292,2.8k,18,71,44
3682,Essae Teraoka,3.6,292,865,10,2,41
3683,Can-Pack,4.4,292,1.1k,20,5,43
3684,Citrix,3.2,293,2.4k,54,,34
3685,Infiniti Software Solutions,4.5,294,540,93,3,6
3686,ArcGate,3.0,292,1.1k,24,31,23
3687,JMR Infotech,4.2,292,1.1k,33,2,25
3688,SBS,2.7,292,2.1k,28,7,38
3689,Manba Finance Limited,3.8,292,909,13,1,8
3690,Jaguar Land Rover,4.0,292,1.6k,32,,21
3691,TCPL Packaging,4.0,292,1.3k,18,3,23
3692,Onida,3.6,293,844,10,,21
3693,Mukand Limited,3.5,292,1.1k,11,16,32
3694,Presto Infosolutions,3.0,292,1.2k,16,,11
3695,TP Central Odisha Distribution,3.6,295,865,39,,19
3696,Ms Agarwal Foundries,4.2,292,854,25,,8
3697,Inventys Research,4.1,292,771,9,1,8
3698,Levelshift,3.2,291,1.4k,32,15,29
3699,Business Integrity Services,4.3,292,510,50,7,7
3700,Inventys Research,4.1,292,771,9,1,8
3701,Levelshift,3.2,291,1.4k,32,15,29
3702,Business Integrity Services,4.3,292,510,50,7,7
3703,Danfoss Power Solutions,3.9,291,1.1k,11,,22
3704,POSCO MAHARASHTRA STEEL,4.2,291,1.3k,15,,36
3705,Garware Technical Fibres,3.5,291,1.3k,14,5,28
3706,Netsmartz Infotech,3.9,291,1.3k,24,12,13
3707,Gaja Engineering,4.2,291,1.1k,25,3,36
3708,Equifax,3.4,291,2.1k,39,66,9
3709,Jasper Colin,3.9,291,707,38,7,30
3710,ESIC HOSPITAL,4.0,292,918,10,,18
3711,OnProcess Technology,3.9,290,880,12,,53
3712,CQRA,4.3,290,808,22,8,18
3713,McAfee,3.7,290,2.9k,32,3,48
3714,Atul Auto,3.8,290,1.2k,28,15,24
3715,Pepe Jeans,4.2,291,883,10,,37
3716,Piramal Foundation,4.1,291,845,17,,19
3717,Ninestars Information Technologies,3.1,290,1.4k,22,,13
3718,AltezzaSys,3.8,290,746,59,2,9
3719,Innoviti Technologies Private Limited,2.9,290,1.5k,23,10,19
3720,McAfee,3.7,290,2.9k,32,3,48
3721,R L Fine Chem,3.6,290,1.5k,21,4,28
3722,TJSB Sahakari Bank,3.7,290,1.2k,22,,22
3723,Zaalima Development,4.3,290,7,86,,1
3724,Domino Printech India LLP,4.2,290,825,54,10,22
3725,Baoiam Innovations,4.6,290,37,18,,11
3726,Royal Research,2.0,289,483,28,,26
3727,TAJSATS AIR CATERING,4.0,289,923,13,17,39
3728,Tablets (India),3.8,289,825,23,,24
3729,LANXESS India Private Limited,4.1,289,1.1k,19,25,40
3730,GMR Energy,4.1,290,950,20,,38
3731,Karuna Management Services,3.6,289,431,23,5,8
3732,Vinati Organics,3.9,289,1.5k,16,,18
3733,SSF PLASTICS,3.6,289,1.1k,18,1,17
3734,CR3 Group,3.9,289,927,20,10,1
3735,ecare India,3.8,289,1.2k,18,12,23
3736,Allanasons,3.9,288,1k,21,24,39
3737,Efftronics Systems,3.2,288,892,50,,30
3738,Ador Welding,3.9,288,1.1k,12,11,30
3739,Slr Metaliks,4.1,288,1k,24,,32
3740,MSPL,4.0,288,1.2k,29,6,23
3741,Hughes Systique Corporation,3.8,288,2.1k,41,2,31
3742,Vilas Javdekar Developers,3.8,288,1.2k,35,2,11
3743,Ajio Business,3.7,288,583,16,,9
3744,LatentView Analytics,3.5,288,2.7k,73,3,20
3745,Shreya Life Sciences,4.1,288,606,11,,19
3746,Incture Technologies,2.6,288,2.5k,55,17,18
3747,Listenlights,3.8,289,1.2k,31,18,10
3748,Mantra Technologies,3.6,288,792,34,,18
3749,Spectranet,3.6,288,1.2k,21,3,21
3750,doodleblue innovation,3.6,287,1.2k,25,8,33
3751,Origo Commodities,3.5,287,833,14,1,22
3752,People Prime Worldwide,3.9,291,1.4k,35,,9
3753,Merino Laminates,4.0,287,918,14,3,15
3754,IT By Design,3.3,287,1.5k,42,12,9
3755,QDegrees,3.4,287,962,15,13,17
3756,Rupa,3.6,287,882,18,3,19
3757,Shriram Chits,3.7,287,684,10,,15
3758,Calsonic Kansei Motherson Auto Products,4.0,287,1.1k,15,,30
3759,Nilkamal Furniture,3.9,287,1.1k,18,,16
3760,Clifford Chance,3.8,287,1.9k,18,,30
3761,DynPro,3.8,287,1.4k,29,3,6
3762,Solartis Technology Services,3.5,287,1.9k,32,,21
3763,Myk Schomburg,3.8,287,879,18,,20
3764,THE GUARDIANS Real Estate Advisory,3.5,287,1.2k,25,29,14
3765,Knowledge Splice Services pvt ltd.,3.0,287,1.2k,16,2,17
3766,Airbnb,3.5,286,1.5k,28,19,29
3767,Roki Minda Co,4.6,286,815,10,,28
3768,Mahindra Teqo,4.0,291,1.1k,25,1,20
3769,Cure foods,3.5,286,826,19,,31
3770,Aspiro Pharma,3.7,286,999,12,,19
3771,Aurigene Oncology Limited,4.2,286,1.1k,15,4,26
3772,Indus Valley Partners,2.9,286,2.4k,57,30,41
3773,National Institute for Smart Government,3.6,286,1.6k,30,114,15
3774,Tamilnad Mercantile Bank,2.5,286,870,19,,12
3775,Wirtgen India,4.2,285,1.1k,16,,27
3776,Mirafra Technologies,3.7,286,2.5k,58,95,14
3777,Aditya Birla Memorial Hospital,4.4,285,784,19,1,14
3778,TowerVision India,4.2,285,979,15,,32
3779,SAVIC Technologies,2.4,285,1k,21,10,19
3780,Mirafra Technologies,3.7,286,2.5k,58,95,14
3781,Trelleborg,3.9,285,1.6k,21,9,37
3782,SAVIC Technologies,2.4,285,1k,21,10,19
3783,TowerVision India,4.2,285,979,15,,32
3784,Pitambari Products,4.2,285,998,10,,25
3785,Avanse Financial Services,3.9,285,1.5k,27,12,16
3786,The Fern Residency,4.0,285,931,8,3,17
3787,Imperative Business Ventures,3.7,285,641,13,1,54
3788,Saregama India,4.0,284,888,9,,24
3789,Pfizer Healthcare india pvt lit,3.9,285,1.3k,23,,38
3790,Tradebulls,3.1,284,1.3k,18,18,17
3791,Bharat Dynamics,4.5,284,665,10,,44
3792,SquadStack,3.4,284,811,33,26,20
3793,LM Wind Power,4.0,284,1.3k,16,,26
3794,Nuclear Power Corporation of India,4.1,284,950,30,,30
3795,Rucha Engineers,3.8,285,1.3k,19,,18
3796,Zee Laboratories,3.0,284,847,30,35,19
3797,Junglee Games,4.1,284,1.6k,50,1,17
3798,Apollo Diagnostics,4.2,284,829,15,,17
3799,Amartex Industries,3.7,283,313,12,9,98
3800,Alf Engineering,4.0,283,1.3k,29,,14
3801,Indira Gandhi International Airport,4.0,284,759,14,41,10
3802,Omkar Realtors & Developers,3.7,283,905,6,,33
3803,Elcamino Software,3.1,284,885,23,,17
3804,Nilons Enterprises,3.9,283,908,19,1,38
3805,Verse Innovation,3.5,283,1.5k,30,1,24
3806,Home Centre,4.0,284,1.1k,17,,23
3807,SHV Energy,3.8,283,1.1k,16,4,26
3808,Delhi Duty Free Services,3.9,283,1k,15,1,30
3809,Wallace Pharmaceuticals,3.8,283,792,16,,31
3810,Ratnadeep Retail,4.2,283,967,18,13,23
3811,GIVA Jewellery,3.2,283,882,22,7,1
3812,kipi.ai,3.8,283,1.2k,60,,3
3813,Futwork,3.7,283,241,26,1,6
3814,Segula Technologies,3.4,283,1.7k,28,1,8
3815,Quantzig,4.6,282,317,5,1,59
3816,RNF Technologies,3.0,282,1.2k,37,3,62
3817,Jetking Infotrain,3.6,282,839,13,,28
3818,Bhash Software Labs,4.6,282,153,43,,25
3819,PurpleTalk,3.7,283,1.5k,29,12,26
3820,Rimjhim Ispat,3.4,282,720,12,,7
3821,Eastman Chemical Company,3.9,282,819,17,5,118
3822,SEABIRD LOGISOLUTIONS,3.9,282,1k,19,5,28
3823,Bacancy Technology,4.3,282,1.2k,65,6,9
3824,Samarth LifeSciences,3.6,284,899,21,3,19
3825,Munjal Auto Industries,3.5,282,1k,13,,22
3826,Perkins,4.3,282,1.1k,11,,22
3827,Sakata Inx,3.9,282,1.1k,15,1,20
3828,Tata nexarc,3.0,282,991,29,2,3
3829,Borgwarner Emission System,3.7,282,1.4k,13,,19
3830,CloudFoundation,4.8,282,146,1,3,8
3831,Adani Solar,3.6,281,1.1k,36,,113
3832,Popular Vehicles and Services,3.8,281,1.2k,9,1,23
3833,SMS Limited,4.0,281,2.5k,13,,31
3834,Naaptol Online Shopping,3.4,281,929,28,4,34
3835,Bony Polymers,3.5,281,1.1k,14,1,22
3836,Sonata Finance,3.8,282,702,14,1,26
3837,Namdev Finvest,3.8,282,526,12,4,4
3838,Konica Minolta Business Solutions India Pvt. Ltd.,4.0,281,1.2k,31,20,31
3839,Elico Healthcare Services,2.9,281,894,20,7,25
3840,Sunteck Realty,3.2,281,1.4k,23,18,10
3841,Toyota Material Handling,3.7,281,1.1k,15,1,29
3842,MosChip Technologies,3.9,281,1.1k,31,27,30
3843,Videocon Industries Ltd.,3.8,280,857,11,,15
3844,Impelsys,3.2,280,2.3k,28,4,24
3845,Classplus,3.8,280,1.7k,32,1,21
3846,V2Solutions,2.9,280,1.2k,28,7,22
3847,Navneet Education,3.9,280,1.2k,12,,20
3848,Learning Routes,4.4,280,400,62,3,13
3849,Fourrts,4.0,280,786,14,2,24
3850,Shyam Indus Power Solutions,3.7,280,939,23,7,26
3851,Radium Creation,3.9,280,657,9,2,46
3852,Autodesk,4.0,280,2.7k,46,7,25
3853,Automotive Axles,3.9,280,929,6,,20
3854,Mindfire Solutions,4.0,280,1.6k,45,10,35
3855,Crescent Foundry,3.9,280,1k,35,12,22
3856,Escalon Business Services,3.8,280,1.1k,30,4,38
3857,Girlscript Foundation,4.9,280,13,73,,2
3858,Amrita Institute of Medical Sciences and Research,3.7,279,1k,8,,19
3859,Any Brand,4.2,279,2.1k,102,,29
3860,Netafim Irrigation India,4.1,279,901,14,,41
3861,Stelmec,3.1,279,1.3k,29,1,16
3862,SMR Automotive Systems India,3.7,279,1.2k,7,,22
3863,ICICI Direct,3.8,279,1.2k,28,,18
3864,Asia-Pacific Institute of Management,3.9,279,366,18,6,54
3865,Ciron Drugs & Pharmaceuticals,3.2,279,1.3k,23,1,39
3866,Any Brand,4.2,279,2.1k,102,,29
3867,Meghalaya Cements,4.1,279,978,24,,29
3868,Fleetx.io,3.4,279,1.2k,32,20,12
3869,FCI CCM,4.4,279,520,28,23,22
3870,Dyninno India,4.0,279,624,35,7,2
3871,EnFuse Solutions,4.1,279,662,37,36,8
3872,Trivium Education Services,3.7,278,883,31,4,24
3873,Muthoot Pappachan Group,4.0,278,885,14,,15
3874,Kangaro Industries,3.6,278,986,16,4,18
3875,Rooman Technologies,3.7,278,776,13,2,19
3876,Sam India Built Well,3.4,278,969,17,,13
3877,Property Solutions,3.8,278,1.3k,7,,10
3878,Tata Memorial Centre,4.0,279,974,7,,10
3879,Prepca Eduserv,4.0,278,181,65,,2
3880,Befree Business Resourceing,3.2,278,1.4k,53,10,27
3881,Amnex Infotechnologies,3.9,278,1.2k,40,,18
3882,Kunal Structure,3.8,278,815,14,,51
3883,Gemini Solutions,3.3,278,2.4k,35,,18
3884,Worldline Global Services,3.6,278,1.8k,26,13,45
3885,Hyperpure,3.5,279,1k,27,,2
3886,Oriflame India,4.1,277,803,16,,43
3887,Cremica Food Industries,3.7,277,995,13,,23
3888,Indian Metals & Ferro Alloys,3.8,277,1.4k,9,4,30
3889,Motilal Oswal Asset Management Company,4.4,277,440,64,,3
3890,Dee Vee Projects,3.7,277,877,12,,28
3891,House of EdTech,4.1,277,137,40,8,1
3892,Tommy Hilfiger,4.0,277,838,17,,24
3893,ANI INTEGRATED SERVICES,3.5,277,1k,17,,10
3894,Servotech Power Systems,3.9,277,678,28,14,12
3895,Anand Rathi Global Finance,3.3,277,1.3k,22,,18
3896,Kaleesuwari Refinery,3.8,277,994,13,7,11
3897,BCT Consulting Private Limited,4.0,277,1.1k,39,14,2
3898,HiyaMee Private Limited,2.9,276,1.8k,15,,14
3899,The Louis Berger Group,4.3,276,693,18,1,37
3900,Powerica,3.7,277,1.1k,14,,30
3901,Ahana Systems & Solutions,3.8,276,1.4k,21,1,17
3902,HM Group,4.5,276,393,30,,8
3903,Edureka,3.0,276,1.4k,27,3,8
3904,The Louis Berger Group,4.3,276,693,18,1,37
3905,HyFun Foods,4.3,276,1.1k,20,3,13
3906,Reliance Securities,3.8,276,873,14,,1
3907,Thirumalai Chemicals,3.8,276,1.3k,20,1,17
3908,ISS SDB Security Services,4.1,276,578,4,4,21
3909,AvenData GmbH,4.0,276,597,49,,10
3910,Siegwerk,4.0,276,1k,18,3,26
3911,Anupam Rasayan India,3.5,276,1.3k,19,,15
3912,Vitesco Technologies,4.4,276,1.7k,26,,32
3913,Microsense,3.6,276,986,21,,29
3914,Goldmedal Electricals,3.7,276,1.2k,15,2,8
3915,Bhavani Industries,3.7,275,1.2k,9,,28
3916,Southern Petrochemical Industries Corporation,3.7,275,1.4k,21,,31
3917,Malladi Drugs & Pharmaceuticals,3.7,275,1.3k,26,2,27
3918,Polyplex,4.1,275,986,10,1,34
3919,MetroTelworks,3.7,275,839,16,,35
3920,Veer-O-- Metals,4.2,275,1.2k,14,,23
3921,Dotsquares,2.8,275,2.1k,31,28,12
3922,Transworld Systems,3.0,275,1.3k,6,3,8
3923,Mas Callnet,2.8,276,839,20,7,12
3924,Olyv,4.4,275,581,159,31,2
3925,Zeetech Management And Marketing,3.8,275,46,9,,19
3926,Lee Pharma,3.4,274,1.3k,17,,16
3927,Wika Instruments India,4.0,274,1.2k,21,11,13
3928,EVRY India,4.5,274,1.4k,19,6,26
3929,Lumax Auto Technologies Ltd,4.2,274,1.2k,13,,8
3930,Four Points By Sheraton,4.3,274,680,9,,39
3931,Highbar Technocrat,3.9,274,1.2k,26,7,10
3932,Superhouse,3.3,274,1.1k,19,1,23
3933,Big C,3.9,274,658,17,9,23
3934,Balajee Group,3.6,274,849,14,6,16
3935,Propel Industries,3.7,274,1.5k,36,20,19
3936,P&O Cruises,3.7,273,356,11,,36
3937,Gawar Construction,4.0,273,822,12,,20
3938,Total Environment Building Systems,4.1,273,1.5k,18,8,9
3939,Locuz Enterprise Solutions,3.6,275,1.4k,19,47,24
3940,Duroshox,3.3,273,1k,17,,23
3941,Sir Ganga Ram Hospital,4.1,273,814,9,1,29
3942,Bihar Rural Livelihoods Promotion Society,3.7,273,650,16,,36
3943,Shriram Group,3.9,273,1.4k,11,,20
3944,MMC Infotech Services,3.6,273,952,24,4,11
3945,Policyboss.com,3.3,274,1k,12,,18
3946,Bandhan KOnnagar,3.5,273,662,21,5,26
3947,Vayam Info Solutions,4.0,273,857,15,,21
3948,InnovationM,3.8,273,797,29,20,44
3949,InKnowTech,3.1,273,1.4k,23,,18
3950,Gatewaypark Business,4.7,273,2,19,,
3951,Hitachi Astemo Rajasthan Brake Systems,4.3,274,844,24,,16
3952,Suntory Global Spirits India,4.0,273,936,17,18,17
3953,OneAssist Consumer Solutions,3.8,273,1.2k,21,1,19
3954,Renewsys India,3.9,273,1.3k,20,7,19
3955,Msi Services,4.0,273,905,38,58,7
3956,Nalco water,3.8,272,1k,16,45,30
3957,Spectraforce Technologies,3.1,272,1.3k,26,41,21
3958,ICICI Foundation for Inclusive Growth,3.7,272,683,18,,26
3959,Yakult Danone India,3.7,272,758,12,9,31
3960,Walchandnagar Industries,3.1,273,1.1k,11,3,30
3961,Roche Diagnostics,3.8,273,1.4k,32,,24
3962,INDIAN PUBLIC SCHOOL,3.9,272,1k,18,12,31
3963,STYLAM Industries,3.4,273,1.1k,14,2,11
3964,Calpion Software Technologies,3.5,273,1.6k,21,87,15
3965,Niine,3.7,272,773,15,2,16
3966,Gupshup,2.8,272,1.9k,35,,7
3967,J.M Baxi & Co,3.9,272,1.1k,15,12,25
3968,American Express Global Business Travel,4.2,271,1.8k,15,35,26
3969,Government of Maharashtra,3.8,271,1.6k,21,,24
3970,Mitsuba Sical,3.9,271,891,19,,31
3971,Hero Electric,4.0,271,1k,18,,20
3972,Dover India,4.0,271,2.1k,35,20,16
3973,Drydocks World Dubai,3.9,271,523,21,6,22
3974,BMW,4.1,271,1.6k,22,,19
3975,Indo Amines,3.0,271,1.4k,19,3,21
3976,OSB India,3.7,270,1.1k,34,15,14
3977,Qualys,3.7,271,2.2k,46,24,6
3978,S G Encon,3.6,270,615,18,,25
3979,Varmora Granito,4.0,271,803,13,7,22
3980,Suresh Surana & Associates,3.2,270,993,14,8,20
3981,Indian Molasses Company,3.7,270,1.4k,24,22,24
3982,Jayashree Polymers,3.7,270,1.2k,23,,18
3983,Sun TV Network,3.5,270,1.4k,16,,25
3984,Central Institute of Mining and Fuel Research,3.9,270,626,6,,23
3985,Black Box Limited,2.8,270,1.7k,24,111,10
3986,Interface Microsystems,3.7,270,1.2k,28,,15
3987,Sundaram Business Services,3.8,270,1.1k,13,,26
3988,Bajaj Hindusthan,4.1,270,838,13,,28
3989,Shaily Engineering Plastics Ltd,3.9,270,1.1k,17,4,41
3990,Seven Hills Hospital,3.7,269,793,12,7,25
3991,Puzzolana Machinery Fabricators,4.1,269,876,23,,24
3992,Hindustan Latex Family Planning Promotion Trust,3.5,269,622,10,25,24
3993,International Flavors & Fragrances,3.6,269,1.7k,20,44,22
3994,Emerald Jewel Industry India,3.7,269,1.5k,17,1,22
3995,Al-Yamama Group,3.5,270,465,15,,29
3996,HDFC Credila Financial Services,3.5,269,1.4k,17,5,17
3997,Anand Rathi: Online Stock Trading & Advisory,3.5,269,1.9k,22,132,28
3998,Liugong India,3.3,269,1.2k,19,,28
3999,Ummeed Housing Finance,3.9,269,1.1k,12,,10
4000,Liugong India,3.3,269,1.2k,19,,28
4001,Star Wire India,4.0,269,1.1k,18,,15
4002,Reliable Autotech,4.1,269,1.1k,9,1,30
4003,Ummeed Housing Finance,3.9,269,1.1k,12,,10
4004,Kd Logistics,3.8,268,893,19,7,22
4005,Zee Media Corporation,3.4,268,1.3k,14,35,20
4006,Velnik India,3.2,268,983,26,3,21
4007,Nippon Express,3.9,269,1.1k,9,2,20
4008,Fashion TV,3.1,268,456,27,19,8
4009,Bombardier Transportation,4.4,268,1.1k,12,,43
4010,Unitech,3.7,268,1.1k,9,17,27
4011,Sanmarg Projects,4.0,268,896,21,1,21
4012,East India Udyog,3.9,268,849,16,1,25
4013,Kanwar Enterprises,3.4,268,957,17,8,23
4014,Gracure Pharmaceuticals,3.4,268,1.1k,23,1,18
4015,Noida Power Company,4.3,268,1.2k,25,,23
4016,Chubb,3.4,268,2.9k,63,2,16
4017,ARCIS e Services,3.8,268,696,6,6,17
4018,Freelancer.com,4.1,268,40.3k,74,3,12
4019,Venkateshwar Hospital,3.4,269,981,16,8,10
4020,Healthium Medtech,3.5,268,1.2k,19,23,15
4021,Shriram Value Services,3.9,267,551,3,,35
4022,Trigyn Technologies,3.6,267,1.7k,25,41,16
4023,I P Integrated Services,3.9,268,805,12,,27
4024,Emmvee Photovoltaic Power,3.6,267,983,20,13,12
4025,RM Education Solutions,3.3,268,1.8k,28,9,27
4026,Indian Institute of Science,4.1,267,1.3k,20,5,17
4027,PaySquare Consultancy,3.8,267,1.7k,14,5,16
4028,Sgs Tekniks Manufacturing,3.9,267,1k,18,3,27
4029,Fujitec,3.9,267,1.2k,10,,14
4030,Dnata,3.1,267,953,20,14,29
4031,Normet,3.9,267,1k,17,8,32
4032,Brink's,4.1,266,641,10,,28
4033,Cargo Service Center India,3.6,266,785,14,2,26
4034,Supermax Personal Care,3.6,266,947,18,,20
4035,Nippon Audiotronix,3.3,267,1.1k,12,,20
4036,Forbes & Company,3.8,266,1.2k,16,1,24
4037,Rochem Separation Systems,3.6,266,1.2k,17,1,22
4038,Don Bosco School,3.5,266,578,18,,13
4039,Manappuram Home Finance,4.0,266,861,10,,11
4040,Manappuram Home Finance,4.0,266,861,10,,11
4041,Don Bosco School,3.5,266,578,18,,13
4042,Adonmo,4.5,266,539,27,4,3
4043,Rochem Separation Systems,3.6,266,1.2k,17,1,22
4044,Eastern Condiments,3.9,265,764,15,,21
4045,Vision Rx Lab,3.9,267,917,12,,18
4046,Apex CoVantage,3.0,265,1.2k,11,12,15
4047,Teachmint,3.8,265,1.2k,43,32,26
4048,Nalco,4.1,265,762,25,,18
4049,Vanderlande Industries,3.9,265,1.6k,24,5,30
4050,Bhilai Engineering Corporation,3.7,265,1.1k,10,,26
4051,Lipi Data Systems,3.8,265,862,8,6,21
4052,Ambey Mining,3.4,265,877,32,5,12
4053,Phoenix Contact,4.0,265,1.3k,26,6,20
4054,Sonalika Group of Companies,3.7,265,1.3k,22,18,30
4055,Yubi,3.9,265,1.8k,43,7,9
4056,Himalaya Opticals,4.4,264,548,37,5,18
4057,Walking Tree,3.3,265,1.3k,28,20,17
4058,MM Forgings,3.3,264,1.4k,17,5,23
4059,Unicorn Infosolutions,3.2,264,1k,13,2,11
4060,Rakon,3.7,264,1.1k,14,1,17
4061,Lafarge,4.5,264,516,10,,51
4062,Turing,3.1,264,1.4k,107,12,4
4063,Gap,3.6,264,2k,35,33,24
4064,HYUNDAI TRANSYS INDIA,3.8,265,1.3k,20,4,18
4065,Aqualite India,3.8,264,860,18,,9
4066,DigiTech Call System,2.7,266,736,28,,6
4067,Boston Scientific,3.9,264,1.7k,22,10,19
4068,Vcs Quality Services,4.0,264,948,19,2,30
4069,360 Degree Cloud Technologies,3.9,265,1.4k,69,37,9
4070,Century Pulp & Paper,3.9,264,1.1k,24,,13
4071,JGC Corporation,4.4,264,552,34,14,15
4072,Trackon Courier,3.6,266,972,12,5,15
4073,KiwiTech,3.6,263,1.5k,31,7,9
4074,ICFAI Business School,3.5,263,962,29,4,19
4075,SHL,3.5,263,2k,15,1,32
4076,Confederation of Indian Industry,3.3,265,1.4k,21,1,10
4077,Eastern Software Solutions Pvt. Ltd,3.6,263,1k,15,2,15
4078,Allengers Medical Systems,3.5,263,1.1k,16,41,23
4079,GfK MODE,3.5,263,1.7k,25,,33
4080,GfK MODE,3.5,263,1.7k,25,,33
4081,SHL,3.5,263,2k,15,1,32
4082,Indo Count Industries,3.7,263,1.2k,11,2,17
4083,Strada,3.6,262,3.1k,19,7,25
4084,Shriram Properties,4.0,262,1.3k,24,8,21
4085,MindCraft Software,3.5,262,1.8k,27,,17
4086,Ocrolus East,3.5,262,840,23,12,11
4087,Jbm Auto Components,4.0,262,1.2k,26,,21
4088,EGIS,4.0,262,901,12,,18
4089,Wishfin,3.4,263,1.1k,11,7,18
4090,Alivira Animal Health,4.1,262,991,19,6,22
4091,Liberty Shoes,3.9,262,896,19,3,17
4092,Creamy foods,3.8,262,866,25,5,13
4093,Bristol-Myers Squibb,3.6,264,1.5k,32,230,9
4094,Grauer & Weil (i),3.2,262,1.2k,17,,26
4095,Sakra World Hospital,4.1,262,869,12,4,33
4096,Technique Control Facility Management,3.7,262,968,17,2,14
4097,Belstar Investment and Finance,4.1,262,746,8,1,18
4098,Reliance Fresh,4.3,261,558,20,,32
4099,Meenakshi Polymers,3.4,261,977,16,,21
4100,Meenakshi Polymers,3.4,261,977,16,,21
4101,L&T Realty,3.9,262,1.1k,14,,14
4102,Algonomy,4.0,261,1.3k,11,17,53
4103,Rosenberger Electronic,3.9,261,1.1k,13,,33
4104,Infineon Technologies,3.7,261,2.4k,43,86,22
4105,Synergy Maritime,3.9,261,1.2k,22,33,11
4106,Terex,3.8,261,1.4k,9,5,27
4107,Bajaj Finserv Health,3.5,262,1.5k,22,2,9
4108,MITA,3.9,260,891,19,,18
4109,Etisalat,3.2,260,1.1k,16,,30
4110,Omega Healthcare Solutions,3.7,260,1.8k,38,,21
4111,OmniActive Health Technologies,3.3,260,1.1k,17,7,24
4112,The KCP,4.0,260,952,18,,28
4113,Utthunga Technologies,3.0,260,2k,38,55,16
4114,MAN Truck & Bus,2.8,260,887,15,7,23
4115,Butterfly Gandhimathi Appliances,4.0,260,1k,8,,19
4116,Sentiss Pharma,3.6,260,1.1k,8,8,34
4117,The Professional Couriers,3.5,261,1.1k,8,11,15
4118,Bonn Group,3.9,260,936,12,,26
4119,Moder Solutions,3.3,260,1.4k,21,40,
4120,Shakambhari Ispat & Power,3.8,260,978,21,1,8
4121,RACL Geartech,4.2,260,807,19,,8
4122,MEDOPHARM,3.8,260,1.1k,13,9,24
4123,Yodlee,3.8,259,1.6k,18,,67
4124,Bacardi,3.7,259,934,15,,25
4125,Chain-Sys,3.2,259,2.2k,23,5,19
4126,El Seif Engineering Contracting,4.2,259,312,10,,35
4127,Century Enka,4.0,259,885,15,2,21
4128,TimesPro,3.4,259,1.3k,21,40,5
4129,Nesma & Partners,4.2,259,480,10,,31
4130,Tatva Chintan Pharma Chem,3.6,259,1.1k,19,9,19
4131,Cholamandalam Securities,3.6,259,706,9,3,10
4132,StudyIn,4.0,260,667,33,2,5
4133,SasMos HET Technologies,3.7,260,1.4k,17,2,11
4134,Intech Organics,3.1,259,1.1k,26,10,11
4135,Urbanrise,3.8,259,747,78,5,2
4136,Avanze Technologies,3.1,259,1.3k,27,4,11
4137,Rajiv Gandhi Cancer Institute & Research Centre,4.0,259,894,16,19,19
4138,Hewlett Packard Globalsoft,3.5,258,948,5,,46
4139,Isc Projects,3.8,258,757,16,,20
4140,Sahajanand Medical Technologies,3.5,258,1.2k,12,7,21
4141,RentoMojo,3.7,258,1k,10,69,10
4142,Trimble,3.9,258,2.1k,32,63,27
4143,Rostfrei Steels,3.8,258,832,36,6,9
4144,Mahagun India,3.1,258,985,16,9,19
4145,Shivani Locks,3.6,258,1k,11,,16
4146,UNICEF,4.0,258,703,30,,26
4147,Cochin Shipyard,4.3,258,1.1k,12,,26
4148,Birla Tyres,3.5,258,636,6,,28
4149,Fingent,3.9,258,949,26,18,104
4150,Apparel Group India Private Limited,3.5,259,1.5k,25,2,29
4151,Faber India,4.3,258,945,16,,21
4152,IDP IELTS,3.3,258,1.4k,13,,5
4153,Brinton Pharmaceuticals,4.2,258,553,15,,50
4154,Xtancia Technosoft,4.0,257,46,40,,1
4155,Tata Boeing Aerospace,3.6,257,1.4k,14,25,23
4156,Apna,3.3,257,1.1k,40,5,6
4157,Alchem International,3.9,257,942,15,2,18
4158,Goldstone Cements,3.5,257,1.1k,22,,17
4159,Oncquest Laboratories,3.4,257,860,12,,16
4160,Mitsubishi Elevators,4.1,257,901,8,,29
4161,National Institute of Technology,4.3,257,1.3k,14,,14
4162,Petrocon Engineers & Consultants,3.8,257,856,25,2,7
4163,Jspiders,3.7,257,573,21,,4
4164,Vacmet India,4.2,257,1.1k,15,3,27
4165,Iscon Balaji Foods,3.9,257,914,17,3,7
4166,Sumadhura Infracon,4.0,257,1.2k,20,24,13
4167,Altera Digital Health,3.2,259,1.5k,31,22,2
4168,HyperCITY,4.6,256,387,4,,42
4169,Online Legal India,4.4,256,56,15,,19
4170,LCC Projects,4.2,258,708,23,12,8
4171,Pinkerton,3.8,256,925,13,20,15
4172,Karnataka Bank,3.8,256,1.1k,17,,13
4173,Saurav Chemicals,3.7,256,993,18,9,19
4174,IPROCESS BUSINESS SOLUTIONS,3.6,256,665,14,,5
4175,L&T Heavy Civil Infrastructure,4.2,256,978,24,,99
4176,Schneider Electric Infrastructure,4.2,256,1.2k,7,,27
4177,Smart Chip,4.0,256,713,14,,16
4178,Reliance Cement Company,4.0,256,741,12,,18
4179,Wavin,4.1,256,733,17,1,4
4180,Schneider Electric Infrastructure,4.2,256,1.2k,7,,27
4181,Saurav Chemicals,3.7,256,993,18,9,19
4182,Karnataka Bank,3.8,256,1.1k,17,,13
4183,Dhruv Research,3.0,256,274,14,,1
4184,GrapplTech,4.8,257,15,16,,12
4185,Shyam Steel Manufacturing,3.5,256,846,29,,5
4186,Reliance resQ,4.0,256,565,10,,17
4187,Sequential Technology International,4.1,255,912,11,,38
4188,Naandi Foundation,3.9,255,577,19,,28
4189,Foundation To Educate Girls Globally,4.0,256,527,16,20,22
4190,Modi Mundi Pharma,3.8,255,539,11,11,30
4191,Enzene Biosciences,3.9,255,1.3k,22,7,16
4192,Everest Fleet,3.1,255,937,14,19,1
4193,Snowman Logistics,4.2,255,930,10,2,13
4194,Dbs Mintek,3.4,255,1.3k,21,10,15
4195,Ginesys,3.8,255,667,67,48,9
4196,ATC Telecom Infrastructure,4.3,255,763,14,,26
4197,Wilo Mather and Platt Pumps,4.0,255,1.1k,17,5,23
4198,SCM Garments,3.7,254,1k,17,,28
4199,East African (I) Overseas Dehradun,4.0,254,734,61,4,13
4200,British Airways,2.9,254,1.2k,32,,23
4201,Sahayog Multistate Credit Co-operative Society,3.7,255,682,13,,8
4202,GE Aviation,4.0,254,1.3k,23,,40
4203,Weblink In,3.6,254,944,25,13,37
4204,Enpro Industries,4.4,254,987,22,13,8
4205,Publicis Resources,3.5,258,1.5k,16,4,1
4206,Ricoh,3.9,254,712,9,,33
4207,Sona Koyo Steering Systems,4.3,254,364,7,1,45
4208,Roha Dyechem,3.3,254,1.1k,24,,11
4209,DRA Homes,4.5,254,320,42,,6
4210,Sv Creditline,3.9,254,550,6,2,13
4211,GS Engineering & Construction,3.6,254,687,10,1,53
4212,Mogli labs,3.4,254,1.4k,9,9,21
4213,Expertise Contracting Company,3.5,254,846,24,,15
4214,Star Hospitals,4.1,254,837,9,,18
4215,AISECT,3.8,254,788,9,,21
4216,Richfeel Health & Beauty,2.8,253,600,5,5,27
4217,Cordova Publication,3.5,253,550,5,1,30
4218,FoodPanda,4.0,253,787,7,,31
4219,Centific,3.4,253,1.4k,23,17,5
4220,Weddingz.in,3.0,253,864,17,,27
4221,Mobius Knowledge Services,3.5,253,1.6k,9,8,16
4222,J. C. Penney,3.9,253,1.5k,20,,25
4223,NR Consulting,4.5,253,267,37,59,1
4224,Paul Merchants,3.8,253,546,7,9,10
4225,Nandan Petrochem,3.7,253,956,22,14,10
4226,AAJ Supply Chain Management,3.5,253,732,24,5,19
4227,Easyday Club,4.5,253,455,11,,43
4228,Valmet,4.0,253,1.2k,15,9,23
4229,Insecticides India,4.0,253,1.1k,17,1,18
4230,Gautam Solar,3.8,255,663,25,,11
4231,Oswaal Books and Learning Private Limited,4.1,253,352,32,41,23
4232,WizKlub,2.8,253,791,30,,6
4233,Captain Fresh,3.9,253,1.2k,13,4,17
4234,MBD GROUP,3.4,252,929,12,,19
4235,FICO,3.5,252,2.1k,45,17,41
4236,Diffusion Engineers,4.0,252,635,16,1,113
4237,Cargo Motors,3.8,252,847,8,9,21
4238,Novonesis,3.8,253,1.2k,15,,29
4239,Electronic Arts,4.0,254,2.1k,28,19,9
4240,Tata Strive Skill Development Centre,3.9,252,575,28,3,24
4241,Costa Cruise Lines,4.1,252,365,14,,34
4242,Gujarat Gas,4.0,253,915,17,,30
4243,Winjit Technologies,3.6,252,1.9k,46,51,15
4244,MRO,3.0,253,1.5k,6,11,20
4245,Annora Pharma,3.6,252,1k,25,,13
4246,Bajaj Allianz,3.6,252,2k,15,,
4247,Corsearch,4.0,252,333,9,2,1
4248,Indian Railway Catering and Tourism,3.6,252,871,10,,24
4249,Milky Mist Dairy Food,4.0,252,1.1k,25,,8
4250,Kalinga Commercial Corporation,3.7,252,703,25,1,5
4251,Protean eGov Technologies,3.5,254,1.6k,16,15,3
4252,Madras Radiators and Pressings Limited,3.7,251,373,5,,5
4253,AAFT,4.1,252,470,23,9,12
4254,99acres,3.7,251,1.2k,37,,22
4255,Caplin Point Laboratories,3.5,251,1.3k,17,13,13
4256,National Contracting Company,4.1,251,635,4,,33
4257,NEC Software Solutions,3.8,252,1.9k,24,76,10
4258,Operational Energy Group India,3.8,252,854,13,3,23
4259,Flipspaces,4.1,251,877,18,25,13
4260,Sparsh Hospital,3.7,251,1k,4,63,16
4261,Anthology,3.4,251,1.9k,26,8,11
4262,TourTravelWorld.Com,4.9,251,2,78,3,3
4263,Profectus Capital,4.1,251,941,17,,7
4264,Adani Realty,3.7,250,1.4k,25,,12
4265,GTL Limited,4.3,250,585,10,3,39
4266,Gujarat State Fertilizers & Chemicals,4.3,250,964,13,,20
4267,Catch Foods,4.2,250,405,17,,2
4268,Shivalaya Construction,4.2,250,880,11,5,13
4269,Leeford Healthcare,4.0,250,571,14,12,13
4270,SolarSquare Energy,3.3,253,940,19,52,7
4271,Danieli,3.5,251,1.2k,14,1,28
4272,Real Time Data Services,4.1,250,1.3k,28,17,14
4273,Government of Andhra Pradesh,3.8,250,988,9,,15
4274,Indian Oil- Adani Gas,3.8,250,1.2k,20,12,1
4275,Zyoin,3.7,250,837,20,4,40
4276,Vesuvius,3.8,250,1k,13,,26
4277,Centillion Networks,3.7,250,1.4k,34,1,5
4278,Toshiba Software India,3.5,250,1.7k,22,3,24
4279,Sun Mobility,3.9,249,1.3k,31,5,20
4280,Zee Learn,3.7,249,941,15,,32
4281,Singareni Collieries Company,4.4,250,571,11,,23
4282,Edward Food Research and Analysis Centre,3.7,249,620,29,,12
4283,VSynergize Outsourcing,3.1,249,887,8,20,12
4284,Siddha Group,3.8,249,892,17,,12
4285,PMT Machines,3.1,249,977,22,13,17
4286,Sun Mobility,3.9,249,1.3k,31,5,20
4287,Kutch Chemical Industries,3.9,249,1.1k,21,,20
4288,Dosti Realty,3.7,249,1k,17,,18
4289,ZIGRAM,3.5,249,1.1k,58,13,8
4290,Shalina Healthcare,3.4,249,695,13,19,5
4291,Aegis Logistics,3.6,249,1.1k,27,1,24
4292,Ketto,4.0,249,727,16,22,20
4293,Terralogic Software Solutions,3.0,250,1.9k,34,90,11
4294,KEKA TECHNOLOGIES,3.1,249,1.7k,46,87,10
4295,Malabar Group Of Companies,3.6,249,1.2k,5,6,18
4296,Globus Infocom,4.3,248,600,37,4,29
4297,Think Future Technologies,4.4,249,1.1k,43,1,8
4298,Binary Semantics,3.5,248,1.4k,21,18,22
4299,Global Edge Software,3.4,248,1.7k,25,,32
4300,Welspun Global Brands,3.8,248,843,9,,21
4301,Uniqlo,2.9,249,679,24,5,19
4302,Piramal Realty,4.1,249,1.2k,11,,8
4303,Metacube Software,3.8,248,1.9k,25,13,26
4304,IIT Madras,3.9,248,1.1k,27,3,28
4305,Super Auto Forge,3.9,248,1.3k,9,,26
4306,KGK Group,3.3,248,1.1k,12,21,15
4307,Maharishi Vidya Mandir,4.1,248,649,20,,20
4308,Cognizant Solutions Corp,3.9,248,1.5k,58,,1
4309,Shivaami Cloud Services,4.2,248,517,61,,5
4310,JRG Automotive india,3.3,248,898,12,,5
4311,Media.net Software Services (India),3.2,248,2k,75,41,24
4312,ITCONS e-Solutions,3.3,247,570,16,5,16
4313,Hindware Home Innovation,3.6,247,659,13,,1
4314,greytHR,3.9,247,1.1k,34,14,13
4315,Futurense Technologies,3.7,248,721,33,,28
4316,Kotak Mahindra General Insurance,3.8,247,1.3k,14,,7
4317,Immacule Life Sciences,3.3,247,976,24,,18
4318,LIXIL,4.0,247,986,14,922,17
4319,General Energy Management Systems,3.7,247,972,19,56,23
4320,Bright Life Care,4.0,247,784,13,1,13
4321,Awfis,3.9,247,1.1k,18,27,8
4322,Royal Infraconstru,3.4,247,768,20,7,15
4323,Securens System,3.9,247,734,7,,28
4324,Sundaram Home Finance,4.3,247,716,11,1,12
4325,JSG Group,3.7,247,1.1k,14,13,14
4326,DM Consultants,1.5,246,61,3,,3
4327,L&T Water & Effluent Treatment,4.2,246,305,10,,135
4328,Birla Open Minds Education Private Limited,3.1,246,701,18,7,14
4329,The Sleep Company,4.3,248,768,26,47,1
4330,Plada Infotech Services,3.5,246,726,11,4,13
4331,Cholamandalam MS Risk Services,3.8,247,785,22,2,19
4332,Mahindra Susten,4.4,246,936,12,7,32
4333,Coolberg Beverages,3.2,246,535,23,,39
4334,Amazon Distributors,3.9,246,502,7,,2
4335,SK E&C,4.4,246,491,11,,46
4336,Hawkins Cookers,3.6,246,804,22,,14
4337,Ujala Cygnus,3.7,246,526,15,,7
4338,Accurex Biomedical,4.4,246,261,52,,12
4339,Housejoy,4.2,245,498,2,,23
4340,Kharafi National,4.3,245,315,3,,29
4341,Archirodon,4.0,245,381,19,,27
4342,Allianz,4.4,245,1.7k,20,47,39
4343,United Alliance Technology,4.9,245,27,5,,90
4344,Unison Pharmaceuticals,4.0,245,1.2k,19,12,10
4345,Millennium Engineers & Contractors,4.1,245,1.1k,13,,30
4346,Cryoviva Biotech,3.3,245,613,14,,21
4347,Quality Council of India,3.3,245,1.4k,23,,21
4348,FOX Solutions,3.6,245,1.1k,24,7,15
4349,Essel Mining & Industries,4.3,246,682,15,,14
4350,Integra Micro Systems,3.9,245,1.2k,17,,10
4351,Tangoe,3.9,245,1.2k,22,1,26
4352,NTF Group,4.0,246,999,21,2,1
4353,Appasamy Associates,3.7,245,1k,12,,13
4354,Inland World Logistics,3.5,246,840,12,9,16
4355,Turtle,3.3,245,683,13,1,15
4356,Betsol,3.5,245,1.4k,41,26,21
4357,Bajaj Healthcare,3.3,245,1.3k,10,3,17
4358,Kinetic Engineering,3.5,245,900,14,10,15
4359,Amity Software Limited,4.0,245,746,19,18,31
4360,Quality Council of India,3.3,245,1.4k,23,,21
4361,Grassroots BPO,3.4,245,779,10,10,52
4362,Durian Industries,3.7,245,984,21,9,9
4363,MARG ERP,3.5,245,1.2k,20,1,22
4364,Venus Industrial Corporation,4.0,245,999,17,,18
4365,Chandigarh Group of Colleges,3.7,245,812,21,2,10
4366,ATLBattery Technology (India) Private Limited,3.7,245,627,43,4,2
4367,Vamani Overseas,3.4,245,1.2k,12,8,14
4368,Leayan Global,4.0,245,642,10,,22
4369,Exusia,3.4,244,766,27,,8
4370,Laborate Pharmaceuticals,3.6,244,826,19,2,12
4371,Credera,3.3,244,1.8k,41,7,18
4372,Canam Consultants,3.3,244,803,11,13,10
4373,Oriental Aromatics,3.4,245,1.4k,27,2,16
4374,JP Infra,3.7,244,1.3k,23,20,27
4375,Electropneumatics & Hydraulics (I),4.1,244,1k,23,11,33
4376,L. V. Prasad Eye Institute,4.1,244,622,12,8,22
4377,Mouser Electronics,3.5,244,1.7k,25,10,23
4378,Ramraj Cotton,3.8,244,1k,22,1,7
4379,MAN Energy Solutions,3.7,243,1.2k,15,9,31
4380,MAN Energy Solutions,3.7,243,1.2k,15,9,31
4381,Huntsman International,4.1,243,1k,11,10,42
4382,Barista Coffee Company,4.4,243,664,9,7,32
4383,Intersoft Data Labs,3.5,243,1.4k,22,9,10
4384,Avance Consulting Services,4.0,243,1.3k,10,4,9
4385,Madhucon Projects,3.4,243,770,16,10,23
4386,NextGen Healthcare,3.7,243,1.6k,17,14,34
4387,Xeam Ventures,3.4,244,825,13,,14
4388,Toshiba,4.1,243,1.2k,33,,24
4389,PG Electroplast,4.1,244,1.1k,17,,10
4390,Gallantt Ispat,3.7,243,707,17,,7
4391,Azad Engineering,3.8,243,1.1k,15,1,13
4392,Hill International,4.3,243,669,11,26,26
4393,Amara Raja Power Systems,4.2,243,938,19,126,38
4394,National Petroleum Construction Company,4.4,242,534,11,,44
4395,Tata Sikorsky Aerospace,3.7,242,1.1k,11,,25
4396,STT Global Data Centres India,4.1,242,1.1k,13,,16
4397,PhyCARE Solutions,3.7,242,928,18,,23
4398,Tokai Rubber Auto Parts India,3.3,242,920,17,,28
4399,Rossell Techsys,4.1,243,1.3k,6,1,16
4400,STT Global Data Centres India,4.1,242,1.1k,13,,16
4401,PhyCARE Solutions,3.7,242,928,18,,23
4402,Aditya Infotech,4.3,242,1k,11,11,20
4403,Arun Excello,3.9,242,937,15,5,17
4404,Tata Sikorsky Aerospace,3.7,242,1.1k,11,,25
4405,Keller Ground Engineering,4.0,242,732,20,,29
4406,BuildAHome,4.4,242,329,71,2,49
4407,Searce Cosourcing Services,2.9,242,2k,36,27,19
4408,Yatharth Hospital,3.8,243,887,12,9,4
4409,Dalmia Bharat Sugar & Industries,4.1,242,802,18,1,21
4410,The Institute Of Chartered Accountants,3.4,241,1.3k,17,,20
4411,Trantor,3.8,241,1.8k,29,32,34
4412,Bizcrum Infotech,3.4,241,751,14,,10
4413,British Paints,3.6,241,599,24,,11
4414,Som Autotech,4.0,241,906,16,,16
4415,Koyo Bearings India,4.1,241,735,7,,34
4416,Newgen Knowledge Works,3.5,241,1.2k,14,2,27
4417,Jain University,3.5,243,918,28,,21
4418,Advance India Projects,3.9,243,923,24,3,10
4419,The Sparks Foundation,4.3,241,325,23,,12
4420,Netenrich Technologies,3.3,241,1.9k,32,18,30
4421,Carnival Cinemas,3.5,240,788,8,,23
4422,Klaus IT Solutions,3.6,240,1.2k,14,1,15
4423,Organic India,4.3,240,907,16,,21
4424,Dev Information Technology,3.5,240,1.1k,7,13,15
4425,Infocus Technologies,3.9,240,611,22,20,3
4426,GMM Pfaudler,3.9,241,1.2k,12,,16
4427,Billabong High International School,3.7,240,738,12,1,33
4428,Prabhat Dairy,3.7,240,852,7,,26
4429,Enviri,4.0,240,1.3k,18,24,22
4430,VERITY GLOBAL SOLUTIONS,3.4,240,1.3k,12,,23
4431,Sudhir Power,3.6,240,1k,18,3,25
4432,Raj Petro Specialities,3.8,240,996,7,,16
4433,Oriental Carbon & Chemicals,4.3,241,968,24,,33
4434,Essar Power,4.1,240,992,7,,31
4435,Dynamatic Technologies,3.8,241,1.3k,15,,20
4436,ASUS,4.2,240,889,22,7,28
4437,Epigral,4.1,240,1.3k,20,5,4
4438,Alembic,3.9,240,773,19,155,32
4439,JM Financial Home Loans,4.1,240,598,8,1,
4440,Clearpack,4.1,240,1k,25,2,12
4441,Sai Service,3.7,240,1.1k,13,1,22
4442,Teleindia Networks,3.8,240,1.1k,11,2,25
4443,Massmutual Global Business Services,3.9,240,1.5k,8,35,1
4444,GGS Engineering Services,3.3,241,1.5k,18,,13
4445,Saint Gobain Sekurit India,3.7,240,880,14,,35
4446,Data Marshall,3.3,243,1.2k,13,3,9
4447,Medgenome Labs,3.9,240,954,22,4,16
4448,Kovai Medical Center and Hospital,4.1,240,913,4,7,14
4449,IIFL Securities,3.8,240,1.6k,22,,1
4450,Indiabulls Real Estate,4.3,239,943,9,,25
4451,Bravura Solutions,3.7,239,1.2k,17,12,107
4452,Student Life,4.0,240,558,57,,9
4453,SkillRecruit,4.4,239,331,9,,102
4454,ACN Health care,3.6,239,921,13,3,11
4455,Sraco,3.8,239,565,23,,23
4456,Eaton Power Quality,4.2,240,1.1k,10,,22
4457,Mfar Constructions,3.6,239,763,13,1,32
4458,IndustryBuying.com,3.0,239,1.2k,23,18,29
4459,Wheels Emi,3.7,239,824,16,,11
4460,Mfar Constructions,3.6,239,763,13,1,32
4461,SkillRecruit,4.4,239,331,9,,102
4462,Eaton Power Quality,4.2,240,1.1k,10,,22
4463,ACN Health care,3.6,239,921,13,3,11
4464,Live Connections,3.8,239,848,22,,12
4465,Steel Infra Solutions,3.7,239,860,13,6,2
4466,IndustryBuying.com,3.0,239,1.2k,23,18,29
4467,Wheels Emi,3.7,239,824,16,,11
4468,Stellar Information Technology,3.6,239,1.1k,21,27,20
4469,Sony India Software Centre,3.9,239,2k,35,35,24
4470,iVenus,4.3,239,364,31,28,4
4471,Sales India,4.1,239,1.6k,32,,21
4472,Stanley Lifestyles,4.2,239,834,23,12,9
4473,Lucy Electric,3.9,239,1.1k,14,16,18
4474,Sigachi Industries,3.7,239,1.1k,21,6,17
4475,Dyson,3.7,239,1k,20,9,14
4476,Health & Glow,3.8,240,1.2k,16,2,20
4477,Navata Road Transport,3.6,238,740,15,14,23
4478,Global Opportunities,3.9,238,524,15,,12
4479,Amber,4.1,238,634,34,16,3
4480,Adfactors PR,3.3,238,1.7k,17,20,15
4481,Madras Engineering Industries,3.7,238,1.1k,10,4,14
4482,VGN Projects Estates,4.1,238,689,14,6,82
4483,VHS Consulting,3.8,238,1.5k,14,,6
4484,Hofincons Infotech & Industrial Services,4.2,238,602,7,,29
4485,LOTS Wholesale Solutions,3.9,238,935,19,8,10
4486,Galgotias University,3.3,238,863,18,7,11
4487,SevenMentor,4.3,238,425,62,3,33
4488,Burckhardt Compression,4.0,238,1.1k,9,,25
4489,Ambica Steels,3.6,239,824,23,5,13
4490,Diamond Beverages,3.1,238,748,26,1,21
4491,Vistra Corporate Services,3.7,238,1.3k,23,,14
4492,MamaEarth,3.8,238,1.2k,25,40,12
4493,Vision Express,3.9,238,538,2,,21
4494,Vasta Global,3.7,237,1.1k,41,,7
4495,11:11 Systems,3.4,237,1.4k,17,,44
4496,Model N,4.5,237,900,27,21,13
4497,RG Stone Urology & Laparoscopy Hospital,4.0,237,692,7,75,18
4498,Casio India Company,3.3,237,861,23,,22
4499,Puranik Builders,4.2,237,1.1k,6,4,27
4500,11:11 Systems,3.4,237,1.4k,17,,44
4501,Shri Bajrang Power & Ispat,3.8,237,951,22,9,19
4502,Tesseract Imaging,4.0,237,611,14,3,20
4503,RG Stone Urology & Laparoscopy Hospital,4.0,237,692,7,75,18
4504,Kuwait Oil Company,4.3,237,742,17,,26
4505,Envestnet Asset Management,4.0,237,1.7k,20,,25
4506,e-Procurement Technologies,3.3,237,838,16,,16
4507,Virgo Laminates,4.1,237,694,5,2,27
4508,Model N,4.5,237,900,27,21,13
4509,Gen,4.1,237,1.7k,22,19,38
4510,Madhu Jayanti International,3.3,237,694,19,23,16
4511,Gyansys Infotech,2.7,237,2.2k,15,15,11
4512,Cogito Tech,2.4,241,644,28,,6
4513,Vara United,3.7,237,687,9,4,19
4514,Rishabh Software,3.7,236,1.7k,12,26,24
4515,Bombay Stock Exchange,3.7,236,1.6k,9,2,16
4516,ABCD,4.0,236,4.7k,95,,12
4517,Apollo 247,3.5,236,1.6k,22,10,6
4518,Meghmani Industries,3.4,237,1.1k,13,,8
4519,Avontix,3.5,236,756,21,21,7
4520,Meneta Automotive Components,3.8,236,885,16,,12
4521,Net Solutions,3.9,236,783,10,6,115
4522,Franco-Indian Pharmaceuticals,3.3,237,670,9,,19
4523,Upwork,4.3,236,1.4k,19,4,13
4524,Ruloans,3.7,237,1.1k,16,5,9
4525,Applus IDIADA,4.0,237,655,27,6,15
4526,Simpson,3.5,236,1.1k,12,8,19
4527,RGBSI,3.3,236,1.4k,29,,15
4528,Identifyplus Delivery Services,3.1,236,404,11,,9
4529,Entero Healthcare Solutions,4.1,236,910,12,4,23
4530,Credit Saison India,3.7,236,1.2k,12,10,1
4531,TravelTriangle,3.5,235,963,15,7,44
4532,Verzeo,2.9,235,407,33,,15
4533,C. L. GUPTA EXPORTS,4.3,235,804,6,,20
4534,KTL Automobile,3.9,235,977,22,1,13
4535,Indutch Composites Technology,3.6,235,1.1k,6,,14
4536,Kamineni Hospitals,4.0,235,739,12,23,20
4537,Jindal India Thermal Power,3.7,235,956,23,,17
4538,Randstad Global Capability Center,3.7,237,1.5k,24,,10
4539,Optiemus Electronics,3.6,235,810,10,,12
4540,Javi Systems,3.5,235,700,14,1,16
4541,Mahindra Defence Systems,3.9,235,1.2k,12,2,13
4542,IMSI,3.2,234,815,10,5,16
4543,Pacific Cyber Technology,3.5,234,838,14,16,12
4544,Dataflow Group,3.0,234,1k,18,23,35
4545,Apothecon Pharmaceuticals,4.4,234,977,16,3,29
4546,Mayfair Hotels & Resorts,4.3,234,790,14,38,30
4547,KANINI Software Solutions,3.7,234,1.3k,42,10,4
4548,Zamil Steel Buildings India,4.1,234,1.1k,9,9,24
4549,Hindustan Pencils,4.2,234,662,4,1,28
4550,UBI Services,3.6,234,620,11,7,1
4551,American Tower Corporation,3.9,234,1.1k,6,,27
4552,Infoesearch Ites,3.1,234,643,29,7,7
4553,University of Petroleum & Energy Studies,4.0,234,865,18,7,30
4554,Marathon Realty,3.9,234,814,10,11,21
4555,Chennai Petroleum Corporation,4.5,235,1k,18,,19
4556,SA Infrastructure Consultants,3.5,235,784,11,,20
4557,Leap Finance,3.3,234,939,72,57,4
4558,Link Group,3.7,234,1.4k,34,,28
4559,Health Insurance TPA of India,3.9,234,873,20,,15
4560,Link Group,3.7,234,1.4k,34,,28
4561,Fresher Than Fresh,4.1,233,371,56,,15
4562,Focus Energy,3.4,233,744,19,5,46
4563,Bombay Rayon Fashions,3.1,233,825,4,,19
4564,Jaypee Hotels,3.9,233,650,10,,32
4565,National Securities Depository,3.3,233,1.8k,15,,19
4566,Rittal,3.9,233,1k,13,,20
4567,Miraj Cinemas,3.8,234,530,3,,5
4568,Barmalt Malting,3.9,233,901,14,10,23
4569,Kapture CX,3.5,233,763,21,24,3
4570,Crown Solutions,3.7,233,1.7k,20,,5
4571,Smc Insurance Brokers,3.5,233,842,10,4,13
4572,Smith+Nephew,4.1,233,1.4k,11,35,25
4573,Neuberg Diagnostics,3.3,233,1.1k,10,2,9
4574,Skylark Infra Engineering Private Limited,3.8,234,578,24,5,10
4575,Arkade Group,3.9,233,281,30,2,3
4576,Income Tax Department India,4.3,233,965,10,,17
4577,Toyotetsu India Auto Parts,3.9,233,732,11,,25
4578,Jeena Sikho Lifecare,4.0,234,617,27,15,9
4579,Allen Solly,4.0,233,515,16,,20
4580,Atibir Industries,3.2,233,607,6,1,28
4581,Sila Solutions,3.8,233,723,19,8,15
4582,Galpha Laboratories,3.6,233,725,9,,22
4583,Kanpur Plastipack,3.6,233,750,20,,24
4584,Xchanging,4.1,232,629,4,,43
4585,Broker Network,2.3,233,970,12,,4
4586,Tatvasoft,3.3,232,1.6k,63,1,17
4587,Objectways Technologies,3.1,232,1.4k,16,,4
4588,Filatex India,3.7,232,1.1k,16,,16
4589,ICICI Merchant Service,3.3,232,643,14,,27
4590,Parle Elizabeth Tools,3.9,232,1k,19,,19
4591,MQSYS Technologies,3.6,232,2.3k,15,,11
4592,Touchstone Educationals,3.2,232,499,16,3,18
4593,Chai Point,3.9,232,1.2k,15,19,18
4594,Microchip Technology,3.8,232,1.8k,37,69,18
4595,Godawari Power & Ispat,4.3,232,810,14,,17
4596,Sika,3.7,232,886,19,35,18
4597,Chandan Steel,3.3,232,1k,14,,11
4598,Save the Children,4.4,232,674,16,,26
4599,VISA Steel,3.3,232,805,23,,23
4600,YES SECURITIES,3.6,232,1.3k,18,64,9
4601,Botree Software International,3.5,233,1.5k,19,8,13
4602,Triveni Turbines,3.6,232,1.3k,35,7,25
4603,Rays Power Infra,4.0,233,639,22,18,15
4604,Trivitron Healthcare,3.3,232,1.1k,25,10,28
4605,Kisna Diamonds - HK Jewels,3.5,233,502,19,21,2
4606,Asian Institute of Medical Sciences,4.0,232,1.1k,5,,20
4607,Business for Social Responsibility,3.1,232,517,19,,3
4608,Vaidik Eduservices,3.2,232,511,75,3,9
4609,Simar Infrastructures,3.9,232,782,11,,20
4610,Pahal Financial Services,4.1,232,713,11,4,16
4611,Indo German Tool Room,4.2,231,524,10,,18
4612,Hero Vired,4.3,231,499,15,,2
4613,Hartek Group,3.8,231,695,19,49,38
4614,Vialto Partners,3.0,231,1.4k,32,11,2
4615,St. John's Medical College Hospital,4.2,231,647,5,54,18
4616,FEV,3.4,231,1.6k,10,1,16
4617,Autometers Alliance,4.4,232,933,16,,25
4618,PMEA Solar Tech Solutions,4.0,231,976,15,1,
4619,Galva Decoparts,3.5,231,1k,17,,11
4620,Sterling Hospitals,4.0,231,765,11,5,22
4621,MUNDRA SOLAR TECHNOPARK,3.7,231,706,13,,25
4622,Reecomps Teleservices,3.8,231,648,13,,13
4623,Reliance Home Finance,4.5,230,480,2,,27
4624,Vcare Call Center,3.6,230,551,19,1,21
4625,ITW India,3.9,230,1.1k,13,2,19
4626,Honasa Consumer,3.6,230,808,20,7,8
4627,KhataBook,3.5,231,1.2k,18,2,16
4628,Sangam India,3.7,231,875,17,,14
4629,Formidium Corp,3.0,230,1.2k,11,,11
4630,Vakilsearch,3.2,230,1.1k,15,27,6
4631,Augmont Goldtech,4.7,230,285,46,6,4
4632,IVTL Infoview Technologies,3.5,230,1.6k,11,,22
4633,National Insurance Company,4.5,230,560,5,,23
4634,Jaipur National University,3.1,230,562,8,,7
4635,New Allenberry Works,3.3,230,862,12,,14
4636,Verifacts Services,3.3,230,722,15,3,40
4637,Apollo Pipes,3.9,230,827,15,19,6
4638,Leixir Dental Group,4.1,235,624,76,,8
4639,Neon Laboratories,4.1,230,1.1k,8,,14
4640,PIX Transmissions,3.9,230,858,16,3,23
4641,Asian Heart Institute,3.8,230,430,24,34,8
4642,Fortune Park Hotels,4.1,230,598,9,,25
4643,Linfox Logistics,4.1,230,635,5,1,19
4644,Pharmaceutical job,4.2,230,2.1k,23,,13
4645,Agappe Diagnostics,3.8,230,720,19,11,23
4646,Riddhi Corporate Services,3.9,230,738,12,,13
4647,Covalent Laboratories,3.1,230,955,10,,16
4648,Battery Smart,3.4,230,773,19,20,1
4649,Goodluck,3.7,230,849,22,,13
4650,PERSOLKELLY,3.4,230,953,17,259,10
4651,K R Mangalam University,4.4,232,416,28,24,6
4652,Sears Holdings,2.8,229,1.4k,13,,22
4653,The New India Assurance Co.,4.5,229,616,8,,24
4654,Shalimar Corp,4.3,229,804,18,2,12
4655,Dish Infra Services,3.1,229,586,7,,8
4656,Magnasoft Consulting India,3.4,230,939,19,4,14
4657,Rasna,3.3,229,579,16,,14
4658,Rajasthan Patrika,3.2,229,941,10,4,18
4659,Government of West Bengal,3.4,229,833,10,,14
4660,NBCC,4.0,229,754,19,,21
4661,JWIL,4.2,229,882,9,,15
4662,Starmark Software,3.4,229,1.5k,20,6,8
4663,Shiva Pharmachem,3.8,229,1.1k,5,1,20
4664,Naga,3.7,229,1.2k,13,1,11
4665,Deen Dayal Upadhyaya Grameen Kaushalya Yojana,3.9,229,470,10,,21
4666,CTM India Limited,3.4,229,772,6,,8
4667,OASYS Cybernetics,3.3,230,1.3k,12,3,10
4668,Milk Mantra Dairy,3.6,229,797,16,,22
4669,Utkarsh Classes,4.2,229,284,12,5,4
4670,CLR Facility Services,3.7,229,779,11,9,6
4671,Ivy Mobility Solutions,2.7,229,1.8k,20,3,23
4672,Naprod Life Sciences,3.7,229,1k,17,1,17
4673,Moveinsync Technology Solutions,3.2,228,1.4k,31,9,15
4674,Kaveri Seed Company,4.0,228,697,19,,10
4675,Vee Healthtek,3.8,228,1.1k,7,128,
4676,Scania,3.5,228,579,16,,39
4677,Net Access India,3.8,228,1.1k,27,6,18
4678,Intuit,3.4,228,2.6k,83,92,14
4679,Essel Group,4.2,228,1k,6,4,29
4680,Texas Review,4.2,228,558,70,5,11
4681,SpanIdea,3.6,228,1.5k,32,13,19
4682,Muthoot Money,3.9,228,647,18,,5
4683,Agilysys Technologies India,3.3,228,2.5k,58,8,18
4684,TP Western Odisha Distribution,3.5,229,752,34,,10
4685,Red Bull,4.1,228,733,13,5,22
4686,Evolve Technologies & Services,4.0,228,893,3,,38
4687,CompuGroup Medical,3.3,228,867,17,,21
4688,Central Tool Room & Training Centre,4.1,228,611,7,,23
4689,Perfios Software Solutions,3.5,228,2.3k,24,18,12
4690,Tirupati Group,4.1,228,1k,9,,9
4691,S Chand Group,4.1,228,841,5,1,23
4692,Simpolo Vitrified,4.0,228,739,18,24,10
4693,WorkIndia,3.1,228,1.3k,34,,13
4694,SUGAR Cosmetics,3.8,227,941,22,11,9
4695,Pittie Group,2.9,228,943,19,2,13
4696,Ammann Apollo,4.1,227,936,14,7,14
4697,Cardinal Health,4.0,228,1.2k,33,28,14
4698,Terrier Security Services,4.0,227,624,12,,18
4699,Ginger Hotels,4.0,227,722,9,,21
4700,Pearl Global Industries,3.7,227,1k,10,,35
4701,Expertrons,3.3,227,609,39,21,25
4702,SUGAR Cosmetics,3.8,227,941,22,11,9
4703,Cardinal Health,4.0,228,1.2k,33,28,14
4704,Lentra AI,2.9,227,1.9k,22,2,7
4705,Pittie Group,2.9,228,943,19,2,13
4706,Ammann Apollo,4.1,227,936,14,7,14
4707,Ginger Hotels,4.0,227,722,9,,21
4708,LUX Industries,3.5,227,964,10,6,11
4709,Terrier Security Services,4.0,227,624,12,,18
4710,NCL BUILDTEK,3.6,227,848,16,45,15
4711,Nuance Communications,4.1,226,1.4k,26,,29
4712,Innoplexus,4.1,226,601,10,2,4
4713,Excelra Knowledge Solutions,3.6,226,993,22,4,20
4714,Innova Captab,4.0,226,752,8,1,13
4715,Nagata India,3.8,226,882,10,,16
4716,SunMax Auto Engineering,3.7,227,638,9,3,21
4717,ExpertCallers,3.6,226,840,15,,9
4718,Accentuate Business Solutions,3.4,226,2.1k,18,16,24
4719,Crest Data Systems,3.7,226,1.7k,28,9,9
4720,Bread Financial,3.9,226,1.4k,23,27,3
4721,Innoplexus,4.1,226,601,10,2,4
4722,SRM Technologies Pvt.Ltd,3.6,226,2.1k,31,5,23
4723,SRM Institute of Science and Technology,3.8,226,1.3k,18,39,9
4724,Neudesic Technologies,4.0,226,2.1k,39,16,10
4725,EVIO,3.9,226,716,10,13,14
4726,Reliance Money,4.3,225,810,4,,19
4727,Ivy Hospital,3.5,225,741,10,14,13
4728,Box8,3.5,225,839,13,3,31
4729,Bazar India,3.7,225,464,15,,5
4730,Travelex,3.4,225,1.4k,19,3,34
4731,Hicare Services,3.8,225,857,13,,22
4732,Annova Solutions,3.8,225,741,16,3,6
4733,Interarch Building Product,3.9,225,1k,13,7,22
4734,Arkray Healthcare,3.7,225,803,7,13,22
4735,Vserve Ebusiness Solutions,4.1,225,682,4,,3
4736,Harita Techserv,3.3,226,1.2k,21,,18
4737,Azim Premji Foundation,3.7,225,704,33,46,20
4738,Archwell Operations,3.5,225,1.3k,10,,8
4739,Sanoh,4.1,225,873,14,,27
4740,Mantri Developers,3.5,225,919,8,9,37
4741,State Bank Operations Support Services,3.4,229,314,16,,4
4742,Maral Overseas,3.7,225,810,8,,16
4743,Sonovision-Aetos,3.5,225,1k,18,,12
4744,Premier Indoplast,4.0,225,679,5,,2
4745,Google Pay,3.7,225,1.2k,40,,19
4746,M.J Global,4.0,225,287,8,1,190
4747,Futurz Staffing Solutions,3.7,226,783,19,,9
4748,Interocean Group,4.4,226,249,9,12,1
4749,Collman Services,3.8,225,721,12,,8
4750,Kapston Services,4.1,225,825,14,,9
4751,Niwas Housing Finance,4.0,229,605,10,5,3
4752,Radnik Exports,3.9,225,767,7,,15
4753,AABSyS IT,3.3,224,939,9,3,22
4754,Manubhai Jewellers,4.7,228,185,34,6,3
4755,Pontika Aerotech,3.6,224,746,16,,14
4756,Biotique,3.1,224,715,16,,15
4757,Affluent Global Services,2.9,224,1.2k,15,,16
4758,Techolution,3.3,224,984,47,30,23
4759,Pinnacle Industries,3.8,224,1k,14,,11
4760,Omprime Technology Private Limited,4.0,224,261,17,5,41
4761,Caliber Technologies,3.2,224,1.5k,14,13,12
4762,Techolution,3.3,224,984,47,30,23
4763,Biotique,3.1,224,715,16,,15
4764,Affluent Global Services,2.9,224,1.2k,15,,16
4765,RASI SEEDS,4.0,224,704,7,2,22
4766,QualiZeal,4.1,224,547,61,28,1
4767,Cyrix Health Care,4.4,224,430,41,19,7
4768,JAY JAY MILLS,4.2,223,734,16,106,19
4769,Rolta India,3.0,223,880,2,,16
4770,Sears IT & Management Services India,3.1,223,1.3k,14,,31
4771,MT Educare,3.1,223,723,6,,22
4772,Ceragon Networks,3.9,223,812,14,3,21
4773,HMSHost,3.7,223,585,11,7,21
4774,Paradise Food Court,3.7,224,837,21,14,29
4775,Born Group,3.5,223,1.6k,19,,19
4776,Uniinfo Telecom Services,3.6,223,494,12,5,19
4777,Centaur Billing,3.9,223,300,36,3,1
4778,Bekaert Industries,4.0,223,959,11,9,19
4779,Turner Construction,4.0,224,771,12,6,30
4780,AT&S,3.7,223,1.2k,10,18,10
4781,Kriti Industries,3.7,223,674,14,,20
4782,Radio Mirchi,3.3,223,1k,18,,12
4783,Aachi Foods,4.0,223,895,27,1,24
4784,Webtel Electrosoft,3.7,223,986,12,11,15
4785,The BIM Engineers,4.3,223,957,38,2,11
4786,Regalo Kitchens,3.7,224,490,37,12,28
4787,Charak Pharma,3.6,223,751,11,2,24
4788,Balaji Enterprises,4.5,224,1.3k,9,6,16
4789,Religare Finvest,4.3,222,525,3,,30
4790,Ichhapurti.com,2.3,222,670,20,,43
4791,Lapiz Digital Services,2.9,222,1.1k,13,18,15
4792,Yaantra,3.7,222,548,11,,8
4793,Dhandhania Infotech,3.2,222,1k,17,19,16
4794,ILS Hospitals,3.6,222,605,10,6,13
4795,AbbVie Inc.,3.7,223,931,12,4,3
4796,National Small Industries Corporation,3.9,222,553,15,,12
4797,Corecard Software,3.8,222,1.4k,17,,20
4798,Spectrum Consultants,2.5,222,945,27,18,13
4799,Nuberg Engineering,3.7,222,979,15,12,20
4800,Mangalam Cement,4.1,222,805,14,5,20
4801,BillDesk,3.2,222,1.4k,16,,14
4802,Essae Digitronics,4.1,222,776,12,,18
4803,Sand Martin Consultants,2.9,222,836,29,,18
4804,Arrise Bpo Solutions,3.5,222,634,7,,3
4805,Ritu Kumar,4.1,222,825,13,,10
4806,Fusion,3.2,222,864,17,1,11
4807,Antara Senior Care,3.4,222,877,28,20,15
4808,Latinem,3.8,222,399,43,10,1
4809,"Sanjay Ghodawat International School, Kolhapur",3.9,222,426,122,6,40
4810,B4S Solutions,4.1,221,648,11,11,25
4811,Orchid Chemicals & Pharmaceuticals,4.1,221,523,10,4,23
4812,Globus Stores,3.7,221,604,8,,25
4813,Zydus Hospira Oncology,4.1,221,691,7,,12
4814,La-Gajjar Machineries,4.2,221,683,8,,25
4815,Zeelab Pharmacy,3.8,221,581,38,10,6
4816,KPC Projects,4.0,222,787,21,13,16
4817,State Street Global Advisors,3.7,221,2.2k,8,,34
4818,Advantum Health,2.9,221,767,14,4,24
4819,Petrofac Engineering India,4.5,221,1k,11,,18
4820,Petrofac Engineering India,4.5,221,1k,11,,18
4821,bebo Technologies,3.4,221,1.3k,29,8,17
4822,Globus Stores,3.7,221,604,8,,25
4823,State Street Global Advisors,3.7,221,2.2k,8,,34
4824,KPC Projects,4.0,222,787,21,13,16
4825,Ajay Industrial Corporation,3.6,221,782,11,2,14
4826,Zydus Hospira Oncology,4.1,221,691,7,,12
4827,Successive Technologies,3.9,221,1.9k,27,8,11
4828,Teerthanker Mahaveer University,3.4,221,653,10,31,9
4829,Grazitti Interactive,3.1,221,1.9k,19,140,18
4830,Narmada Bio Chem,4.8,220,256,6,5,57
4831,Olympus,3.8,220,982,9,,23
4832,Emirates Airlines,3.9,220,858,25,3,30
4833,Elevate Services,3.1,220,1.1k,20,,11
4834,Sugam Parivahan,4.3,220,682,20,5,12
4835,Flair Writing Instruments,3.8,220,833,14,1,21
4836,APM Terminals,4.4,220,761,9,100,23
4837,Flexituff Ventures International,3.4,220,811,7,,28
4838,Sami-Sabinsa Group,3.0,220,1.1k,18,15,20
4839,Med Manor Organics,3.6,220,660,16,5,18
4840,JPM Group,3.9,220,1.1k,10,,11
4841,Xplore-Tech Services,3.2,220,791,20,,25
4842,CGM ARIA Health Services,3.8,221,442,23,5,1
4843,WEG,4.1,220,1.1k,18,,27
4844,Gold's Gym,4.0,220,632,14,,20
4845,Agiliad,3.3,220,1.6k,33,36,12
4846,The Indian Express,4.0,220,1.2k,8,,19
4847,Niit Foundation,3.9,220,635,13,8,21
4848,Tecnotree Convergence,3.1,220,1.6k,16,,18
4849,Parason Machinery,3.4,220,1.1k,30,3,18
4850,Hyva,3.8,220,985,19,12,24
4851,Umedica Laboratories,3.6,220,1.1k,13,8,11
4852,Bank Muscat,4.1,220,1.8k,24,,15
4853,D'Decor Home Fabrics,4.1,220,1.3k,18,3,13
4854,Virohan,4.0,220,593,31,12,3
4855,Veltris,3.7,220,1.1k,22,33,10
4856,Pure & Cure Healthcare,4.0,220,637,9,,13
4857,Mehin,3.9,220,555,9,,10
4858,Innoval Digital Solutions,4.7,221,367,9,1,53
4859,Outpace Consulting Services,4.6,220,122,48,,8
4860,AGILE AIRPORT SERVICES,3.7,220,417,14,,11
4861,Radius Global Solutions,2.8,220,945,13,,14
4862,Informatica Business Solutions,3.8,220,1.9k,40,2,20
4863,Jitm Skills,3.3,221,628,17,1,15
4864,BeatO,3.3,220,593,19,5,31
4865,INFOSEC VENTURES,3.2,219,403,22,6,11
4866,Coffee Day,3.0,219,998,22,,27
4867,Ratna Sagar,3.9,219,713,32,1,24
4868,OneCard,3.4,219,1.1k,24,,3
4869,Verifone,3.2,219,1.6k,26,8,19
4870,Steelman Telecom,3.8,219,648,8,,11
4871,Selectsys,3.7,219,1.1k,22,3,11
4872,Ritz-Carlton,4.1,219,550,10,,26
4873,Marine Electricals,3.7,219,1.2k,25,7,13
4874,Preethi Kitchen Appliances,4.0,219,664,8,,21
4875,Promea Therapeutics,4.2,220,471,20,24,8
4876,TRF,3.7,219,866,11,,23
4877,Lenexis Foodworks,3.6,219,784,20,6,8
4878,Gem Engserv,4.0,219,862,28,,20
4879,GLA University,3.8,219,789,17,15,16
4880,Nielsen Sports,3.8,219,887,7,36,19
4881,Renata Precision Components,3.6,219,1.1k,14,12,14
4882,Brij Gopal Construction Company,3.8,220,746,17,2,10
4883,Geetanjali Medical College and Hospital,4.2,218,695,9,,15
4884,Resonance Eduventures,3.8,218,704,7,,16
4885,Hinduja Group,3.7,218,1.6k,24,,30
4886,Safran Engineering Services India,3.1,218,1.5k,29,32,15
4887,Kalyani Maxion Wheels,4.1,218,973,5,,22
4888,ICPA Health Products,3.4,218,655,13,24,18
4889,WPIL,3.5,218,791,18,2,12
4890,Kobelco Construction Equipment India,4.3,219,949,20,,22
4891,XenonStack,3.3,218,492,33,77,42
4892,Greenway Health,2.9,221,1.2k,28,5,7
4893,Della Adventure Resort,3.7,218,736,15,8,22
4894,IPCS GLOBAL SOLUTIONS PVT LTD,4.5,218,294,59,11,3
4895,Finorchem Limited,3.8,218,751,24,10,4
4896,Schott Poonawalla,3.5,218,1.1k,8,4,3
4897,Purnartha Investment Advisors,4.1,218,720,15,8,9
4898,Coastal Marine Construction & Engineering,4.2,218,779,21,16,15
4899,HAL Offshore,4.1,218,870,10,,13
4900,Flyhomes,4.3,217,352,2,1,105
4901,Ensure Support Services,4.3,217,673,5,4,25
4902,Galaxy Weblinks,3.8,217,872,16,7,81
4903,Himedia Laboratories,3.2,217,1.1k,13,,10
4904,Eversana,3.2,217,1.5k,27,13,14
4905,Weikfield Foods,3.5,217,771,9,11,26
4906,Nova IVI Fertility,3.7,217,633,17,,15
4907,Changepond Technologies,2.9,217,1.9k,30,3,14
4908,Neolite Zkw Lightings,3.9,217,867,18,,17
4909,Zifo RnD Solutions,3.6,217,1.2k,65,,11
4910,EFKON INDIA,3.7,218,839,12,,14
4911,Faiveley Transport,4.0,218,794,13,3,32
4912,Beumer Group,3.9,217,896,18,10,12
4913,MidasCare Pharmaceuticals,3.6,217,656,13,,13
4914,NIELIT,4.1,217,646,17,,15
4915,iD Fresh Food,4.3,217,627,21,,10
4916,Droom,3.3,217,1.1k,21,16,33
4917,MINISO,3.7,217,767,19,3,15
4918,Skechers,4.1,218,759,13,,20
4919,LinkedIn,4.1,217,2.1k,72,,16
4920,Linc,3.7,217,888,14,,9
4921,Scc Infrastructure,3.7,217,635,18,1,8
4922,Albert David,3.5,217,571,18,,6
4923,Precision Group,3.5,217,1.5k,11,,3
4924,Shivam Infocom,4.3,217,571,3,,15
4925,Man Industries,3.6,217,1k,13,4,17
4926,Grb Dairy Foods,3.7,217,926,11,,9
4927,Prithvi Innerwears Private Limited,4.8,217,59,37,,1
4928,KFA Consultant,1.3,216,5,3,,
4929,Ga Digital Web Word,3.6,216,963,15,,6
4930,Patton International,3.7,216,895,13,,23
4931,Software AG,4.2,216,1.6k,25,,19
4932,Games24x7,3.7,216,1.7k,25,10,13
4933,Learning Links Foundation,4.1,216,775,13,6,18
4934,Dr Mohan's Diabetes Specialities Centre,3.6,216,652,18,5,14
4935,Decorpot,3.1,216,884,23,82,22
4936,La Renon Healthcare,4.2,218,622,14,5,17
4937,CPM International,3.8,216,435,18,5,19
4938,Blazeclan Technologies,3.6,216,1.7k,21,,17
4939,ONLEI Technologies,4.9,216,19,23,2,2
4940,Games24x7,3.7,216,1.7k,25,10,13
4941,Bharathi Cement,4.0,216,711,4,1,16
4942,Pha India,3.9,216,760,6,,24
4943,SLAP,3.9,216,817,17,,10
4944,Riviera Infraprojects,4.2,216,627,10,4,6
4945,Pattern Technologies,4.4,216,408,64,44,6
4946,indiagold,4.3,215,523,33,9,8
4947,SMS Pharmaceuticals,3.3,215,775,14,,11
4948,Impressico Business Solutions,4.4,215,939,12,13,39
4949,Tata Housing Development Company,4.1,215,910,9,,30
4950,Valenta AI Private Limited,4.4,215,596,29,30,15
4951,CP Plus,3.9,215,616,16,,9
4952,Netaxis IT Solutions,3.8,215,283,19,2,107
4953,Shangri-la Hotels & Resorts,4.2,215,524,5,,38
4954,Prime Focus,3.8,215,629,1,,32
4955,Augtech Nextwealth,3.8,215,383,38,8,5
4956,Fernandez Hospital,4.4,215,542,6,,18
4957,Shri Mahavir Ferro Alloys,3.4,216,701,16,,5
4958,BluSmart,3.9,216,882,20,,1
4959,Megafine Pharma,4.0,215,1.1k,6,,18
4960,Ibis,4.4,216,603,7,,31
4961,Garden Silk Mills,3.6,215,884,5,,30
4962,Texas Instruments,3.9,216,2.1k,131,,13
4963,BPL Medical Technologies,3.6,215,900,14,10,19
4964,United India Insurance Company,4.5,215,576,10,,26
4965,ION Group,2.9,215,1.6k,110,49,5
4966,Uni Cards,3.8,215,783,27,14,2
4967,Tide - Business Management Platform,3.7,215,1.2k,38,108,3
4968,Bioseed,4.1,214,417,13,,
4969,GENWORKS Health,3.3,214,727,17,1,21
4970,Airtel Africa,2.6,214,993,38,,4
4971,Lubi Industries Llp,4.1,214,916,10,9,11
4972,Rajan Technocast,4.8,214,166,10,,8
4973,The Co-operative Bank,3.8,214,736,6,,23
4974,AARGEE STAFFING SERVICES,3.7,214,649,6,,5
4975,Stratosphere IT Services,3.3,214,1.3k,11,5,15
4976,Grass Roots Research & Creation,4.7,214,128,2,6,127
4977,Infosearch BPO Services,4.2,214,474,12,8,8
4978,King George's Medical University,4.1,214,566,9,3,17
4979,Zones Corporate Solutions,2.9,214,1.1k,20,22,14
4980,Matrix ComSec,3.6,214,1.3k,20,29,24
4981,Ananth Technologies,3.9,214,1.2k,14,4,23
4982,Techahead Software,4.1,214,790,38,23,9
4983,Kwality Pharmaceuticals,3.8,214,838,21,1,10
4984,Biostadt,4.2,214,558,11,,18
4985,Andhra Paper,3.7,214,1k,20,1,7
4986,Chakr Innovation,3.2,214,850,35,21,1
4987,Balasore Alloys,3.3,214,682,14,1,23
4988,Forvia,3.5,214,1.1k,20,,3
4989,Algoworks Technologies,3.4,213,1.7k,27,9,17
4990,Jagsonpal Pharmaceuticals,3.5,213,607,15,4,15
4991,Cleartrip,3.5,213,1.2k,21,15,19
4992,Sterling Talent Solutions,3.7,213,721,11,,35
4993,Maruti Ispat And Pipes,3.6,213,463,16,2,4
4994,Q3 Technologies,3.4,213,1.6k,26,5,10
4995,Aditya Birla Money,4.0,213,730,22,1,13
4996,MKCL,3.6,214,995,16,,20
4997,Sedin Technologies,4.4,213,938,47,1,5
4998,Matix Fertilisers & Chemicals,3.7,213,980,22,,15
4999,Sneha Farms,4.0,214,795,13,12,10
5000,Sun Vacuum Formers,3.9,213,762,18,,25
5001,Nordex India,3.9,213,1.1k,13,,9
5002,Oasis Partners Asia,3.8,213,721,11,,9
5003,Mitsui O.S.K. Lines,4.0,212,766,5,,18
5004,WeRize,3.2,213,908,14,14,2
5005,All India Radio,4.3,213,603,10,,23
5006,Kroll,3.4,212,1.4k,24,98,6
5007,Appsierra,4.4,212,267,32,29,169
5008,Shankaranarayana Constructions,3.9,212,776,20,3,16
5009,Wave Infratech,3.9,212,1.1k,25,9,12
5010,Mayur Uniquoters,3.9,213,967,12,,30
5011,Kalyani Forge,3.8,212,720,14,3,26
5012,Fragomen Immigration Services,3.7,212,956,17,1,17
5013,MASAI School,4.2,212,692,25,27,4
5014,BridgeLabz Solutions,3.4,212,513,22,,77
5015,Yashi Consulting Services,3.3,212,287,11,4,42
5016,Steril Gene Life Sciences,3.9,212,983,15,,11
5017,Kanoria Chemicals & Industries,3.9,212,864,15,,29
5018,Furlenco,3.4,212,1.1k,22,7,22
5019,InMobi,3.2,212,1.9k,40,43,15
5020,Ashok Iron Works,3.3,212,830,12,5,19
5021,HEG,3.8,212,869,17,,25
5022,RSH Global,4.2,212,712,8,1,18
5023,Sutlej Textiles and Industries,3.8,212,862,8,1,14
5024,Indo Rama Synthetics (i),3.6,212,839,12,,13
5025,Epicor Software Corporation,3.3,213,1.8k,26,8,25
5026,Akbar Travels,3.5,212,953,11,6,15
5027,Little Millennium,3.7,212,630,17,11,20
5028,Kserve Bpo,4.5,212,438,9,,4
5029,Amantya Technologies,3.8,212,1.4k,47,27,11
5030,S&IB Services,3.9,212,719,6,,15
5031,U R Rao Satellite Centre,4.2,211,199,11,,2
5032,EMCO,3.7,211,604,6,,27
5033,Forest Essentials,4.1,211,766,18,,13
5034,Cordlife Sciences India,3.6,211,591,13,11,27
5035,Knest Manufacturers,3.5,211,1.1k,12,1,6
5036,JUNIPER GREEN ENERGY,4.3,212,696,12,,11
5037,Lifelong India,3.9,211,903,19,2,21
5038,Anand CY Myutec Automotive,3.6,211,705,11,,28
5039,UPS Supply Chain Solutions,3.7,211,1.2k,11,,14
5040,Government Medical College,4.0,211,799,6,,12
5041,South Eastern Coalfields,4.3,212,285,8,,18
5042,Square Bpo Services,3.3,211,734,13,9,5
5043,Vishnu Chemicals,4.0,211,825,20,1,18
5044,Blue Cross Laboratories,3.9,211,610,14,2,19
5045,Bombay Dyeing,3.8,211,887,9,,28
5046,Orange Mantra,3.7,211,1.1k,27,30,22
5047,Synthite Industries,4.1,211,769,10,9,14
5048,PIT Solutions,4.1,211,977,17,8,73
5049,SGB By BrandSafway,3.9,211,620,21,6,22
5050,Marquardt,3.7,212,1.3k,15,2,23
5051,Sewa Grih Rin,3.4,211,798,5,,7
5052,Pradhan Mantri Kaushal Vikas Yojana,4.0,212,367,7,,26
5053,Hippo Homes,3.4,211,662,14,,4
5054,Red FM 93.5,3.9,211,765,8,,17
5055,iServeU,4.2,212,1k,24,16,5
5056,SAVA Healthcare,3.7,211,769,14,66,20
5057,Tata Autocomp Gotion Green Energy Solutions,3.7,211,663,13,,2
5058,20Cube Logistics,3.8,211,1.1k,19,1,15
5059,MeritNation,3.2,210,582,7,,21
5060,Jagran Prakashan,3.7,210,865,8,,12
5061,Koye Pharmaceuticals,3.1,210,598,7,,18
5062,Embitel Technologies,3.9,211,2k,23,86,9
5063,STMicroelectronics,4.0,210,1.1k,23,8,26
5064,RAXA,4.4,210,447,4,1,25
5065,IDMC,3.7,210,876,7,2,13
5066,Country Club India,3.4,210,513,2,,16
5067,Sarda Energy & Minerals,4.0,210,790,11,2,10
5068,Axio,3.7,210,841,8,3,20
5069,VRC Constructions India,3.8,210,681,9,,20
5070,Rapid Care Transcription,4.5,210,411,56,8,2
5071,Neogen Chemicals,4.0,210,1.2k,16,8,9
5072,Vensa Infrastructure,4.2,210,677,18,,13
5073,ExcelSoft Technologies,3.3,210,1.6k,20,9,11
5074,International Certification Services,3.3,210,772,7,7,14
5075,VISTRA INTERNATIONAL EXPANSION,3.3,210,1.1k,23,6,21
5076,Savita Oil Technologies,4.2,210,934,10,3,10
5077,Adani Airport Holdings,3.1,210,859,16,,2
5078,Third wave Coffee Roasters,3.6,210,779,19,,6
5079,Rustomjee Group,3.8,210,1.1k,20,3,12
5080,OPG Mobility,3.2,210,622,13,,2
5081,Absolute Barbecues,4.0,210,829,9,,20
5082,Ganit Inc,3.7,210,697,28,1,1
5083,SRR Projects,3.9,210,695,15,4,17
5084,Tata CLiQ,3.0,210,1.3k,15,,27
5085,Sankey Solutions,3.9,210,618,33,4,2
5086,Teleone,3.5,209,707,11,,19
5087,HOLITECH INDIA,4.0,209,719,27,,41
5088,Zamil Air Conditioners,4.0,209,505,11,,33
5089,Ziff Davis Performance Marketing,3.6,209,776,4,4,13
5090,AWC Software,3.8,209,1.4k,15,7,23
5091,AGIO Pharmaceuticals,2.7,209,820,16,30,6
5092,TLC DigiTech Private Limited,3.1,209,769,14,19,19
5093,Alp Consulting,3.4,209,1.1k,22,28,19
5094,SIAC SKH India Cabs Manufacturing,3.8,210,743,23,,14
5095,Zivame.com,3.7,209,1k,10,,9
5096,Information Services Group,3.9,212,1.5k,22,17,13
5097,Unthinkable Solutions,2.7,209,1.5k,62,3,13
5098,Al Ahleia Switchgear,3.5,209,499,12,,25
5099,Colourtex,3.7,209,955,11,2,16
5100,WovVTech,4.1,209,402,18,3,4
5101,City Montessori School,3.6,209,697,8,29,19
5102,Jm Frictech,3.3,209,1.1k,14,5,15
5103,VisionTek,3.6,209,806,14,2,20
5104,Moople Academy,4.1,209,125,34,5,3
5105,Root Industries,4.1,209,1.2k,8,46,19
5106,Echs Polyclinic,4.1,210,407,11,,11
5107,Concentrix Catalyst,3.1,209,2.2k,36,3,3
5108,Armstrong Robotics & Technologies Private Limited,3.9,209,885,27,3,12
5109,PrepLadder,2.9,209,1k,31,7,20
5110,ZeMoSo Technologies,3.4,210,940,160,29,4
5111,Cogent,3.2,209,805,20,,6
5112,CallHealth,3.5,208,787,4,,27
5113,Girnar Care,3.4,208,721,17,,16
5114,BetterPlace Safety Solutions,3.5,208,1.3k,19,6,16
5115,Fortis Memorial Research Institute,4.0,208,784,5,,11
5116,Pie Infocomm,4.5,208,153,44,4,56
5117,Weatherford,3.5,208,866,14,6,24
5118,Scyo Decision Services,4.5,208,314,24,2,1
5119,Veolia,4.0,208,879,13,,7
5120,Veolia,4.0,208,879,13,,7
5121,Scyo Decision Services,4.5,208,314,24,2,1
5122,Girnar Care,3.4,208,721,17,,16
5123,Fortis Memorial Research Institute,4.0,208,784,5,,11
5124,Airblack,3.9,208,240,19,8,17
5125,SkillVertex,3.3,208,287,17,3,66
5126,BetterPlace Safety Solutions,3.5,208,1.3k,19,6,16
5127,Numerator,3.9,208,1.1k,27,154,16
5128,UGC Supply Chain Solutions,2.9,208,911,6,,18
5129,Credgenics,3.9,208,1.2k,32,35,7
5130,Indo Nissin Foods,4.0,208,654,7,,18
5131,Krishnapatnam Port,3.8,208,715,7,,37
5132,Moreish Food,3.1,208,506,21,2,7
5133,Spacewood,3.4,208,1.2k,10,5,21
5134,Navitas Life Sciences,3.6,208,1.3k,14,12,15
5135,BoAt,4.2,207,1.2k,10,2,7
5136,Mvs Acmei Technologies,4.0,208,674,15,3,21
5137,Reliance Smart Bazaar,4.1,208,512,10,,1
5138,Beri Udyog,3.8,208,783,17,2,15
5139,Sri Gopikrishna Infrastructure,3.9,207,515,7,,28
5140,S.c Johnson Products,4.1,207,562,2,,29
5141,Ramky Group,4.2,207,695,12,3,13
5142,TPI Composites,4.3,207,924,24,,18
5143,Prakash Industries,3.7,208,905,4,,10
5144,HEPL - A Cavinkare Group Company,3.4,207,979,27,20,2
5145,Manipal Business Solutions,3.6,207,735,13,1,1
5146,Ajax Engineering,4.0,207,1.1k,7,3,12
5147,Torque Pharmaceuticals,3.8,207,714,10,9,10
5148,Geo Chem Laboratories,3.7,208,644,11,3,11
5149,Su-Kam Power Systems,3.3,207,474,5,,30
5150,Dunnhumby,3.8,207,1.7k,31,32,27
5151,YouTube,4.4,207,831,10,1,11
5152,Tci Freight,4.0,207,759,13,,6
5153,LetsTransport,3.5,207,1k,20,,22
5154,ContinuServe Softech India,3.2,207,1.2k,18,,7
5155,Paramatrix Technologies,4.1,207,503,12,23,12
5156,Anglo-Eastern Ship Management,4.1,207,539,17,2,22
5157,Vedika Credit Capital,3.6,207,545,3,4,24
5158,Ncc Urban Infrastructure,4.1,207,800,11,,20
5159,Emirates Flight Catering,4.3,207,269,26,,32
5160,Chhatrapati Shivaji International Airport,3.6,207,1.1k,10,,24
5161,John Crane Sealing Systems India,3.5,207,1.1k,20,66,19
5162,ARB Bearings,3.5,207,779,10,,6
5163,KNR Constructions,4.2,208,757,8,,20
5164,Bharat Institutions,3.5,207,176,5,,88
5165,Emirates Flight Catering,4.3,207,269,26,,32
5166,GEETANJALI HOMESTATE,3.8,206,268,16,5,40
5167,ASP OL Media,4.2,206,327,71,3,6
5168,Supreme Treon,4.0,206,844,13,,20
5169,Ts Tech Sun India,4.2,206,718,16,3,21
5170,Ashv Finance,4.0,206,732,10,,8
5171,Development Consultants,3.3,206,558,10,,19
5172,Pearl Precision Products,4.0,206,621,7,4,7
5173,Jyoti Structures,4.0,206,504,14,,30
5174,AISATS,3.4,206,396,11,,25
5175,Elsamex Maintenance Services,4.0,206,564,10,,22
5176,Garware Hi-Tech Films,4.1,206,986,7,,17
5177,TNT Express,4.0,206,397,5,,37
5178,Satyesh Brinechem,3.2,206,823,28,1,14
5179,KisanKraft Machine Tools,3.5,206,720,12,,12
5180,Moody's,3.9,206,1.7k,27,2,21
5181,Supreme Treon,4.0,206,844,13,,20
5182,Satyesh Brinechem,3.2,206,823,28,1,14
5183,TNT Express,4.0,206,397,5,,37
5184,Ts Tech Sun India,4.2,206,718,16,3,21
5185,Ashv Finance,4.0,206,732,10,,8
5186,Garware Hi-Tech Films,4.1,206,986,7,,17
5187,KisanKraft Machine Tools,3.5,206,720,12,,12
5188,Jyoti Structures,4.0,206,504,14,,30
5189,Cummins Generator Technologies,4.2,206,727,11,,22
5190,HTL,3.6,206,1.1k,9,2,15
5191,Development Consultants,3.3,206,558,10,,19
5192,Cotecna Inspection India,3.6,206,757,9,5,12
5193,AGROCEL INDUSTRIES,4.4,206,645,16,3,9
5194,Jindal Worldwide,3.5,206,958,10,3,9
5195,Lloyds Technology Centre,3.5,206,2.3k,53,34,3
5196,Gensol Engineering,3.7,206,747,15,,11
5197,CyberSWIFT Infotech,3.2,206,442,10,2,25
5198,Bilt Graphic Paper Products,3.7,206,749,13,1,14
5199,Cube Highways,4.3,206,590,13,,1
5200,Prem Henna,3.4,205,542,4,,30
5201,CRB Tech Solution,3.6,205,418,12,,12
5202,Helmerich & Payne,3.8,205,1.7k,9,,17
5203,Ishan Technologies,3.6,206,780,16,54,11
5204,Orange Retail Finance,3.8,205,620,6,,12
5205,Aneja Associates,3.2,205,819,16,5,8
5206,Oasis Fertility,3.9,206,583,15,12,7
5207,Hindustan PowerProjects,3.8,205,881,9,,10
5208,RateGain,3.7,205,1.4k,22,38,17
5209,Rotostat Services,3.7,206,783,17,1,16
5210,The Mission Hospital,3.8,205,733,7,18,16
5211,COWI,4.1,205,632,9,2,18
5212,Vinove Software & Services,3.1,205,742,44,2,13
5213,Mold-Tek Technologies,3.6,205,900,12,,17
5214,SITA,3.9,205,1k,29,65,23
5215,Walter Bushnell,3.1,205,503,18,1,7
5216,Shopclues,3.4,205,1.1k,9,57,24
5217,Chitkara University,4.0,206,679,17,12,27
5218,KPR Mill,3.8,205,855,11,,14
5219,Wanbury,3.5,205,790,6,7,23
5220,Karanwal Capital,4.8,205,175,102,,57
5221,NOVO Medisciences,3.4,206,482,27,8,25
5222,Wanbury,3.5,205,790,6,7,23
5223,Praxis home Retail,4.2,205,816,5,4,21
5224,Metro Brands,3.8,205,863,10,14,8
5225,Teachers Insurance and Annuity Association of America,3.8,205,1.9k,6,,8
5226,Bodal Chemicals,3.5,205,1.1k,18,6,9
5227,Aarti Pharmalabs,3.7,207,1k,17,1,2
5228,Zota Health Care,3.7,205,697,20,8,7
5229,Gujarat Narmada Valley Fertilizers & Chemicals,4.3,204,790,10,,18
5230,Atidiv,2.9,204,1.1k,21,10,20
5231,Zinnov Management Consulting,3.2,205,1.4k,26,54,12
5232,Valueonshore Advisors,3.8,204,580,11,12,14
5233,Career Launcher,3.7,204,966,7,8,17
5234,Marsh,4.3,204,396,19,,26
5235,Brainium Information Technologies,3.8,204,509,9,3,20
5236,Rohan Motors,3.7,204,711,13,,9
5237,Eternis Fine Chemicals,3.5,204,1k,17,,16
5238,Flex Technologies,4.0,204,1.5k,10,,9
5239,Ascendum KPS,3.6,204,837,26,2,15
5240,Centrient Pharmaceuticals,3.8,204,1k,16,3,18
5241,Khanna Paper Mills,4.0,204,814,10,,15
5242,Copart,3.0,204,1.4k,31,3,15
5243,Bhima Gold,3.9,205,773,17,3,15
5244,MMTC-PAMP,3.6,204,786,13,2,24
5245,Orthosquare Dental Clinic,4.6,204,81,16,,1
5246,Magicrete Building Solutions,3.9,204,804,23,10,13
5247,EagleBurgmann,4.2,204,1k,16,,19
5248,Rubamin,4.0,204,994,18,4,21
5249,Turito,3.0,204,840,25,,12
5250,Akkodis,3.2,204,1.1k,21,6,1
5251,FAIRWAY ENTERPRISES,3.8,204,875,15,,14
5252,UL Solutions,3.9,204,730,14,19,1
5253,Sanghvi Movers,4.3,204,615,27,11,13
5254,Putzmeister Concrete Machines,3.6,204,906,18,44,14
5255,Hgs Services,3.8,203,650,55,,33
5256,Carzonrent,3.4,203,616,3,2,10
5257,Inchcape Shipping Services,3.3,203,1.1k,23,17,14
5258,AYM Syntex,3.5,203,813,17,1,19
5259,Maxinfra,4.1,203,713,15,,13
5260,Qi Spine Clinic,3.1,203,479,19,10,1
5261,John Deere Financial,4.3,203,563,14,,13
5262,Integrated Personnel Services Limited,4.0,203,866,14,31,9
5263,ITCube Solutions,3.1,203,994,14,1,22
5264,OSI Digital,3.6,203,2.1k,16,19,9
5265,Tricon Infra Buildtech pvt.Ltd,3.1,205,752,15,3,10
5266,SSEM,3.3,203,353,10,,29
5267,Carzonrent,3.4,203,616,3,2,10
5268,Bosch Power Tools,4.2,203,859,15,,18
5269,BMW Industries,3.7,203,738,10,,26
5270,Inchcape Shipping Services,3.3,203,1.1k,23,17,14
5271,Mining Engineering Services,3.6,203,569,29,,5
5272,Amrita Vishwa Vidyapeetham,3.8,205,1.1k,17,145,15
5273,Soothe Healthcare,3.3,203,830,16,,15
5274,Ankura Hospital,3.8,203,911,12,36,3
5275,Sendan International Co,2.0,203,504,15,,10
5276,Genzeon (India) Private Limited,3.9,203,751,48,45,5
5277,Keolis Hyderabad Metro,3.9,203,868,12,,17
5278,Vishay Components,4.2,203,755,13,7,22
5279,HIVELOOP LOGISTICS,4.2,202,411,4,,1
5280,DigiCall Teleservices,4.0,202,329,2,,26
5281,Country Inns & Suites,4.0,202,629,6,,36
5282,Alghanim International,4.1,202,571,7,1,25
5283,Kinetic Green Energy And Power Solutions,3.2,202,877,22,20,2
5284,Wardwizard Innovations & Mobility,3.4,202,647,9,25,3
5285,Sigma Freudenberg NOK,4.1,202,905,10,,20
5286,NGK Spark Plugs,4.1,202,729,23,,37
5287,ACT Plast Paints,3.8,202,767,10,,17
5288,Prologic Web Solutions,4.0,202,387,37,4,16
5289,Shriram Fortune Solutions,3.6,202,450,9,,21
5290,Tps Infrastructure,4.2,201,705,14,,13
5291,Mitsubishi Heavy Industries,4.2,202,795,4,1,16
5292,Peps Industries,4.0,202,687,13,,13
5293,QUADRANT RESOURCE LLC,4.1,202,1.2k,29,21,8
5294,MEDICO Healthcare Services & Technologies,3.2,202,878,24,,11
5295,Upstox,3.5,202,1.4k,43,34,13
5296,Alpha Design Technologies,3.5,203,1.2k,15,,25
5297,Quest Diagnostics,4.4,202,879,11,56,24
5298,Special Technical Services,4.1,203,587,11,,22
5299,EY-Parthenon,2.9,202,2.4k,23,,5
5300,Mazars,2.9,202,1.4k,21,6,8
5301,Analytix Business Solutions,3.4,202,1.1k,24,23,10
5302,Kopran,3.8,202,1.1k,12,4,15
5303,Fleet Management,4.1,202,706,19,33,18
5304,Busy Infotech,3.9,202,767,14,14,14
5305,Bondada Engineering,3.6,202,598,29,80,8
5306,TEOCO Software,3.8,202,898,15,3,25
5307,Consilio,3.6,202,1.2k,24,17,11
5308,Elofic Industries,4.0,202,753,11,,11
5309,Infiiloom,3.1,203,805,15,2,13
5310,Programmers.io,4.0,202,923,29,27,32
5311,Continental Hospitals,3.8,202,810,14,17,13
5312,C DOT,3.7,202,1.1k,30,,18
5313,ECOS (I) MOBILITY & HOSPITALITY,4.1,202,438,6,,12
5314,ASSA ABLOY,3.3,202,952,22,5,13
5315,SAMCO Securities,3.9,202,866,85,,5
5316,Newt Global,4.1,201,781,22,13,15
5317,Wingreens Farms,4.2,201,818,9,,17
5318,RAKS Pharma,4.3,202,751,9,,30
5319,Shanthi Gears,3.4,201,1.2k,19,,20
5320,Wingreens Farms,4.2,201,818,9,,17
5321,Petronas Lubricants,3.2,201,670,19,6,21
5322,NATIONAL SKILL DEVELOPMENT CORPORATION,3.6,201,904,23,4,12
5323,RAKS Pharma,4.3,202,751,9,,30
5324,Bonito Designs,3.0,202,1.2k,19,5,11
5325,Graviti Pharmaceuticals,3.2,201,854,5,23,10
5326,BajajSons,3.7,201,846,10,,13
5327,First Citizens India,3.9,201,1.6k,19,5,21
5328,Shanthi Gears,3.4,201,1.2k,19,,20
5329,Heads Up For Tails,3.7,201,844,16,19,12
5330,IFB Automotive,3.8,201,810,5,,21
5331,M Swasth Solutions,3.4,201,389,14,,1
5332,Lokesh Machines,3.7,201,804,12,5,20
5333,Indo National Limited (Nippo),4.2,201,645,10,,15
5334,Sahajanand Laser Technology,3.2,201,826,17,25,27
5335,Network Intelligence India,3.2,201,1.3k,18,7,13
5336,Freedom Employability Academy,4.1,201,475,24,,5
5337,Chaitanya Projects Consultancy,3.9,201,580,16,4,10
5338,Taggd,3.2,202,651,11,27,3
5339,Relevantz Technology Services,3.8,201,1.4k,28,8,6
5340,Ebixcash World Money,3.5,201,852,15,11,9
5341,B2x Service Solutions,3.9,200,475,4,,19
5342,Karuna Greentech,4.5,200,133,2,,5
5343,Dishnet Wireless,4.3,200,374,,,40
5344,Caretel Infotech,3.5,200,451,10,,17
5345,Pathfinder Business Analysis,3.3,200,1.1k,14,8,17
5346,Jay Ushin,3.9,200,859,5,,15
5347,Siemens PLM Software,4.0,200,1.6k,12,,32
5348,Toppan Merrill,3.8,200,1.4k,22,13,11
5349,Chiripal Poly Films,4.1,200,1.1k,18,5,13
5350,Govt. Medical College,4.1,200,808,13,,14
5351,Jakson Green,4.3,200,415,16,,3
5352,Ramoji Film City,4.2,200,613,8,,24
5353,Tokai Imperial Rubber India,3.9,200,807,14,,16
5354,Kerakoll,4.2,200,655,16,,19
5355,Codeyoung,3.7,202,634,54,1,1
5356,Videojet Technologies,3.8,200,722,8,7,22
5357,Dr Oetker,4.2,200,815,13,,15
5358,Victora Industries,3.7,202,699,9,,
5359,Anri Solutions HR Services,3.8,200,607,19,25,4
5360,Mordor Intelligence,3.0,200,949,18,1,13
5361,E Pack Polymers,3.8,200,826,11,5,14
5362,Milan Laboratories India Private Limited,3.8,200,926,9,7,16
5363,SBL,3.7,200,802,6,2,15
5364,Ileads Auxiliary Services,3.1,199,626,18,4,1
5365,TATA MEDICAL CENTER,3.8,201,581,14,9,23
5366,Colorbar Cosmetics,4.0,200,552,13,,16
5367,CONTUS TECH,4.3,199,863,47,3,8
5368,Precision Camshafts,3.3,199,741,4,1,12
5369,Dalmia-OCL,4.0,199,578,8,,15
5370,Service Master Clean,3.9,199,676,14,,16
5371,Vinculum Solutions,2.6,199,1.4k,14,7,24
5372,Parker Hannifin,3.7,199,970,6,2,14
5373,Raksha TPA,4.0,199,765,6,,12
5374,UST BlueConch Technologies,3.6,199,1.3k,20,,1
5375,Roulunds Braking,3.6,199,765,21,,22
5376,Anlage Infotech,3.0,200,751,18,80,44
5377,Kazo Fashion,3.4,199,532,12,,12
5378,Arihant Publications,3.5,200,500,24,1,6
5379,Toshiba Water Solutions,3.8,199,853,19,,11
5380,Stashfin,4.1,199,747,13,1,8
5381,Bsr Infratech India,3.7,199,848,15,,16
5382,Daffodil Software,3.2,199,1.4k,28,1,25
5383,Zen3 Info Solutions,3.9,199,1.3k,13,,26
5384,Hi Tech Informatics,3.6,199,710,12,,10
5385,ATS Homekraft,4.1,199,692,21,45,8
5386,Emami Frank Ross,3.6,200,689,8,,8
5387,Gulbrandsen,4.1,199,1k,6,,31
5388,Biophore India Pharmaceuticals,3.2,199,887,13,11,15
5389,Hyundai Motor India Engineering,3.9,199,1.1k,12,,28
5390,Quest Global Technologies,3.5,199,1.6k,20,7,30
5391,Boston Institute of Analytics,4.2,199,204,83,2,3
5392,ORISSA METALIKS,3.8,199,768,10,,5
5393,ZKTeco Biometrics,3.0,199,1.2k,26,,12
5394,Doubletree By Hilton,4.1,198,533,8,,25
5395,OnMobile Global,3.4,198,1.4k,16,,25
5396,Rama University,3.4,198,529,14,161,27
5397,Mfine,3.6,198,1.2k,24,1,31
5398,Mol Information Processing Services India,3.6,198,807,8,,26
5399,GKC Projects,4.3,198,437,,,33
5400,Placementindia.com,4.9,198,5,4,6,3
5401,SPRAY ENGINEERING DEVICES,4.3,199,734,13,2,23
5402,ICA Pidilite,4.1,198,729,8,,8
5403,Sanmar Group,3.7,198,792,22,,11
5404,Mfine,3.6,198,1.2k,24,1,31
5405,Manohar Filaments,3.7,198,900,12,9,9
5406,PagarBook,3.6,198,806,16,10,12
5407,Futaba Industrial Gujarat,4.5,198,752,11,,9
5408,UFO Moviez,2.9,198,874,9,9,18
5409,Lauren Information Technologies,3.6,199,1.3k,9,2,9
5410,Travel Boutique Online,3.3,198,1.2k,26,6,11
5411,Skypro Technologies,3.5,198,705,14,,13
5412,Andhra Pradesh State Skill Development Corporation,3.8,198,551,5,,29
5413,Apex Hospital,3.9,198,807,12,27,15
5414,Fisdom,3.4,198,805,16,18,7
5415,Kama Ayurveda,3.9,198,733,19,13,15
5416,Skandhanshi Infra Projects,4.3,198,866,15,5,19
5417,Logicon Facility Management,3.4,197,726,13,,10
5418,Anu Industries,3.4,197,705,8,,22
5419,Bo International,4.0,197,424,26,27,12
5420,Energy Efficiency Services,3.9,197,754,13,,20
5421,ReGen Powertech,4.0,197,429,8,,23
5422,SmartStream Technologies,3.5,198,1.6k,16,7,15
5423,Decimal Technologies,2.9,197,1.6k,32,,14
5424,ZingHR,3.0,197,1.1k,22,,8
5425,InSync Analytics,2.6,197,1.2k,33,3,14
5426,Hy Gro Chemicals Pharmtek,3.8,197,669,10,2,21
5427,Modicare,4.1,197,755,18,1,17
5428,Rishabh Instruments Limited,3.6,197,722,13,10,15
5429,Radhakrishna Foodland,3.8,197,736,9,,14
5430,CIMS Hospital,4.1,197,609,6,,15
5431,Raheja Developers,2.8,197,777,6,1,10
5432,Pradan,3.8,197,439,17,1,17
5433,Izmo,3.0,197,797,17,14,15
5434,MBL Infrastructure Limited,4.1,198,506,12,23,40
5435,IDBI Capital,3.6,197,884,12,1,14
5436,Fulcrum Digital,3.4,197,1.3k,33,7,6
5437,Ayesa,4.0,197,596,14,,17
5438,Bharat Broadband Network,3.8,197,764,9,,6
5439,Pran Beverages India,3.7,197,664,14,,7
5440,Aress Software and Education Technologies,2.5,197,1.1k,14,,11
5441,Avaali Solutions,4.4,197,393,42,22,1
5442,Tata Lockheed Martin Aerostructures,3.9,197,915,16,,18
5443,Reserve Bank Information Technology,3.3,197,1.7k,49,13,14
5444,DAZN,2.6,197,1.4k,37,38,1
5445,iLink Digital,2.9,197,1.6k,22,35,1
5446,SAS,4.1,197,1.6k,20,87,18
5447,Cloud Analogy,3.8,199,1.3k,65,,5
5448,RLabs Enterprise Services,3.0,196,1.3k,21,,15
5449,Ways2excel,4.3,196,60,4,,52
5450,Transaction Solutions International (India) Pvt Ltd,3.8,196,721,20,,7
5451,Rajesh Motors,3.7,196,631,6,,16
5452,Springbord Systems,4.1,196,613,26,9,10
5453,Hyundai Engineering,3.9,196,701,15,,20
5454,Josh Talks,4.2,196,371,27,1,2
5455,Taikisha Engineering India,3.8,196,1.1k,17,2,18
5456,TomTom,4.2,196,945,14,,26
5457,Cholayil Private Limited,4.1,196,649,7,1,19
5458,Marque Impex,4.1,196,648,15,2,13
5459,Easy Home Finance,3.9,196,466,17,14,9
5460,Vnr Seeds,3.9,196,677,14,31,12
5461,Pilot Industries,3.5,196,933,18,,10
5462,Ushodaya Enterprises,4.0,196,738,6,3,19
5463,Chrysalis High,3.9,196,651,15,1,18
5464,Maahi Milk Producer Company,4.2,196,499,15,1,22
5465,Avis,3.7,196,650,8,,34
5466,Enmas O & M Services,4.2,196,629,8,,20
5467,PES Engineers,4.1,197,675,10,1,13
5468,American Oncology Institute,4.1,196,842,7,65,13
5469,Vivifi India Finance,3.5,196,757,23,,4
5470,Exeltis,4.0,196,510,14,1,22
5471,Amelia,3.5,196,815,15,,2
5472,Sagitec Solutions,3.4,196,1.6k,23,3,14
5473,Altum Credo Home Finance,3.7,196,659,7,4,46
5474,Wings Biotech,3.1,196,483,8,3,30
5475,Aziro (formerly MSys Technoloigies),3.9,196,1.1k,55,138,8
5476,Bikaji Foods,4.1,196,582,14,16,6
5477,Odisha Power Generation Corporation,3.9,196,698,8,,22
5478,Loconav,3.0,196,1.1k,13,,10
5479,Abellon Clean Energy,2.9,196,858,4,,17
5480,Abu Dhabi National Hotels,4.0,196,275,10,,35
5481,Symphoni HR,4.1,196,329,24,,2
5482,Abellon Clean Energy,2.9,196,858,4,,17
5483,Frontizo Business Services,3.5,196,584,21,,8
5484,Blowhorn,3.3,195,568,7,,19
5485,Parijat Industries (India),4.0,196,710,9,,25
5486,Merkle Sokrati,3.7,195,1.5k,32,,17
5487,Pratibha Industries,4.5,195,427,3,,26
5488,InfoService,4.1,195,1k,37,,3
5489,VIS Networks,3.9,195,1.1k,13,10,16
5490,Deep Industries,3.6,195,927,18,2,8
5491,ZunRoof Tech,3.9,195,446,40,29,34
5492,Embio,3.8,196,839,5,2,15
5493,Food Corporation of India,4.2,195,676,15,,13
5494,Mashreq Bank,3.2,195,1.2k,9,,18
5495,Arvind Techno Engineers,4.0,195,742,8,8,7
5496,TRIGO Group,2.7,195,692,14,2,24
5497,SEW Eurodrive india,4.2,195,792,17,,16
5498,St Regis,4.0,195,618,7,,22
5499,DST Worldwide Services,4.2,195,944,8,,26
5500,Mashreq Bank,3.2,195,1.2k,9,,18
5501,Deep Industries,3.6,195,927,18,2,8
5502,ZunRoof Tech,3.9,195,446,40,29,34
5503,Food Corporation of India,4.2,195,676,15,,13
5504,VIS Networks,3.9,195,1.1k,13,10,16
5505,Data Patterns,3.4,195,1.2k,52,11,12
5506,DST Worldwide Services,4.2,195,944,8,,26
5507,ARaymond,4.1,195,1k,13,,14
5508,Igarashi Motors,3.8,195,1k,9,,6
5509,Pacific Development Corporation Limited (Pacific Group),3.5,195,1k,18,9,20
5510,Crossword Bookstores,3.6,195,524,7,4,10
5511,Primary Health Centre,4.2,196,779,8,,10
5512,Embassy Services,3.8,196,891,9,,10
5513,Rossari Biotech,3.9,195,1.1k,10,2,18
5514,Accord Synergy,3.3,195,405,9,2,14
5515,JSW Severfield Structures,3.8,195,772,11,,18
5516,Bharat Oman Refineries,3.9,194,790,8,,36
5517,Go Speedy Go,4.5,194,98,16,,30
5518,Adhaan Solutions,3.8,194,602,12,,8
5519,IIHT,3.9,194,853,3,,31
5520,RJ Corp,4.3,194,558,7,10,14
5521,Dayal Fertilizers,3.8,194,409,12,6,21
5522,Astec LifeSciences,3.7,194,740,17,,12
5523,S.S. Kothari Mehta & Co,3.5,194,790,10,,10
5524,Utkal Alumina International,4.1,194,659,14,,12
5525,Groupe Lactalis,3.5,194,749,9,128,6
5526,Extentia Information Technology,3.5,194,1.4k,16,5,12
5527,Network Techlab,3.7,194,919,13,13,9
5528,MaRS Planning & Engineering Services,4.0,194,746,7,12,5
5529,M K Agrotech Private Limited,3.9,197,445,25,8,24
5530,Aditi Consulting,3.6,194,929,15,2,13
5531,Lizmontagens India,4.1,200,659,5,,6
5532,Volksoft Technologies,4.3,194,160,4,,6
5533,Kalyan Toll Infrastructure,4.1,194,657,7,2,21
5534,Lakshmi Life Sciences,4.0,195,1k,11,2,6
5535,IG Petrochemicals,3.3,194,1k,13,,11
5536,Marolix Technology Solutions,2.8,194,1.1k,16,,8
5537,Northern Arc Capital,3.7,194,897,15,2,4
5538,Dollar Industries,3.5,194,770,11,,13
5539,Puropale Creations & IT Solutions,4.8,194,16,2,,
5540,Volksoft Technologies,4.3,194,160,4,,6
5541,Six Sigma Soft Solutions,3.5,195,1.3k,21,10,5
5542,Sakura Autoparts,3.7,194,813,10,,12
5543,Matter Motor Works,3.5,194,917,24,5,2
5544,Smart Energy Water,2.9,194,1.5k,24,2,7
5545,AYN InfoTech,4.5,193,184,1,,48
5546,Sel Manufacturing Co.,3.7,193,664,8,,23
5547,Neosym Industry,3.8,193,706,12,,19
5548,eligarf Technologies,4.1,194,213,12,2,9
5549,DGS Technical Services,3.1,194,860,4,10,12
5550,Ganesh Grains,3.2,193,607,19,2,12
5551,Shaw Toyota,4.9,193,136,14,,75
5552,VDart,4.0,193,904,45,12,8
5553,Masu Brakes,3.6,193,747,14,,31
5554,Pothys,4.1,194,680,11,8,14
5555,Saudi Electricity Company,4.3,193,365,10,,27
5556,Timex Group India,4.1,193,812,5,2,25
5557,Rudrabhishek Enterprises,3.3,193,759,11,13,17
5558,Nuance Transcription Services,4.1,193,532,1,,22
5559,Gulf Spic General Trading & Contracting Company,3.4,194,738,10,4,24
5560,China State Construction Engineering Corporation,3.8,193,570,19,,17
5561,REI Systems,3.9,193,437,29,3,41
5562,NMIMS,3.8,193,1.1k,22,,12
5563,Cerium Systems,2.9,193,1.2k,30,,13
5564,TP Southern Odisha Distribution,3.5,193,647,20,,5
5565,JNET Technologies,3.8,193,706,13,6,15
5566,Hidesign,3.4,194,864,15,7,13
5567,Adcock Ingram,3.9,193,843,11,,14
5568,Thejo Engineering,4.0,193,875,22,3,17
5569,Ludhiana Beverages,4.0,193,760,11,,17
5570,Horiba India,3.5,193,1k,9,3,19
5571,Venus Home Appliances,4.0,193,634,13,11,11
5572,Amentum,3.9,193,247,8,,31
5573,Motion Education,3.4,193,859,15,60,2
5574,Kohler Power,4.0,193,962,10,,22
5575,Arabtec Construction,4.7,193,428,4,,26
5576,Google Maps,4.8,193,152,18,,4
5577,Anion Healthcare Services,3.9,193,636,12,5,58
5578,Mercurius Advisory Services,4.1,193,507,29,20,51
5579,Svatantra Micro Housing Finance Corporation Limited,3.9,193,630,15,26,5
5580,Cadsys,3.4,192,503,7,,51
5581,AONE OUTSOURCING SOLUTIONS,4.7,192,304,15,,31
5582,LNV Technology,3.7,192,588,13,6,10
5583,RineX,3.6,192,169,218,,1
5584,Beyond Key,4.3,192,603,18,14,17
5585,Sun Direct TV,3.8,192,622,9,2,20
5586,Mark's,4.0,193,27,9,5,13
5587,Jesons Industries,3.6,192,1k,16,1,5
5588,Kirloskar Technologies,4.0,192,505,18,1,16
5589,The Cosmos Co-operative Bank,3.5,193,927,8,,15
5590,Janatics India,4.0,192,1.2k,11,6,17
5591,Autoline Industries,3.5,193,788,15,,12
5592,IILM,4.1,192,434,11,8,6
5593,Modern Business Solutions,3.8,192,559,8,,10
5594,Ministry of Home Affairs,4.1,192,2k,6,,8
5595,Laxmi India Finleasecap,3.9,193,468,8,5,9
5596,OEN India,4.1,192,890,16,,12
5597,SCON Projects,4.5,192,572,6,,16
5598,Tresor Systems,3.7,192,692,11,10,15
5599,J Mitra And Co,3.8,192,507,18,7,12
5600,OEN India,4.1,192,890,16,,12
5601,NullClass,3.6,192,152,15,,2
5602,Tresor Systems,3.7,192,692,11,10,15
5603,Keertana Finserv,3.5,193,432,24,11,1
5604,FreshersNow,3.9,191,210,54,,4
5605,Al-Futtaim Group,4.1,191,497,11,,33
5606,Cosmos Impex,4.1,191,925,19,5,17
5607,Empower Pragati,3.6,191,472,12,3,13
5608,Tonglit Autogistic,3.7,191,729,18,6,14
5609,HeyCoach,4.0,191,187,25,3,1
5610,Maharishi Markandeshwar University,3.6,191,529,13,,9
5611,DE Shaw,3.6,191,2.6k,129,8,10
5612,Entertainment Network India,3.4,191,981,9,4,15
5613,Besant Technologies,3.7,191,1.1k,18,,8
5614,Affine,3.2,191,1.4k,54,4,14
5615,Beckman Coulter,3.4,191,1.2k,11,,18
5616,Orient Paper Mill,3.8,192,581,12,,10
5617,Epitome Components,3.2,191,812,13,2,6
5618,Green Park Hotels,4.3,191,654,2,2,24
5619,Ecolab,3.6,190,1.2k,21,60,1
5620,SCIO Management Solutions,4.3,191,668,18,,14
5621,Simform,3.6,191,1.3k,45,12,9
5622,TP Northern Odisha Distribution,3.7,191,660,22,,5
5623,Knoldus Inc,3.8,191,503,21,2,30
5624,Artech,3.1,191,1.3k,12,,8
5625,Repro India,3.3,191,865,14,6,13
5626,Globus Spirits,3.9,191,885,12,,10
5627,Margadarsi Chit Fund,3.9,191,637,8,,15
5628,Sula Vineyards,4.1,191,767,10,1,18
5629,Apache Footwear,3.6,191,644,16,,19
5630,Abante Integrated Management Services,4.3,192,624,15,11,5
5631,MyCaptain,3.4,191,516,46,,6
5632,Japfa Comfeed India Private Limited,3.7,191,801,16,1,17
5633,dsm-firmenich,4.1,192,1k,12,11,15
5634,Exponentia.ai,3.6,191,761,21,115,9
5635,Maharaja Agrasen Hospital,3.7,191,708,9,7,11
5636,TALENTEDGE,3.2,190,938,20,,17
5637,DevTown,3.7,190,121,35,,
5638,VAYA Finserv,3.9,190,449,11,,18
5639,Godrej Appliances,3.6,191,644,8,,23
5640,Godrej Capital,3.6,194,1.2k,10,,1
5641,DTC Projects,3.9,190,578,19,38,32
5642,Osam Dairy,4.0,190,437,9,8,1
5643,ICT Service Management Solutions,3.5,190,617,3,1,21
5644,Towell Engineering Group,3.7,190,496,10,,32
5645,Indel Money,4.0,190,551,9,9,7
5646,Godrej Appliances,3.6,191,644,8,,23
5647,Sapphire Software Solutions (India),4.4,190,313,12,4,38
5648,SOS Children's Village,3.4,190,479,12,14,21
5649,ILJIN AUTOMOTIVE,3.7,190,748,11,,19
5650,Paytm Money,3.1,190,1.3k,28,7,13
5651,Sigmoid,3.5,190,2k,73,56,9
5652,Jasmin Infotech,3.9,190,1.5k,15,4,16
5653,Nutanix,3.6,190,2.1k,85,91,10
5654,Black & Veatch,4.1,191,951,15,76,22
5655,WinWire,3.2,190,1.6k,26,18,14
5656,Manitou Equipment India,4.2,190,837,18,,10
5657,Marengo Asia Hospitals,4.1,190,364,7,16,
5658,Army Medical Corps,4.8,190,618,17,,35
5659,Ribbon Communication,3.8,190,1.2k,27,3,20
5660,Manika Plastech Private Limited,4.0,190,528,13,4,4
5661,Advids,3.7,190,308,14,,10
5662,Vijay Tanks & Vessels,4.1,190,725,9,,17
5663,DNEG CREATIVE SERVICES,3.1,191,867,9,35,11
5664,Exel Rubber,4.0,190,760,16,8,12
5665,CapitalVia,4.0,189,366,46,7,23
5666,DAIMLER TRUCKS ASIA,3.8,189,1.2k,5,,5
5667,M*Modal,3.6,189,479,2,,33
5668,EDR Continuous Information,2.8,190,782,10,,12
5669,Colruyt Group,3.7,189,1k,9,9,18
5670,Reventics,3.9,189,859,16,,23
5671,Pin Click,2.9,189,467,12,17,19
5672,India Pesticides,3.9,189,755,15,2,4
5673,Hi-Tech,3.6,189,1.2k,22,,14
5674,Windsor Machines,4.0,189,799,8,,17
5675,Gleeds Hooloomann Consulting,4.2,189,669,8,5,15
5676,Code Brew Labs,3.2,189,716,16,3,31
5677,Prasol Chemicals,3.4,189,1.1k,24,14,13
5678,Sheth Creators,3.1,189,753,9,,15
5679,Sri Ramachandra Institute of Higher Education and Research,3.9,190,884,9,,7
5680,Windsor Machines,4.0,189,799,8,,17
5681,Prasol Chemicals,3.4,189,1.1k,24,14,13
5682,Code Brew Labs,3.2,189,716,16,3,31
5683,Gleeds Hooloomann Consulting,4.2,189,669,8,5,15
5684,Reventics,3.9,189,859,16,,23
5685,CloudMoyo,4.0,189,1.2k,8,4,43
5686,Jubilant Motorworks,4.0,189,610,10,,15
5687,Talentica Software,4.0,189,1.5k,52,22,25
5688,Srg Housing Finance,4.0,189,552,12,18,6
5689,Pin Click,2.9,189,467,12,17,19
5690,Amphenol Fci,3.9,189,862,13,3,19
5691,Ohmium,3.1,190,664,15,22,2
5692,SACHA Engineering,3.4,189,1.3k,14,,13
5693,Green Gene Enviro Protection And Infrastructure,3.6,189,530,9,,1
5694,Aeon Credit Service,3.4,188,604,12,,8
5695,Tata Institute of Social Sciences,4.3,188,696,10,,17
5696,Radheya Machining,3.6,188,661,10,,20
5697,Hyundai Heavy Industries,3.7,188,368,10,,28
5698,Samkwang India Electronic,3.2,188,761,16,,10
5699,i-exceed technology solutions,2.8,188,1.4k,41,23,11
5700,Corrival Corporate Services,4.2,188,475,19,,
5701,Excellon Software,4.1,189,1.1k,15,2,8
5702,Centillion Solutions and Services,3.9,188,515,6,11,4
5703,Systopic Laboratories,4.4,188,349,4,,27
5704,DSM Infocom,2.7,188,429,6,,6
5705,Vivimed Labs,3.3,188,824,8,3,15
5706,Bullmen Realty,3.0,188,701,18,4,3
5707,Motorola Solutions,3.9,188,1.5k,32,54,16
5708,Hospet Steels,3.6,188,777,18,,18
5709,Redington Group,3.9,188,1.3k,9,28,3
5710,R-Logic Technology Services,4.0,188,559,12,,24
5711,Cross Country Infotech,4.2,188,670,49,1,7
5712,Krishi Rasayan Exports,3.9,188,634,10,,8
5713,DS-MAX Properties,3.5,188,878,26,88,19
5714,Advantage One Tax Consulting,4.0,188,520,11,,17
5715,Hoonartek,3.5,188,1.5k,16,18,14
5716,Vandana Global,2.9,188,786,17,14,4
5717,Deutsche Telekom Digital Labs,3.6,189,1.6k,35,5,11
5718,Paranjape Schemes (Construction) Limited,3.2,188,828,11,4,19
5719,Blackbuck Insights,3.8,188,764,17,,6
5720,Hoonartek,3.5,188,1.5k,16,18,14
5721,Sleepwell,4.2,188,569,16,,12
5722,Bhutani Group,4.2,188,675,36,1,8
5723,Paranjape Schemes (Construction) Limited,3.2,188,828,11,4,19
5724,Citylife Retail,3.9,187,362,7,,17
5725,Gennova Biopharmaceuticals,4.4,187,777,11,1,13
5726,Jagran New Media,3.4,187,614,6,1,11
5727,MAKEEN Energy,3.9,188,434,13,5,1
5728,Expeditors International,3.8,187,1.2k,13,,10
5729,Kayjay Forging,3.7,187,669,8,7,19
5730,Mobile Premier League,3.6,187,1.4k,25,25,14
5731,A3logics,3.7,187,774,31,,8
5732,Kiran Foreign Trade,2.9,187,889,25,,21
5733,One Point Solutions,3.2,187,1k,9,,5
5734,Luthra Group Company,4.2,187,828,19,3,17
5735,Comcast India Engineering Center,3.8,187,2.1k,57,20,15
5736,Flender,3.7,187,994,15,3,11
5737,AXIS Solutions,3.2,187,713,11,5,7
5738,Oasis Infobyte,4.1,187,136,20,,
5739,Shirdi Sai Electricals,3.8,187,613,14,,20
5740,Bhansali Engineering Polymers,3.5,187,730,16,2,11
5741,Shirdi Sai Electricals,3.8,187,613,14,,20
5742,Valethi Technologies,3.1,187,963,12,,9
5743,Bajel Projects,4.2,187,529,19,7,
5744,Schreiber Dynamix Dairies,4.0,187,642,6,9,20
5745,Oasis Infobyte,4.1,187,136,20,,
5746,Ksolves India Limited,3.1,187,963,56,16,3
5747,Ican BPO,4.4,186,237,3,,15
5748,The Chennai Silks,3.5,186,786,9,1,11
5749,Monnet Group,4.5,186,447,11,,18
5750,Ester Industries,4.0,186,778,10,4,20
5751,Simplify Healthcare,2.8,186,1.6k,36,40,4
5752,CETPA InfoTech,3.7,186,750,14,1,27
5753,CDM Smith,3.6,186,763,13,8,14
5754,Rajapushpa Properties,3.9,187,840,17,10,12
5755,Walstar Technologies,4.1,186,418,27,6,9
5756,Azure Hospitality,4.1,186,561,11,,32
5757,Nandi Toyota,3.7,186,523,16,,19
5758,Param Renewable Energy,3.9,189,525,18,,14
5759,Celio Future Fashion,4.5,186,407,5,,16
5760,Celio Future Fashion,4.5,186,407,5,,16
5761,Param Renewable Energy,3.9,189,525,18,,14
5762,Nandi Toyota,3.7,186,523,16,,19
5763,Tirupati Medicare,4.3,186,636,8,1,20
5764,CDM Smith,3.6,186,763,13,8,14
5765,Azure Hospitality,4.1,186,561,11,,32
5766,Simplify Healthcare,2.8,186,1.6k,36,40,4
5767,FedServ,3.6,186,955,16,5,3
5768,Revolt Motors,3.3,186,701,25,23,3
5769,Vensure Employer Services,3.9,186,224,44,29,1
5770,Shipco It,3.6,186,448,13,2,1
5771,PS Group,3.6,186,690,19,2,14
5772,Ventra Health,3.2,186,798,12,7,
5773,Orbit Techsol,3.8,186,1k,12,18,7
5774,Emiza Supply Chain Services Private Limited,3.5,186,684,10,,11
5775,Axalta Coating Systems,4.0,188,801,11,17,29
5776,HEUBACH Colour,3.9,185,903,11,,19
5777,Toto India Industries,3.8,185,635,8,,17
5778,Sunera Technologies,3.5,185,1.7k,25,,17
5779,India Post Payments Bank,4.2,187,610,8,,7
5780,Celon Laboratories,3.3,185,795,9,7,13
5781,ARC Document Solutions,2.7,185,795,18,,14
5782,Arrow Electronics,3.8,185,1.4k,15,7,5
5783,Sunera Technologies,3.5,185,1.7k,25,,17
5784,Brainware University,3.2,186,527,25,10,4
5785,Monocept,3.3,185,1.2k,25,3,10
5786,Massive Restaurants,3.8,185,632,3,,18
5787,Zydus Pharma,3.7,185,661,13,,8
5788,Ruby General Hospital,3.2,185,671,9,7,7
5789,Zuari Agro Chemicals,3.9,186,638,7,,21
5790,Btl Epc,3.2,185,726,14,,13
5791,Object Technology Solutions,3.8,185,1.2k,7,18,6
5792,DesignCafe,3.3,185,1.2k,12,42,11
5793,Cheema Boilers,4.3,185,751,10,4,13
5794,India Post Payments Bank,4.2,187,610,8,,7
5795,Ami Polymer,3.6,185,673,14,25,12
5796,Illusion Dental Laboratory,3.3,185,545,16,9,6
5797,Montra Electric,3.7,185,666,12,1,3
5798,Nipro India Corporation,3.4,185,923,17,4,11
5799,Linux Laboratories,3.6,186,458,15,5,9
5800,Linux Laboratories,3.6,186,458,15,5,9
5801,Nipro India Corporation,3.4,185,923,17,4,11
5802,S.R.Batliboi & Co.,3.0,185,1.1k,13,,11
5803,Rexel,3.6,185,910,13,1,17
5804,Simpa Energy,4.6,184,340,1,,25
5805,Feedback Energy Distribution Company,3.5,184,569,7,,18
5806,KerryIndev Logistics,3.7,184,1.1k,4,1,7
5807,JK Agri Genetics,3.4,184,418,7,,17
5808,Heavy Engineering Corporation,3.6,184,749,11,,22
5809,DB Engineering & Consulting,4.2,184,774,8,4,14
5810,Modern Automotives,3.8,184,741,25,3,15
5811,TalentServe,2.0,184,122,25,1,2
5812,Svasti Microfinance,4.1,185,482,6,5,5
5813,Royal Cyber,3.3,184,1.3k,14,36,4
5814,Fortune Marketing,3.7,184,828,12,,8
5815,Kumar Organic Products,3.6,184,846,15,7,14
5816,NIMS University,2.8,184,685,14,1,10
5817,Tecumseh Products,3.4,184,819,10,,8
5818,Ginni Filaments,4.0,184,732,5,,12
5819,LS Automotive India,3.4,184,949,7,1,17
5820,CIGNEX,3.8,184,1.2k,10,34,21
5821,N.K. Realtors,4.2,184,491,23,11,16
5822,L&T Infrastructure Development Projects,3.9,184,1.1k,10,,11
5823,Rimini Street,4.0,184,881,8,16,15
5824,The Souled Store,3.3,184,613,13,2,6
5825,Modern Automotives,3.8,184,741,25,3,15
5826,TalentServe,2.0,184,122,25,1,2
5827,Ginni Filaments,4.0,184,732,5,,12
5828,Tecumseh Products,3.4,184,819,10,,8
5829,NIMS University,2.8,184,685,14,1,10
5830,Li & Fung,3.9,185,707,6,8,30
5831,Mentorsity,4.4,184,56,12,,29
5832,Hubergroup,3.9,184,824,7,,13
5833,Royal Cyber,3.3,184,1.3k,14,36,4
5834,Fortune Marketing,3.7,184,828,12,,8
5835,Teleminds Infotech,2.7,184,650,12,,19
5836,LS Automotive India,3.4,184,949,7,1,17
5837,Svasti Microfinance,4.1,185,482,6,5,5
5838,Profinch Solutions,3.5,184,1.3k,21,21,9
5839,Excel Industries,3.9,184,904,15,,11
5840,Profinch Solutions,3.5,184,1.3k,21,21,9
5841,Teleminds Infotech,2.7,184,650,12,,19
5842,Eagle Infra,4.1,185,850,12,,20
5843,Kundan Group,3.2,184,606,15,7,1
5844,Nineleaps Technology Solutions,4.0,184,1.3k,34,,15
5845,Graygraph Technologies Private Limited,4.4,184,577,32,19,2
5846,Stats Perform,3.5,184,928,21,27,1
5847,Mantra Softech,3.9,184,1.1k,15,24,11
5848,Prione Business Services,4.4,183,827,6,,48
5849,Sistema Shyam Teleservices,4.9,183,241,,,31
5850,Aditya Anagha Multi State Credit Co-Operative Society,4.7,183,103,5,,2
5851,Eurofins Scientific,3.2,183,1.3k,14,108,2
5852,Value Rcm Solutions,4.2,183,345,33,1,11
5853,Philip Morris International,4.3,183,673,13,,17
5854,Apps Associates,3.9,183,1.4k,12,20,18
5855,Kifs Housing Finance,3.6,183,507,8,,7
5856,Dew Solutions,3.6,183,1.2k,23,2,22
5857,Primus Techsystems,3.3,185,1.2k,10,12,11
5858,Tata Asset Management Private Limited,3.8,183,905,12,10,13
5859,Solugenix India Private Limited,3.1,183,1.5k,32,7,11
5860,Hogarth Worldwide,3.4,183,1.6k,21,2,5
5861,Oxyzo Financial Services,3.3,183,1k,11,1,4
5862,EarlySalary Services,3.6,183,1.2k,15,34,12
5863,Dew Solutions,3.6,183,1.2k,23,2,22
5864,Hindustan Media Ventures,3.8,183,574,5,,11
5865,Tata Asset Management Private Limited,3.8,183,905,12,10,13
5866,Solugenix India Private Limited,3.1,183,1.5k,32,7,11
5867,Primus Techsystems,3.3,185,1.2k,10,12,11
5868,ASK-EHS Engineering & Consultants,3.6,183,616,12,6,15
5869,Mukand Sumi Special Steel,3.8,184,642,14,,8
5870,PC Financial Services,3.9,183,517,11,1,34
5871,House Of Diagnostics,4.2,183,675,12,8,25
5872,Techmagnate,4.1,183,738,17,26,18
5873,Lumiq,3.3,183,786,14,4,14
5874,Providence Global Center,3.6,183,1.6k,19,17,9
5875,Acma Computers,3.2,183,805,21,6,10
5876,Kifs Housing Finance,3.6,183,507,8,,7
5877,Stumpp Schuele & Somappa Springs,3.5,183,691,10,,16
5878,Biesse Manufacturing,3.6,183,920,16,1,17
5879,Gulf Asia Contracting,3.3,184,586,11,,5
5880,Zentiva,4.2,184,789,10,23,8
5881,CivilMantra Infracon Private Limited,4.0,184,198,14,,11
5882,ICE Data Services,3.2,183,1.3k,28,7,11
5883,AlmaBetter,3.9,183,719,24,5,1
5884,Maschio Gaspardo,3.8,182,718,13,1,26
5885,Incrementors Web Solutions,4.0,182,186,25,,48
5886,CoLive,3.9,182,645,44,6,3
5887,Ajmera Realty & Infra India,4.5,182,543,3,28,6
5888,Childline India Foundation,4.3,182,401,8,,27
5889,Tm Automotive Seating Systems,3.5,182,803,9,,2
5890,Integrated Resources,3.8,182,655,28,,13
5891,Fermenta Biotech,4.3,182,1k,17,,19
5892,Cloudstrats Technologies,3.1,183,358,17,17,11
5893,Flowmore,3.5,182,790,17,,15
5894,Mitsubishi Power India,4.4,182,802,13,1,15
5895,Dr. Willmar Schwabe India,4.0,182,458,7,1,13
5896,Sterling and Wilson Renewable Energy,4.2,182,721,7,9,1
5897,In2IT Technologies,3.4,183,1.1k,17,2,15
5898,Destek Infosolutions,3.5,182,205,9,,46
5899,Qatar Petroleum,4.3,182,380,14,,28
5900,Virinchi Technologies,3.2,182,1.1k,19,5,8
5901,Vegrow,3.9,182,828,17,4,9
5902,Futurism Technologies,3.6,182,1.1k,36,29,4
5903,A2Z Infraservices,3.8,182,454,8,3,18
5904,Liebherr Appliances India,4.0,182,821,11,38,14
5905,SmartWorld Developers,4.2,182,790,15,1,3
5906,inMorphis Services,4.0,182,853,12,16,10
5907,APOLLO POWER SYSTEMS,3.9,182,571,15,5,13
5908,Txd (india) Technology,4.1,182,773,16,,12
5909,Alp Nishikawa,4.1,182,769,7,4,17
5910,CPC Diagnostics,3.7,181,596,11,,13
5911,C-quel Management Services,4.3,181,206,13,,79
5912,Maksat Technologies,3.3,182,628,10,,18
5913,C.G. Marketing,4.0,181,528,3,5,21
5914,Krystal Integrated Services Limited,4.1,182,689,7,2,10
5915,Jeena & Company,3.6,181,614,10,5,19
5916,SrinSoft Technologies,3.4,181,1.1k,17,15,15
5917,Tata Main Hospital,3.8,181,515,19,,22
5918,"MIDLAND CREDIT MANAGEMENT, INC.",3.7,181,822,11,2,26
5919,Invenio Business Solutions,3.4,181,1.4k,10,16,16
5920,Edunext Technologies,3.4,181,556,15,1,12
5921,Virbac Animal Health,4.0,182,368,5,,19
5922,Eglo India,3.4,181,770,17,,17
5923,Bajaj Markets,3.0,183,1.2k,8,8,3
5924,HLE Glascoat,3.2,181,757,7,,13
5925,Ubique Systems,3.8,181,662,22,3,6
5926,Apollo Telehealth Services,4.0,181,613,11,215,23
5927,Four Seasons Hotel,3.8,181,575,7,24,38
5928,Nyx-medical Solutions,3.2,181,683,14,,4
5929,PEARCE SERVICES,3.2,182,939,19,11,1
5930,WNS Denali,3.5,181,770,26,,6
5931,NexTurn,3.9,182,288,36,7,6
5932,Toyo INK,4.2,181,844,11,,18
5933,Private Practice,4.5,181,3.1k,13,,9
5934,Open Financial Technologies Private Limited,3.1,181,1.1k,27,21,1
5935,Tech Mahindra Foundation,4.1,181,542,28,21,30
5936,Burman Hospitality,3.8,181,649,10,9,15
5937,Soch Apparels,4.4,181,643,8,,16
5938,Emirates NBD,3.0,180,1k,10,,21
5939,GE Transportation,4.3,180,866,4,,18
5940,Samsung Semiconductor,3.1,180,1.4k,22,,9
5941,Essencea Infoserv,2.6,180,452,17,1,3
5942,Sims Hospital,3.9,180,821,20,1,12
5943,Biorad Medisys,3.8,180,878,22,3,10
5944,Miraj Group,4.1,180,752,12,1,15
5945,Inteva Products,3.7,180,1.1k,18,,20
5946,Source One Management Services,3.5,180,752,21,,11
5947,Oxford University Press,3.3,181,901,7,16,19
5948,"L&T Construction, Mining and Industrial Machinery",4.1,181,361,7,,91
5949,Laminaar Aviation Infotech,2.6,180,1.1k,17,29,14
5950,Target Engineering Construction Company,4.0,180,472,11,,15
5951,Navigators Software,4.1,181,624,19,18,4
5952,Laxmi-Agni Components and Forging,3.4,180,601,13,,9
5953,Ghatge Patil Industries,3.8,180,880,3,,5
5954,Kumaran Systems,3.5,180,1.4k,26,16,8
5955,IRIS KPO Resourcing,3.8,180,865,15,7,7
5956,Labtron Equipment,3.5,180,298,23,,1
5957,Impresario Entertainment & Hospitality,4.2,180,613,5,1,23
5958,Danblock Brakes,4.0,180,682,10,,16
5959,Muthoot Mercantile,3.4,181,556,12,3,6
5960,The Hindu Group,3.9,180,891,10,7,15
5961,Aarav Global Products & Services Private Limited,2.5,180,698,12,1,26
5962,MKU,2.9,180,691,7,22,18
5963,Ansal Api,3.8,179,455,11,,10
5964,Swelect Energy Systems,3.8,179,488,14,1,8
5965,Gangavaram Port,3.4,179,595,12,,8
5966,Central Institute of Plastics Engineering & Technology,3.8,179,628,4,,22
5967,Qube Cinema Technologies,3.8,179,770,6,6,19
5968,The Pride Hotel,3.2,179,670,8,38,20
5969,SSK Group,3.5,179,495,5,,11
5970,Jubilant Industries,3.9,179,1.1k,18,,14
5971,Nippon Data Systems,3.8,179,1k,25,10,7
5972,INDIA TODAY GROUP,3.7,179,1.1k,12,,20
5973,NHPC,4.1,179,476,11,,24
5974,Bambino Agro Industries,4.0,179,743,7,2,17
5975,Lalitpur Power Generation,4.3,179,601,9,,13
5976,Amtex Systems,2.9,180,1.1k,12,9,1
5977,IFB Agro Industries,4.0,179,663,8,,24
5978,Sadhu Forging,3.6,179,719,14,,13
5979,Macmet Engineering,3.9,179,623,11,3,20
5980,Birla Cellulose,3.5,179,732,12,,17
5981,Hotel Parle International,3.8,179,804,11,15,1
5982,Global Hospital Pune India,3.9,179,531,7,,28
5983,Inspiredge IT Solutions,3.9,179,950,11,10,25
5984,Accurate Engineering Company,3.2,179,895,11,23,17
5985,Nippon Data Systems,3.8,179,1k,25,10,7
5986,INDIA TODAY GROUP,3.7,179,1.1k,12,,20
5987,SSK Group,3.5,179,495,5,,11
5988,NRP Projects,4.2,179,676,7,1,13
5989,Meritto,3.4,179,1k,25,16,19
5990,Timezone Entertainment,3.5,179,478,11,1,9
5991,NMTronics India Private Limited,3.2,179,446,31,10,11
5992,Hurix Systems,3.6,179,922,18,48,20
5993,LawSikho,4.1,179,351,28,8,1
5994,HomeBazaar.com,3.8,179,626,16,126,11
5995,PPMS Field Marketing,4.0,179,472,9,,8
5996,AMBITION JOB,4.1,179,78,47,,22
5997,Jehangir Hospital,3.9,179,632,8,7,15
5998,Salasar Techno Engineering,4.2,179,865,16,1,10
5999,Talwalkars Better Value Fitness,4.2,178,438,6,,30
6000,GVK Group,3.9,178,699,11,,14
6001,Vmoksha Technologies,4.5,178,514,18,,6
6002,Unilog Content Solutions ( P),3.5,178,1.2k,17,5,14
6003,DesiCrew Solutions,3.2,178,664,12,40,9
6004,Givaudan,4.1,178,1k,7,11,32
6005,alliantgroup,2.1,179,950,23,,8
6006,Gameskraft,4.2,178,1.3k,18,19,6
6007,Zen Technologies,3.5,178,805,24,15,10
6008,Gokul Agro Resources,3.8,178,830,15,9,5
6009,Pharmed,4.6,180,395,6,4,18
6010,SEG Automotive,4.0,179,1.1k,11,3,14
6011,Delhi World Public School,3.5,178,661,17,6,19
6012,Overseas Health Care,3.0,178,442,14,,13
6013,Sigma Supply Chain Solutions,3.4,178,444,4,,8
6014,MEP Infrastructure Developers,3.6,178,871,11,16,18
6015,Corrtech International,3.3,178,681,3,,7
6016,Jayanita Exports,3.2,178,661,16,,15
6017,Steadfast Medishield,4.0,178,396,18,1,38
6018,RT Network Solutions,3.4,178,596,13,7,11
6019,Gpt Infraprojects,3.8,178,532,6,,11
6020,Wepsol,3.5,178,805,8,9,11
6021,Bygging India,3.9,178,612,14,10,16
6022,Ambuja Cement Foundation,3.8,178,467,13,2,11
6023,United Nations Development Programme,4.0,179,502,16,4,15
6024,Sandfits Foundries,4.1,178,581,27,3,7
6025,Indus Motors,4.0,180,641,3,18,15
6026,SeQuent Scientific,3.7,178,709,3,2,12
6027,Sequretek It Solutions,3.5,178,1.1k,11,12,6
6028,Swal Corporation,4.2,178,335,8,,10
6029,ACUTAAS CHEMICALS LIMITED,3.7,178,988,15,3,9
6030,Ess Kay Group,3.7,178,595,13,13,5
6031,Symed Labs,3.8,178,637,5,5,13
6032,Brnd.Me,3.6,178,809,17,3,2
6033,Collage,4.2,178,435,17,,9
6034,Lubrizol Corporation,4.2,178,831,8,19,14
6035,Jarvis Technology and Strategy Consulting,3.4,178,769,22,1,7
6036,DSM SOFT,3.0,178,777,11,4,13
6037,Kapil Chit Funds,4.0,178,362,4,,18
6038,SPIE Oil & Gas Services,4.3,178,265,9,,22
6039,Gates,3.9,178,915,11,1,21
6040,Compuage Infocom,4.1,177,850,9,8,19
6041,Matrix Cellular Services,4.0,177,459,2,,18
6042,Cex Webuy Entertainment,3.4,177,1k,21,9,25
6043,CR Asia,4.1,177,639,11,,33
6044,Zeon Lifesciences,4.0,177,677,39,8,13
6045,Diksha Technologies,3.2,177,817,5,10,38
6046,Cipla Industries,3.9,177,712,12,,30
6047,Prgx India,3.4,177,1.2k,14,57,21
6048,Swipewire Technologies,3.7,177,963,21,,4
6049,S kant Healthcare Ltd,4.7,177,459,8,4,8
6050,Euronet Worldwide,3.6,177,1.2k,14,2,16
6051,Jagatjit Industries,3.6,177,581,6,,14
6052,Phenix Construction Technologies,4.0,177,750,16,,32
6053,SYNCHRONIZED SUPPLY SYSTEMS,3.9,177,613,9,,19
6054,cFIRST,3.7,177,631,5,,38
6055,Leena Powertech Engineers,3.6,177,516,9,,6
6056,Panchshil Realty,4.3,177,874,12,,14
6057,Volante Technologies,3.3,177,1.5k,18,,17
6058,Hitek Syndicate,3.6,177,428,8,2,6
6059,Jai Kisan,3.3,177,553,15,,6
6060,Capricorn Logistics,3.6,177,695,5,,9
6061,Solverminds Solutions and Technologies,3.4,177,1.3k,20,3,6
6062,Fabtech Projects & Engineers,3.9,177,767,14,,10
6063,Panchshil Realty,4.3,177,874,12,,14
6064,Leena Powertech Engineers,3.6,177,516,9,,6
6065,Icl Fincorp,3.3,177,606,22,6,1
6066,Oswal Group,3.9,177,653,12,1,3
6067,S kant Healthcare Ltd,4.7,177,459,8,4,8
6068,Swipewire Technologies,3.7,177,963,21,,4
6069,Ayoki Fabricon,3.6,177,699,7,14,13
6070,Raptim Research,4.4,177,928,14,,15
6071,Nippon Konpo,4.1,177,527,9,,12
6072,Prgx India,3.4,177,1.2k,14,57,21
6073,DESIGNCO,4.0,177,720,14,15,13
6074,Wintax Solution,4.8,177,26,4,,114
6075,Oliva Skin and Hair Clinics,3.8,177,598,14,11,27
6076,Allset Business Solutions,3.8,177,893,15,,7
6077,Burger Singh,3.6,177,531,14,10,3
6078,insightsoftware,3.7,177,913,30,26,2
6079,Sulphur Mills,3.8,177,807,13,5,21
6080,ShopX,4.4,176,747,1,,23
6081,Vrinsoft Technology,4.6,176,219,25,11,7
6082,LiquidHub,3.6,176,761,14,,31
6083,L&T Buildings & Factories,3.8,176,148,7,,94
6084,Bharat Benz,4.3,176,528,9,,24
6085,Escorts Construction Equipment,4.0,176,685,8,,28
6086,Pegasus InfoCorp,2.9,176,1k,18,7,16
6087,Asianet Satellite Communications,4.4,176,533,15,1,9
6088,Elsevier,3.8,176,1.2k,22,66,13
6089,Don Bosco Tech Society,4.1,176,329,11,10,25
6090,Monomark Engineering,4.1,176,591,13,15,13
6091,Tata Memorial Hospital,4.2,176,611,10,,18
6092,Intense Technologies,3.6,176,1.2k,12,1,18
6093,Healthplix Technologies,3.1,176,1k,28,11,15
6094,ABT Maruti,3.9,176,731,3,3,11
6095,CENTRUM HOUSING FINANCE,3.9,176,485,4,4,4
6096,Tropilite Foods,3.6,176,544,13,7,13
6097,Privi Speciality Chemicals,3.9,176,824,21,7,11
6098,Starworth Infrastructure Construction,3.7,176,726,13,7,7
6099,OneAdvanced,3.0,176,1k,19,10,1
6100,U.S. Polo Assn,4.3,176,480,8,,16
6101,Reliance Smart Point,4.2,177,406,19,,9
6102,Relyon Softech,3.9,176,893,17,6,20
6103,"Webasto Roofsystems India Pvt Ltd,",3.8,176,817,14,,7
6104,Xrbia Developers,2.8,176,864,8,,11
6105,Kaff Appliances (india),3.2,176,643,11,,11
6106,Afflatus Gravures,3.8,176,687,15,5,13
6107,CodSoft,3.9,176,140,23,,
6108,Techugo,3.7,176,457,15,10,6
6109,General Industrial Controls,3.6,176,1k,10,12,6
6110,Ashish Life Science,3.7,176,559,15,12,53
6111,American InfoSource,3.4,176,799,14,22,15
6112,Stedman Pharmaceuticals,4.0,176,320,18,3,28
6113,Target Publications,3.7,176,298,15,8,6
6114,Wibmo,3.2,176,1.1k,7,,10
6115,Swaraj Engines,3.7,176,545,10,,14
6116,Lithium Urban Technologies,3.6,176,656,9,7,5
6117,AMS Comtel BPMS,3.2,176,692,9,6,11
6118,Cinda Engineering & Construction,4.1,176,721,15,,9
6119,TekisHub Consulting Services,3.9,176,938,23,,5
6120,Accurate Global Alliances,4.7,176,59,10,,2
6121,TekisHub Consulting Services,3.9,176,938,23,,5
6122,Ecolab Digital Center,3.4,176,1.5k,24,,8
6123,AMS Comtel BPMS,3.2,176,692,9,6,11
6124,Lithium Urban Technologies,3.6,176,656,9,7,5
6125,Radiant Appliances,4.1,175,701,13,,16
6126,Nordusk Led,4.6,175,118,7,,5
6127,Som Projects (S.P.L),3.8,175,597,16,6,9
6128,Eros Group,4.1,175,701,16,5,19
6129,NMDC Steels,3.8,175,536,8,,3
6130,Three D Integrated Solutions Ltd,2.7,175,605,10,22,16
6131,Minda Stoneridge Instruments,3.5,176,893,17,,5
6132,OneBanc Technologies,4.8,178,203,39,4,12
6133,Aster Cmi Hospital,3.8,175,608,11,,18
6134,Experion Developers,4.7,175,585,5,,10
6135,GoMechanic,3.3,175,2k,54,11,26
6136,Cadmaxx Solutions,3.6,175,729,18,1,6
6137,Apis India Limited,3.6,175,688,10,,11
6138,Air India Express,3.5,175,895,16,5,11
6139,Fangs Technology,4.2,175,725,6,1,17
6140,Wellspring Healthcare,3.0,175,485,7,,18
6141,Jaslok Hospital and Research Centre,4.2,175,712,9,8,18
6142,Institute of Language Management,4.1,175,211,14,,27
6143,Shakti Hormann,3.7,175,648,19,11,13
6144,National Aerospace Laboratories,4.3,175,777,14,,27
6145,KayBee Bio Organics,3.7,175,332,27,14,2
6146,Poonawalla Finance,3.7,175,975,6,,9
6147,Goibibo,4.4,175,819,6,28,20
6148,Gunnebo,3.8,175,758,12,,15
6149,Zenoti,2.9,175,1.4k,49,60,20
6150,Naresh i Technologies,3.9,175,632,13,2,6
6151,Hero Future Energies,4.1,175,882,6,14,19
6152,Hindustan Platinum,3.5,175,1.1k,20,15,15
6153,Groupe Seb,3.3,175,719,10,2,15
6154,MSL Driveline Systems,4.2,175,620,3,,14
6155,Adani Transmission,3.7,175,785,10,,14
6156,Applus Velosi,3.6,175,406,8,,23
6157,Ultra Engineers,4.1,174,860,12,,19
6158,SmartSchool Education,4.6,174,425,39,3,49
6159,Keihin India Manufacturing,4.4,174,621,5,,31
6160,Mangalam Landmarks,4.7,174,126,80,16,1
6161,Ravi Foods,3.8,174,582,9,,18
6162,Mitsuba,3.7,174,705,5,1,17
6163,MaxVal Group,3.3,174,971,22,2,9
6164,CTR Manufacturing Industries,3.7,174,810,13,55,9
6165,Monginis Foods,3.7,174,667,8,,19
6166,Presidency University,2.5,175,725,12,,15
6167,PP Rolling Mills,3.6,174,817,10,5,5
6168,Cyient DLM,3.9,174,764,10,,10
6169,Kolors Healthcare,3.7,176,659,16,6,9
6170,Shankar Packagings,2.6,174,809,10,1,11
6171,Mandovi Motors,3.8,174,528,5,4,14
6172,SEForge,3.4,174,851,7,,14
6173,Denso Ten Minda India,4.1,174,725,14,,11
6174,Vestian Global Workplace Services,3.3,174,799,6,7,9
6175,Architect Hafeez Contractor,3.1,175,454,12,,9
6176,Donear Industries,3.2,174,800,8,,7
6177,Gujarat Guardian Ltd.,3.7,174,702,13,3,24
6178,Geno Pharmaceuticals,2.8,174,447,16,,13
6179,Mangal Industries,3.9,174,713,9,,11
6180,Bentley Systems,4.3,174,1.3k,21,18,26
6181,Kyb Motorcycle Suspension,3.7,174,542,15,,14
6182,iNeuron.ai,4.1,174,772,17,1,27
6183,Ilensys Technologies,4.1,175,1.1k,27,28,8
6184,Godrej Tyson Food,4.0,174,695,10,,14
6185,Kamdhenu,3.7,174,555,9,4,16
6186,Inmakes Infotech,3.8,174,394,12,4,5
6187,MSV International,3.7,174,483,13,14,10
6188,Eazy ERP Technologies,3.7,174,598,15,34,8
6189,Arvind Smartspaces Limited,3.6,174,623,13,,11
6190,Divgi Torqtransfer Systems,3.2,174,787,10,,12
6191,Opporture,4.8,174,64,2,,
6192,Dr B Lal Clinical Laboratory,4.2,174,397,10,7,20
6193,Hyderabad Metro Rail,4.1,174,507,11,,22
6194,Paychex IT Solutions India,3.4,174,953,27,19,4
6195,Allahabad Bank,4.1,173,316,2,,22
6196,Goel Ganga Group,3.4,173,633,10,6,27
6197,Lynk,3.1,173,953,12,,6
6198,Qicpic,2.4,173,87,21,,3
6199,Blue Tokai Coffee Roasters,3.8,173,594,7,7,15
6200,Altius Customer Services,3.0,174,649,15,11,19
6201,Mansukh Securities & Finance,3.2,173,754,23,7,6
6202,Unify Technologies,3.0,173,1.2k,25,10,19
6203,TechMojo Solutions,4.0,173,1.3k,31,13,9
6204,Automation Anywhere,3.7,173,1.6k,18,23,16
6205,Pan Gulf Technologies,4.0,173,807,13,15,14
6206,Indian School of Business,3.3,173,967,11,9,13
6207,Bureau of Indian Standards,3.9,173,876,20,,3
6208,Qicpic,2.4,173,87,21,,3
6209,Blue Tokai Coffee Roasters,3.8,173,594,7,7,15
6210,Lakme Salon,4.0,173,452,12,,14
6211,Dr ITM,3.2,173,446,11,,10
6212,Gainwell Technologies,4.1,173,1.4k,29,19,10
6213,River Engineering,3.4,173,825,9,,18
6214,Miles Education - CPA & CMA Review (Hyderabad),3.8,173,235,29,,173
6215,Antino,2.4,173,807,30,93,27
6216,Market Xcel Data Matrix,2.7,173,608,12,2,9
6217,Thinksynq Solutions,3.8,173,645,22,3,12
6218,Anytime Fitness,3.5,174,702,12,128,11
6219,University Living Accommodation,3.9,173,497,22,27,1
6220,Anytime Fitness,3.5,174,702,12,128,11
6221,Market Xcel Data Matrix,2.7,173,608,12,2,9
6222,Lal Baba Seamless Tubes,3.1,173,780,10,,14
6223,Truemeds,3.5,173,790,20,99,2
6224,Meinhardt Group,3.0,173,599,6,12,12
6225,Aptonline,3.3,173,1.1k,5,4,17
6226,Infibeam Avenues,3.4,175,1.3k,11,13,4
6227,First Abu Dhabi Bank,3.1,173,901,12,,22
6228,Cadworks India,4.8,174,59,5,,6
6229,Translumina Therapeutics,3.6,173,545,10,7,55
6230,Fichtner Consulting Engineers,3.7,174,686,18,5,8
6231,Auto Ignition,3.6,173,628,7,1,19
6232,Crescon Projects & Services,3.7,173,658,14,9,9
6233,Garden Reach Shipbuilders & Engineers,4.2,173,458,6,,17
6234,Claris Lifesciences Ahmedabad,3.3,172,378,1,,28
6235,Vertex,4.1,172,498,6,1,29
6236,Vikas Money,4.6,172,51,13,,1
6237,Nisa Industrial Services,3.6,172,462,3,,22
6238,nurture.farm,3.3,172,710,11,4,9
6239,Synergy Property Development Services,3.8,172,501,5,,32
6240,IREO,4.4,172,569,6,,23
6241,Sharda Hospital,3.8,172,663,11,,10
6242,Sowparnika,3.8,172,772,6,4,13
6243,Mervice Infotech,4.0,172,392,44,4,1
6244,Trawex Technologies,4.5,172,135,20,8,10
6245,Mayoor School,4.3,172,137,1,10,130
6246,TPF Engineering,3.7,172,593,18,34,18
6247,Polyplastics,3.8,172,797,4,,9
6248,Amnet Systems,3.8,172,767,8,5,11
6249,Crif Solutions,3.3,172,1.2k,21,,16
6250,AIG Business Solution,3.4,172,320,2,2,79
6251,Aster MIMS,4.4,172,743,8,,14
6252,Natural Remedies,3.9,172,710,14,1,13
6253,Eicher Trucks and Buses,4.5,172,496,11,,25
6254,Caparo Group,4.0,172,714,8,1,13
6255,IntelliSmart Infrastructure,3.5,174,653,13,6,4
6256,Arwade Infrastructure,4.0,172,518,10,,12
6257,Republic TV,3.0,173,768,17,2,6
6258,UTI Asset Management Company,3.8,172,737,10,,8
6259,Auto Mechanics,2.8,172,156,17,,1
6260,Vilcart,3.7,172,395,13,21,3
6261,Auto Mechanics,2.8,172,156,17,,1
6262,UTI Asset Management Company,3.8,172,737,10,,8
6263,Republic TV,3.0,173,768,17,2,6
6264,Gnrc Hospital,3.6,172,586,14,,11
6265,Visible Alpha Solutions,3.5,171,1.1k,22,,27
6266,Linkquest Telecom,3.4,171,466,9,,9
6267,Smiiel - A Unit Of Motherson Sumi System,3.6,171,429,20,,18
6268,S.M. Consultants,3.5,171,594,17,,13
6269,Bonanza Portfolio,3.4,171,812,10,31,9
6270,Qualsquad Infotech,3.1,171,685,12,,10
6271,Anand Rathi Wealth Management,3.2,171,1.2k,25,,8
6272,TerraCIS Technologies,3.7,171,468,8,,3
6273,Traya Health,3.6,171,385,33,12,2
6274,Jayem Automotives,3.5,173,715,8,3,13
6275,Brandix India Apparel City,4.0,171,556,9,4,23
6276,SEW Infrastructure,3.4,171,503,4,,19
6277,Pratibha Syntex,4.0,171,577,6,8,19
6278,EASTMAN EXPORTS GLOBAL CLOTHING PVT.LTD,3.6,171,879,6,1,9
6279,Emversity,4.1,171,157,50,1,2
6280,DMI,3.9,171,1.2k,19,1,6
6281,Automotive Stampings and Assemblies,3.8,171,629,5,,12
6282,Wonderchef Home Appliances,3.8,171,674,14,7,12
6283,Valiant Organics,3.6,171,927,7,,9
6284,Gulf Oil Corporation,4.3,171,612,7,,16
6285,Bharti Foundation,3.6,171,404,8,8,24
6286,Lanson Toyota,4.3,171,491,7,1,9
6287,Liquiloans,2.9,171,800,20,3,2
6288,Maccaferri,3.8,171,641,10,,23
6289,Hire Glocal,4.4,171,81,20,,36
6290,Carrefour,3.5,171,504,9,,33
6291,B.L. Agro Industries,3.5,172,671,7,,1
6292,Agrim,3.2,171,703,22,23,6
6293,Informatica,3.8,171,2.1k,30,,4
6294,Gateway Group of Companies,2.2,171,1.1k,25,20,11
6295,Carryfast group,3.6,171,564,11,1,4
6296,Kent,3.6,171,700,6,,6
6297,Bajaj Steel Industries,3.3,171,1k,13,1,11
6298,VASANTHA TOOL CRAFTS,3.9,171,571,12,,20
6299,OM Careers,2.4,170,329,12,,22
6300,Ginger Webs,2.7,170,985,17,2,8
6301,Singer India,4.0,170,560,4,,19
6302,Nerdy Turtlez,2.5,170,415,18,1,22
6303,Lawrence & Mayo,4.0,170,479,14,,22
6304,Layam Flexi Solutions,3.6,170,597,7,,14
6305,FunnL,3.3,170,844,7,1,3
6306,Bharat Coking Coal,4.2,170,426,9,,18
6307,Cubastion Consulting,3.0,170,1k,22,21,13
6308,Mega Rubber Technologies,3.7,171,705,11,,8
6309,Xotik Frujus,2.6,170,440,8,,8
6310,Simplify3x Software,3.8,170,1.1k,16,,2
6311,Nabard Consultancy Services,3.7,171,473,16,,8
6312,Ramee Group of Hotels,3.5,170,611,8,3,17
6313,ABP Network,3.9,170,1.1k,5,,14
6314,Creative Group,4.2,170,703,19,,4
6315,RattanIndia Power,3.2,170,720,8,8,17
6316,Lamprell,4.2,170,333,6,,25
6317,KDK Software,2.9,170,391,18,17,22
6318,Azmeel Contracting,4.0,171,247,3,,20
6319,Gopalan Enterprises,4.1,170,686,16,5,10
6320,Epp Composites,3.4,170,649,68,2,7
6321,Mafatlal Industries,3.6,170,596,6,6,10
6322,S V S Projects India,3.0,170,556,11,,13
6323,Epimoney,3.2,170,759,15,8,1
6324,Harbinger Systems,3.6,171,1.2k,6,11,14
6325,Apollo Spectra Hospitals,4.3,170,468,10,,15
6326,RPP Infra Projects,3.8,170,728,23,2,7
6327,Globe Capital Market,3.5,170,640,7,48,3
6328,Bharat Petroleum Mumbai Refinery,4.2,170,645,10,,4
6329,J Pan Tubular Components,3.5,170,540,15,9,12
6330,Kenstar,3.7,170,560,12,,9
6331,iBall,4.1,169,459,6,,10
6332,Unique Engineers,3.5,169,761,9,5,15
6333,CPA Global,3.8,169,861,13,,40
6334,Ind swift ltd. Gbu,3.5,169,707,10,,2
6335,Fraazo,3.4,169,657,20,,14
6336,Rane Group,3.9,169,700,12,,16
6337,NaviSite,3.9,169,1.4k,19,,9
6338,Doordarshan,4.2,169,782,7,3,17
6339,First American Title,4.1,169,806,13,,16
6340,Programming.Com,3.6,169,536,18,101,1
6341,Omega,3.8,169,717,33,,8
6342,Sun Technologies,3.5,169,1.3k,20,7,14
6343,Decon Telecom Solutions,3.2,169,334,11,,5
6344,MyGlamm,3.5,169,754,10,4,14
6345,3F Industries,3.5,169,734,7,7,12
6346,Deccan Cements,4.1,169,651,11,,10
6347,Archean Chemical Industries,3.9,169,754,12,,14
6348,Corient Business Solutions,3.0,169,768,26,10,3
6349,Vardhman Special Steels,4.1,169,633,11,9,8
6350,Daebu Automotive Seat,3.4,170,659,6,,20
6351,Peninsula Land,4.0,169,637,7,,19
6352,Doordarshan,4.2,169,782,7,3,17
6353,First American Title,4.1,169,806,13,,16
6354,VBeyond Corporation,3.8,169,710,12,6,19
6355,Kepler Healthcare,3.5,169,387,9,,6
6356,Careers360,3.1,169,1.1k,18,,11
6357,Pramata Knowledge Solutions,3.2,169,814,29,,19
6358,Finecure Pharmaceuticals,3.8,169,742,13,8,15
6359,Apptunix,4.4,169,433,64,2,5
6360,Lilac Insights,3.2,169,560,12,1,10
6361,Micromatic Grinding Technologies,4.0,169,674,7,7,20
6362,NeST Digital,3.6,169,1.2k,17,82,4
6363,ePack Durables Solutions,3.7,169,913,13,,6
6364,Vision IAS,2.4,169,617,8,,3
6365,Sri Ranganathar Industries,3.3,169,776,9,2,6
6366,Tech2Globe,3.8,168,285,19,12,14
6367,MGNREGA,3.5,168,336,7,,10
6368,Ascendum Solutions,3.1,168,761,12,,7
6369,Blue Rose Technologies,4.1,168,1k,17,2,12
6370,Coverfox,3.8,168,645,7,16,16
6371,Lennox India Technology Centre,3.6,168,982,26,47,18
6372,Manikaran Power Limited,3.6,168,693,23,2,12
6373,GD Goenka University,3.6,170,740,12,21,15
6374,SEED Infotech,3.9,168,506,9,9,11
6375,Graphite India,3.5,168,687,6,1,15
6376,ART Housing Finance (India),3.6,168,546,7,,16
6377,Celebi Delhi Cargo Terminal Management,4.2,169,428,3,,38
6378,Okinawa Autotech,3.5,168,584,9,1,8
6379,Sellcraft Global Solutions,3.5,168,1k,10,,7
6380,Kuantum Papers,4.1,168,668,7,,12
6381,Edunet Foundation,4.1,168,327,16,1,2
6382,Connect Broadband,4.2,168,654,11,1,11
6383,Indian Council of Agricultural Research,3.8,168,545,7,,8
6384,Sakarni Plaster,4.4,168,328,42,,5
6385,Tata Realty and Infrastructure,3.9,168,892,9,26,9
6386,Satvat Infosol,3.1,168,737,7,3,21
6387,IQ City Medical College,3.5,168,471,7,,20
6388,MRCC Solutions,3.0,168,906,10,3,11
6389,Birdeye,3.4,168,994,28,26,8
6390,Rabwin Industries,3.9,168,760,7,4,9
6391,Gowtham Model School,3.8,168,522,12,,11
6392,St. Joseph's School,4.4,168,498,10,,17
6393,Sitics Logistic Solutions,3.0,168,614,9,9,3
6394,Indian Terrain Fashions,4.2,168,544,4,,15
6395,Vanesa Care,4.2,167,567,6,,9
6396,Nirvasa Healthcare,3.2,167,399,16,,3
6397,Impressions Services,3.9,167,672,2,2,13
6398,Thirdware Solutions,4.2,167,1k,4,,23
6399,NSL Sugars,4.0,167,530,7,15,10
6400,Imerys,3.7,167,722,9,1,19
6401,Bry-Air (Asia),3.8,167,696,8,14,14
6402,Trellix,3.4,167,1.3k,22,40,3
6403,Bose,3.6,167,549,6,,27
6404,Yashashvi Rasayan,4.1,167,699,5,,25
6405,NSK,3.8,167,1.4k,9,,25
6406,Safdarjung Hospital,4.4,167,710,4,,16
6407,Indian Council of Medical Research,4.3,167,634,5,,5
6408,ONKAR DIES,3.6,167,676,8,,16
6409,Ranjit Buildcon,4.4,167,508,10,,7
6410,All Time Plastics,4.0,167,711,6,1,11
6411,Suven Life Sciences,3.6,167,562,4,9,18
6412,Jamboree Education,3.3,167,638,11,11,14
6413,Appiness Interactive,4.6,167,571,10,9,2
6414,Chembond Chemicals,3.8,167,688,9,232,18
6415,Amar Cars,3.9,167,554,10,2,11
6416,SBL Knowledge Services,2.9,167,904,11,,9
6417,Ardex Endura,4.0,167,513,5,4,12
6418,Sree Metaliks,3.9,167,675,11,,5
6419,UTILITY PROJECTS AND SERVICES,3.9,167,794,19,11,21
6420,Scorpion Express,3.7,167,615,15,,9
6421,Eicher VE commercial,4.2,167,602,4,,
6422,Narayana Junior College,3.5,166,311,2,,40
6423,Metro Tyres,3.7,166,671,10,,10
6424,PCS Technology,3.3,166,364,3,,12
6425,Federal Mogul Powertrain,3.7,166,524,9,,18
6426,Cornerstone OnDemand,3.3,166,1.5k,30,30,7
6427,Da Milano Leathers,2.8,166,561,15,,14
6428,Podar Jumbo Kids,3.9,166,417,7,,14
6429,RC Plasto Tanks And Pipes,3.6,166,653,15,,14
6430,GUVI,3.6,166,759,27,3,3
6431,Ingenero Technologies,4.3,166,882,11,,7
6432,Bhavna Corp.,3.4,166,979,17,,8
6433,Apollo Cradle,4.2,166,360,13,,6
6434,TVS Automobiles Solutions,3.8,166,709,6,,2
6435,Jivo Wellness,3.2,166,443,10,7,21
6436,Ajmal Perfumes,3.9,166,455,15,2,6
6437,Aurus,2.7,166,1.4k,26,2,11
6438,Royal Bank of Scotland International,4.2,166,1.9k,12,,28
6439,Tractor Junction,3.6,166,421,13,10,1
6440,Stonex,3.9,167,1k,29,9,16
6441,Ingenero Technologies,4.3,166,882,11,,7
6442,RC Plasto Tanks And Pipes,3.6,166,653,15,,14
6443,GUVI,3.6,166,759,27,3,3
6444,Da Milano Leathers,2.8,166,561,15,,14
6445,Podar Jumbo Kids,3.9,166,417,7,,14
6446,Conviction HR,4.0,166,396,25,4,54
6447,Infinity Data Technologies,3.6,166,1.2k,2,6,11
6448,Eduvanz,3.5,166,790,14,,10
6449,BG Distributors,3.6,166,369,6,,11
6450,Holostik,3.9,166,707,14,28,22
6451,Ananda Dairy,4.0,166,537,11,,8
6452,Maya Academy of Advanced Cinematics,3.0,166,559,21,1,8
6453,Enzen Global Solutions,2.8,165,556,6,,17
6454,Nehru Yuva Kendra Sangathan,4.4,165,173,8,,18
6455,Vulcan Express,4.5,165,227,1,,20
6456,Filo,3.4,165,562,11,9,5
6457,Expedien eSolutions,3.3,165,834,11,1,22
6458,Peerless Hospital,4.2,165,473,4,,3
6459,Xpo Logistics,3.4,165,1.2k,14,,24
6460,Konstelec Engineers,3.5,165,616,14,6,8
6461,Gsa Industries,4.0,166,554,12,13,3
6462,Indian Coast Guard,3.9,165,468,6,,22
6463,Tynor Orthotics,3.3,165,617,14,7,9
6464,Kumar Properties,4.1,165,826,13,12,6
6465,Prudent Corporate Advisory Services,4.1,165,537,8,,10
6466,Nahar Industrial Enterprises,3.9,165,658,11,9,16
6467,Expedien eSolutions,3.3,165,834,11,1,22
6468,Scope eKnowledge Center,3.6,165,479,8,,19
6469,Innovel Energy Services,3.2,165,380,16,2,5
6470,ValueFirst Digital Media,3.7,165,1.1k,11,,21
6471,APAC Financial Services,4.0,165,496,10,83,6
6472,Lepton Software Export & Research,3.6,165,707,23,12,5
6473,Smart Drive Systems,3.4,165,704,10,,26
6474,Atidan Technologies,4.2,165,462,21,14,11
6475,Umang Dairies,3.7,165,501,15,,8
6476,Xpo Logistics,3.4,165,1.2k,14,,24
6477,Peerless Hospital,4.2,165,473,4,,3
6478,Somika Sarl,4.0,165,452,13,,10
6479,Deshpande Foundation,3.9,165,543,9,7,11
6480,VISION,3.7,165,632,9,,15
6481,Cytecare Cancer Hospital,4.6,165,433,13,7,12
6482,KP GROUP,4.1,165,495,16,451,8
6483,Somika Sarl,4.0,165,452,13,,10
6484,MasterSoft ERP Solutions,2.8,165,899,18,12,12
6485,Vinsum Axpress,3.0,166,498,12,9,5
6486,KodNest,4.1,165,214,26,,1
6487,Faasos Food Services,3.8,164,397,4,,19
6488,Oceanic Pharmachem,4.2,164,118,29,,38
6489,Super Auto India,3.8,164,662,5,,13
6490,Eicher Engineering Components,4.1,164,588,15,,11
6491,L&T Transportation Infrastructure,4.4,164,146,7,,121
6492,Macmillan Publishers,3.3,164,480,10,,24
6493,Narayana Medical College & Hospital,3.8,164,488,7,,13
6494,Edwise International,3.8,164,419,11,27,5
6495,Indian Register of Shipping,3.9,164,900,12,9,7
6496,Ruparel Realty,4.0,164,662,15,13,7
6497,Sterling Software Private Limited,3.6,164,1.4k,9,9,9
6498,Mohani Tea Leaves,4.0,164,506,5,4,22
6499,Way.com,4.2,164,445,9,,3
6500,VWR International,3.6,164,1k,10,,20
6501,Honeywell Uop,3.5,165,735,15,,16
6502,Ferring Pharmaceuticals,4.0,164,799,8,,21
6503,Integrated Enterprises,4.0,164,566,12,1,8
6504,Theon Pharmaceuticals,3.7,164,723,13,6,13
6505,ABEC,3.8,164,415,11,16,1
6506,DataTracks,3.4,164,1.1k,16,6,9
6507,Inditex,4.1,164,519,9,1,27
6508,Eshopbox Ecommerce,3.0,164,599,38,18,3
6509,ThinkPalm Technologies,3.8,164,1.4k,16,7,14
6510,Salzer Electronics,3.9,164,816,8,,10
6511,Bewakoof,3.8,164,852,14,,22
6512,INOXCVA,3.3,164,722,8,,5
6513,Texport Industries,3.4,164,631,6,,10
6514,Americana Group,3.5,164,329,11,,21
6515,Dr Shroff Charity Eye Hospital,3.7,165,426,6,3,14
6516,Gujarat State Electricity Corporation,4.3,164,275,5,,8
6517,DCW,3.7,164,664,8,1,19
6518,bloom Hotel Group,4.2,164,643,10,8,6
6519,Lulu Hypermarket,3.4,164,484,19,20,15
6520,HP Computing and Printing Systems,3.9,164,884,8,,10
6521,UMSL,3.7,164,576,12,21,13
6522,Sinch,3.6,165,1.2k,16,14,9
6523,efficiently,2.5,164,464,25,,7
6524,TVS Upasana Engineering,3.7,164,581,8,,13
6525,KRG Technologies,4.2,165,616,17,14,9
6526,Gibraltar Technologies,3.8,164,689,24,1,1
6527,SHARON BIO MEDICINE,4.1,164,629,4,,11
6528,Magnit Global,3.3,164,634,17,5,1
6529,Confiance BizSol Private Limited,3.2,165,571,23,1,28
6530,Merilytics,2.9,164,1.5k,51,,8
6531,Melorra,2.9,163,809,20,3,9
6532,Gopaljee Dairy Foods,4.4,163,521,2,,18
6533,Privi Organics,3.9,163,683,13,,16
6534,Corpone Staffing Solutions,3.8,163,536,16,,12
6535,ARSS Infrastructure Projects,3.8,163,492,19,,15
6536,Alexander Mann Solutions,3.0,163,600,7,3,1
6537,Delivery.com,3.8,163,612,16,,14
6538,SPX Flow Technology,4.4,164,957,10,,16
6539,Savills,3.7,163,1.1k,15,5,9
6540,Bengal Energy,3.9,163,552,10,,7
6541,SVN SYSTECH INDIA,3.4,163,723,10,,2
6542,FCS Software Solutions,3.8,163,794,15,31,12
6543,IPL Biologicals,4.1,163,591,16,21,10
6544,Savills,3.7,163,1.1k,15,5,9
6545,Alexander Mann Solutions,3.0,163,600,7,3,1
6546,Corpone Staffing Solutions,3.8,163,536,16,,12
6547,ARSS Infrastructure Projects,3.8,163,492,19,,15
6548,Delivery.com,3.8,163,612,16,,14
6549,SPX Flow Technology,4.4,164,957,10,,16
6550,IIT Delhi,4.2,163,922,18,23,17
6551,Dmi Finance,3.5,164,1.1k,14,22,10
6552,CRED,3.6,163,2k,41,3,9
6553,Crio.Do,2.9,163,875,34,3,3
6554,Wanfeng Aluminum Wheel,3.7,167,530,6,,16
6555,Atlassian,3.1,163,3.7k,95,43,4
6556,Best Corporation,3.9,163,802,4,2,14
6557,Mepro Pharmaceuticals,3.7,164,818,11,,13
6558,Glatt Systems,3.8,162,1k,12,3,16
6559,Express Roadways,3.5,163,678,9,,12
6560,Best Corporation,3.9,163,802,4,2,14
6561,Nucon Aerospace,3.8,163,840,13,2,10
6562,Thriveni Sainik Mining,4.2,163,541,20,,12
6563,Vishay Precision Transducers,3.6,163,927,7,,21
6564,O2 Power,4.6,163,445,8,3,1
6565,Express Roadways,3.5,163,678,9,,12
6566,Srijan Realty,3.7,163,740,11,6,10
6567,Scribe EMR,4.1,163,546,16,7,10
6568,Real Estate Group,4.2,163,2.4k,16,,7
6569,Delphi Automotive Systems,3.6,162,680,4,9,19
6570,JCT Limited,3.6,162,593,6,,22
6571,Outlook,2.9,162,136,35,,7
6572,Parsons International,4.3,162,219,7,,19
6573,StrategicERP,4.2,162,259,14,1,2
6574,Educational Initiatives,3.3,162,930,15,4,22
6575,"CAMP Systems International, Inc.",3.9,162,861,13,3,16
6576,Newfold Digital,3.8,162,1k,21,5,5
6577,Rotex,3.8,162,876,14,5,8
6578,Walker Chandiok & Co,3.1,162,1.1k,14,,7
6579,Toyota Kirloskar Auto Parts,4.2,162,606,5,,18
6580,Hansa Direct,3.3,162,450,8,,17
6581,Shree Maruti Courier Service,4.0,163,742,10,,7
6582,Ray Engineering,4.2,162,537,4,,11
6583,Aranca,3.4,162,1.1k,12,36,22
6584,FutureSoft India,3.6,163,561,16,38,2
6585,BYD Electronics,3.4,162,747,14,,11
6586,Border Roads Organisation,4.1,162,338,3,,22
6587,Zebra Technologies,3.8,162,1.6k,28,7,17
6588,Jindal Industries Private Limited,3.5,162,1.7k,28,,25
6589,Focus Softnet,3.7,162,955,10,9,11
6590,Best Value Chem,3.7,162,819,10,,10
6591,AMPLUS SOLAR,4.3,162,805,6,,16
6592,St. Mary's School,3.8,162,535,7,,17
6593,TVS - SUNDARAM BRAKE LININGS,3.2,162,730,9,,16
6594,Punjab & Sind Bank,3.2,162,467,2,,14
6595,Gleneagles Global Hospital,3.7,162,598,10,1,15
6596,Kewal Kiran Clothing,3.9,162,557,9,6,9
6597,Tata Passenger Electric Mobility,4.1,162,500,11,,2
6598,CDS Infra Projects,3.3,162,507,10,,
6599,Vastu Finserve,4.0,162,360,4,11,1
6600,Alliant Talent,2.3,162,810,13,,3
6601,Vastu Finserve,4.0,162,360,4,11,1
6602,BUDDI.AI,3.6,162,523,15,,29
6603,Saraca Solutions,4.0,162,525,13,64,20
6604,John Cockerill,2.9,162,796,9,52,15
6605,Scientific Games,3.6,162,266,,1,2
6606,Acute Informatics,3.2,161,633,7,5,9
6607,SMCC Construction India,4.2,161,559,10,,19
6608,Kamal Fincap,3.9,161,350,3,1,12
6609,Vehere Technologies,4.4,161,290,18,20,9
6610,Toluna,3.4,161,799,11,,19
6611,Leena AI,3.7,161,607,29,1,2
6612,OASYS Tech Solutions,3.4,162,517,12,10,5
6613,NNE,3.6,162,1k,19,12,12
6614,Eurofins Advinus,3.5,161,1.1k,7,6,7
6615,J G Hosiery,3.3,161,636,8,1,14
6616,Technocraft Industries,3.7,161,797,11,,14
6617,Bobst India,3.9,161,830,15,1,16
6618,Acme Formulation,3.1,161,717,14,16,9
6619,Solenis,3.8,161,942,23,,9
6620,Flovel Energy,3.9,161,621,12,,16
6621,Bimal Auto Agency,3.4,161,599,7,,12
6622,Bobst India,3.9,161,830,15,1,16
6623,Acme Formulation,3.1,161,717,14,16,9
6624,J G Hosiery,3.3,161,636,8,1,14
6625,Technocraft Industries,3.7,161,797,11,,14
6626,Evonith Metallics,3.8,161,553,21,,1
6627,P C CHANDRA JEWELLERS,3.7,162,509,8,,13
6628,Solenis,3.8,161,942,23,,9
6629,Saatvik Green Energy,4.0,161,610,13,,1
6630,Leena AI,3.7,161,607,29,1,2
6631,NNE,3.6,162,1k,19,12,12
6632,OASYS Tech Solutions,3.4,162,517,12,10,5
6633,Eurofins Advinus,3.5,161,1.1k,7,6,7
6634,Willowood Chemicals,4.0,161,496,7,,2
6635,Intellect Bizware Services,4.0,161,939,11,8,5
6636,Rayden Interactive,2.7,161,734,22,,9
6637,Prayag Polymers,3.7,161,504,9,8,7
6638,Maheshwari Mining,3.8,162,643,22,10,10
6639,InvestoXpert,3.9,161,409,82,5,9
6640,Rayden Interactive,2.7,161,734,22,,9
6641,Continental Tyres,3.4,163,573,5,,11
6642,Shubhalakshmi Polyesters,3.7,160,729,4,,27
6643,Khaitan Electricals,3.1,160,396,6,1,8
6644,TAL Manufacturing Solutions,3.5,160,445,5,,22
6645,KK Spun Pipes,3.2,160,699,12,,16
6646,West Bengal State Electricity Distribution Company,3.2,160,408,7,,16
6647,Lapp India,4.2,160,801,6,8,14
6648,Ajanta Shoes,3.4,160,560,15,4,7
6649,Dynamic Techno Medicals,3.7,160,557,7,,13
6650,Back Office,3.9,160,1.3k,16,,16
6651,Medvarsity Online,3.3,160,765,20,15,12
6652,otsuka chemical india,3.9,160,716,14,,12
6653,EssentiallySports,3.9,160,148,26,250,2
6654,Marsh India Insurance Brokers,4.2,160,938,7,74,9
6655,JioHotstar,3.4,160,1.5k,41,23,9
6656,Innovassynth Technologies,3.5,160,772,14,,12
6657,MiM-Essay,4.3,161,237,14,,2
6658,ACI Worldwide,4.0,160,1.4k,15,2,19
6659,East India Technologies,3.0,160,785,8,12,11
6660,Vihaan Networks,4.0,160,735,9,,15
6661,ACI Worldwide,4.0,160,1.4k,15,2,19
6662,otsuka chemical india,3.9,160,716,14,,12
6663,Marsh India Insurance Brokers,4.2,160,938,7,74,9
6664,Dynamic Techno Medicals,3.7,160,557,7,,13
6665,EssentiallySports,3.9,160,148,26,250,2
6666,Jewelex India,3.9,160,625,4,4,12
6667,Itvedant Education,3.4,160,418,18,79,4
6668,India Power Corporation,3.8,160,698,15,2,17
6669,East India Technologies,3.0,160,785,8,12,11
6670,Vignesh Polymers,3.5,160,909,8,,5
6671,DIN Engineering Services,3.5,160,397,11,13,16
6672,JioHotstar,3.4,160,1.5k,41,23,9
6673,Back Office,3.9,160,1.3k,16,,16
6674,Medvarsity Online,3.3,160,765,20,15,12
6675,CGS,3.5,160,900,25,3,15
6676,MYND Intergrated Solutions,3.3,160,516,9,,3
6677,Ivangel Sales & Services,3.7,160,521,4,,6
6678,Paisalo Digital,3.7,160,398,12,1,5
6679,Inox Green Energy Services,4.0,160,433,12,,5
6680,Innover Digital,3.6,160,701,18,14,9
6681,Vitromed Healthcare,3.5,160,619,18,5,10
6682,Qatargas,4.6,160,508,10,,18
6683,B M Birla Heart Research Centre,3.6,160,414,10,,6
6684,Newtech Medical Devices,3.9,160,338,11,2,31
6685,CI Infotech,3.6,160,688,8,5,6
6686,Partha Dental,3.8,159,332,10,5,21
6687,Baskin Robbins,3.9,159,430,7,,15
6688,Arihant Superstructures,3.4,159,617,40,,7
6689,Sankara Eye Hospital,4.4,159,475,7,11,17
6690,Basicfirst Learning,2.7,159,234,7,,65
6691,Population Services International (PSI),3.9,159,423,8,,25
6692,Flatworld Mortgage Processing,3.6,159,690,5,,14
6693,Roha Housing Finance,3.2,159,583,5,2,4
6694,KRYFS POWER COMPONENTS,3.7,159,590,11,10,13
6695,Frick India,3.8,159,634,9,1,8
6696,Arvind Technocrats & Engineers LLP,3.7,159,279,8,3,6
6697,TIL,3.8,159,712,9,52,16
6698,Sterlite Industries,4.0,159,606,6,,23
6699,Experion Technologies,4.0,160,1.4k,20,2,16
6700,Ashley Global Capability Center,3.9,159,400,65,13,1
6701,KRYFS POWER COMPONENTS,3.7,159,590,11,10,13
6702,Roha Housing Finance,3.2,159,583,5,2,4
6703,Oakridge International School,3.6,159,474,4,15,27
6704,Frick India,3.8,159,634,9,1,8
6705,Yuken India,3.6,159,739,6,,14
6706,Govind Milk & Milk Products,4.2,159,540,4,,7
6707,Fukoku,3.5,159,555,10,,18
6708,Experion Technologies,4.0,160,1.4k,20,2,16
6709,Arvind Technocrats & Engineers LLP,3.7,159,279,8,3,6
6710,University of Delhi,4.3,159,903,9,,14
6711,EAPRO Global Ltd,4.2,160,385,13,,7
6712,Toyota Boshoku Automotive,4.2,159,662,5,,13
6713,Net2source,3.4,159,611,4,,15
6714,IndianOil Skytanking,3.1,159,578,12,2,19
6715,D A V School,4.1,159,497,9,,13
6716,SISA Information Security,2.9,159,951,7,8,9
6717,Sterlite Industries,4.0,159,606,6,,23
6718,TIL,3.8,159,712,9,52,16
6719,KPI Partners,3.5,159,865,17,7,23
6720,Infiniminds,3.7,159,873,15,,7
6721,Nimbus BPO,3.3,159,511,13,,3
6722,Cadeploy Engineering,3.2,159,726,14,13,12
6723,Arunachala Logistics,4.1,159,570,11,16,9
6724,Sharp Sight,4.0,159,572,9,22,5
6725,Kriya NextWealth,3.7,159,634,16,,3
6726,Varsity Education Management,3.7,159,1k,10,4,7
6727,BGD Tech PVT LTD,4.1,159,185,56,,3
6728,eBIZ.com,4.0,158,149,2,,32
6729,Pace Power Systems,3.5,158,418,10,,12
6730,Wingtech Mobile Communication,3.9,158,693,15,,18
6731,Mythri Infrastructure and Mining,3.5,158,532,6,1,5
6732,Seco Tools,4.3,158,554,12,,20
6733,Baggit,2.6,158,548,6,,10
6734,Dayal Group,4.0,158,501,10,18,14
6735,SHREE VASU LOGISTICS,3.1,158,459,15,14,7
6736,Webdew,4.5,158,149,108,3,41
6737,High Court Lucknow,4.4,158,1.1k,6,,13
6738,Benzo Chem Industries,4.0,158,740,12,,11
6739,Unimrkt Research,3.2,158,919,25,1,11
6740,Dayal Group,4.0,158,501,10,18,14
6741,SHREE VASU LOGISTICS,3.1,158,459,15,14,7
6742,Shimizu,4.2,158,552,13,,18
6743,Geltec,3.3,158,771,17,4,6
6744,Hartex Rubber,3.2,158,613,8,3,6
6745,Hotel Park Plaza,4.0,158,449,5,,27
6746,Sankara Nethralaya,3.9,158,406,9,1,16
6747,Webdew,4.5,158,149,108,3,41
6748,Agrawal Metal Works,3.9,158,620,11,1,5
6749,Rhenus Logistics,3.6,159,864,12,,4
6750,High Court Lucknow,4.4,158,1.1k,6,,13
6751,Sresta Natural Bioproducts,3.7,158,526,10,3,12
6752,Milestone Gears,3.8,158,551,10,,7
6753,Muvi,3.8,158,617,18,10,15
6754,Ultratech India,3.8,158,763,12,12,5
6755,Benzo Chem Industries,4.0,158,740,12,,11
6756,Unimrkt Research,3.2,158,919,25,1,11
6757,HYOSUNG,3.6,158,695,7,,9
6758,Nina Percept,4.2,158,575,7,,11
6759,Conde Nast India,2.9,158,1.5k,19,16,15
6760,Conde Nast India,2.9,158,1.5k,19,16,15
6761,Digamber Finance,4.1,158,409,10,10,8
6762,Kemwell Biopharma,3.4,158,629,13,4,9
6763,Sterling Information Resources,3.4,158,674,4,,9
6764,ATYETI,3.9,158,844,17,45,9
6765,Group Pharmaceuticals,3.8,158,394,10,6,13
6766,Apollo Supply Chain,3.9,158,577,10,1,4
6767,TruCap Finance,3.8,158,494,5,,10
6768,Eagleview,3.4,158,950,22,20,17
6769,Simple Energy,3.9,158,657,24,,6
6770,Saraswati Accountants Software,4.4,157,122,22,,14
6771,Damodar Valley Corporation,3.7,157,376,3,,22
6772,BIZONGO,3.0,157,963,18,,7
6773,Hubtown,3.4,157,618,14,2,7
6774,SmartQ - Bottle Lab Technologies,4.1,157,814,21,81,11
6775,Enlist Management Consultants,3.2,157,563,8,,10
6776,MResult Services,3.6,157,1.2k,24,2,14
6777,An Pharmaceuticals,4.2,157,155,16,12,11
6778,Trinity Touch,4.3,157,756,13,22,26
6779,Prudent Insurance Brokers,3.7,157,826,7,19,7
6780,Khivraj Motors,3.9,157,594,8,4,10
6781,Vee Gee Industrial Enterprises,3.8,157,647,11,,11
6782,Experian,3.9,157,1.9k,24,22,9
6783,Peekay Steel Castings,4.0,157,642,7,,9
6784,Zodiac Clothing Company,3.1,157,454,8,3,13
6785,Inorbit Mall,4.2,157,569,16,,19
6786,Arcon TechSolutions,3.2,157,927,34,,10
6787,Eastern Coalfields,4.2,157,272,7,,13
6788,MT Autocraft,4.0,157,566,7,,17
6789,Theorem Incorporation,3.3,157,851,13,,14
6790,DLT Lab Technologies,2.8,157,830,11,,17
6791,GKB Opticals,4.4,157,355,7,,9
6792,Safeguard Global,3.7,157,950,5,2,3
6793,Jotun Paints,3.9,157,585,13,1,21
6794,Manomav Engineers,4.0,157,333,28,,1
6795,L&T Geostructure,3.8,157,368,7,,1
6796,Hughes Communications,3.4,157,898,10,1,15
6797,Zeiss Pharma,3.4,157,604,6,17,7
6798,Trafigura,3.3,157,1.1k,8,15,14
6799,Sharp Business Systems India,3.5,157,518,6,,13
6800,Desai Construction,4.2,157,539,9,7,23
6801,Digital Web Solutions,3.9,157,620,16,42,2
6802,Escorts Railway Equipment Division,3.7,157,521,9,,11
6803,D.B ENGINEERING,4.2,157,343,13,34,13
6804,Gmr Airport Developers,4.0,157,630,10,,19
6805,Enquero,4.1,157,1.6k,21,,19
6806,Triveni Almirah,3.6,157,337,19,12,15
6807,Nanavati Max Super Speciality Hospital,3.6,157,590,11,,5
6808,Satec Envir Engineering (I),4.3,157,357,16,1,6
6809,VOLTECH O AND M SERVICES,4.1,157,452,9,,11
6810,Broadcast Engineering Consultants India,3.3,157,680,17,,6
6811,Emmbi Industries,3.7,157,668,11,3,10
6812,Edujobs Academy,3.3,157,306,11,,5
6813,Nipha Exports,3.8,157,754,11,2,6
6814,Bayer Zydus Pharma,3.5,157,449,4,290,14
6815,Hind Rectifiers,3.6,157,863,19,11,10
6816,Endress Hauser,4.2,157,649,4,4,12
6817,Steer Engineering,3.2,157,873,13,2,16
6818,Amanta Healthcare,4.0,157,586,7,,21
6819,Pasco Automobiles,4.1,157,564,11,1,13
6820,Future Consumer,4.4,156,676,6,,18
6821,Nv Group,3.8,156,622,6,2,11
6822,Texila Educational And Management Services,4.0,156,525,15,3,52
6823,Nahar Group of Companies,3.3,156,616,5,3,5
6824,Covestro,4.4,156,576,14,,18
6825,Orchid Hotel,3.9,156,597,11,1,20
6826,Kesari Tours,3.4,156,671,9,6,21
6827,Croma Campus,3.9,156,439,15,9,3
6828,Inductotherm,4.0,156,652,11,4,22
6829,Orange City Water,3.8,156,447,6,,8
6830,Chryso,3.8,156,614,16,,8
6831,Enaltec Labs,2.8,156,707,14,,21
6832,3Pillar Global,3.0,156,963,22,1,14
6833,rebootXP,3.2,156,196,11,8,2
6834,Thomson Press India,4.2,156,523,6,2,14
6835,Lilavati Hospital & Research Centre,3.9,156,548,5,1,14
6836,Grand View Research,3.1,156,973,6,1,9
6837,MAT Brakes,4.1,156,616,9,4,13
6838,Trinity Mobility,2.7,156,1.2k,11,3,20
6839,Chromewell Engineering,3.6,156,699,8,,6
6840,Prabha Engineering,3.7,156,771,8,,10
6841,ACE Group,4.0,156,656,11,,22
6842,Mount Talent Consulting,3.1,156,581,8,13,11
6843,Innovapptive,3.9,156,669,12,33,10
6844,YuppTV,3.4,156,1k,18,1,16
6845,Topre India,4.2,157,620,12,,10
6846,Zerodha,4.0,156,744,13,1,17
6847,Global Payments,4.0,156,1.3k,14,,12
6848,Ognibene India,3.7,156,865,10,,13
6849,Strategic Learning Solutions,3.9,157,521,7,1,12
6850,Neelachal Ispat Nigam,4.1,156,505,17,,11
6851,Indo European Educational Services,4.2,156,192,36,15,4
6852,Aakash Health Care,3.7,156,522,6,13,2
6853,India1 Payments,3.9,156,542,7,1,12
6854,Kanakadurga Finance,3.7,156,475,5,1,6
6855,Roto Pumps,3.9,156,494,8,2,11
6856,Webvio Technologies,4.4,156,231,12,15,12
6857,Verinite Technologies,4.1,156,605,8,14,12
6858,Tulip Diagnostics,3.9,156,481,7,,14
6859,Hirschvogel Components,4.0,156,717,7,,18
6860,O2f info Solutions,3.5,156,987,5,1,6
6861,Narayan Seva Sansthan,4.2,155,265,9,3,15
6862,Trayee Business Solutions,3.5,155,503,8,,7
6863,Agilent Technologies International,4.0,155,565,2,,25
6864,Accentuate Technology,4.0,155,938,91,,28
6865,Techno India Group,3.6,155,705,10,,12
6866,Synmac Consultants,4.1,155,57,16,3,28
6867,IonIdea,3.3,155,802,16,9,8
6868,Fairfield Inn by Marriott,4.2,156,327,5,,2
6869,GAIN Credit,3.9,155,652,14,2,70
6870,Jaypee Brothers Medical Publishers,3.5,155,626,16,1,8
6871,Wyzmindz Solutions,3.2,156,588,19,5,8
6872,Gulshan Polyols,3.4,155,598,13,,13
6873,Ankur Seeds,4.2,155,386,5,,15
6874,Cape East,3.4,155,307,6,,17
6875,Atotech,3.9,155,789,10,6,25
6876,Freyr Energy Services,3.7,155,516,8,2,8
6877,Bajaj Electronics,3.8,155,568,13,,6
6878,Pyrotech Electronics,3.1,155,682,12,7,8
6879,Gera Developments,4.1,155,671,3,3,14
6880,Spun Micro Processing,3.8,155,574,9,,11
6881,Synchronoss Technologies,4.1,155,1.3k,10,2,16
6882,Marsh McLennan Global Services,4.1,155,660,17,,30
6883,Mahavir Die Casters,4.0,156,489,4,,11
6884,Avantha Technologies,3.4,155,756,9,,12
6885,BYLD Group,3.9,155,363,40,15,4
6886,Sterling Biotech,4.1,155,734,6,1,21
6887,Maharashtra State Electricity Transmission Company,4.4,155,468,2,,19
6888,Topsoe,3.9,155,597,12,7,3
6889,ROI NET Solution,4.1,155,421,10,1,32
6890,CleanMax Enviro Energy Solutions,4.4,155,763,19,29,6
6891,TV9 Network,3.6,155,821,11,1,7
6892,Mahindra Accelo,3.5,156,507,6,5,3
6893,Paushak,3.8,156,695,16,,17
6894,Paracoat Products,3.5,155,783,5,4,10
6895,Euro School,3.7,155,559,13,,14
6896,Chloride Metals,3.6,155,618,16,,8
6897,Makino Auto Industries,3.9,155,574,11,,18
6898,Arya Collateral Warehousing Services,4.2,155,431,10,8,13
6899,Axis Sales,4.5,155,465,20,,20
6900,Inshorts,3.6,155,638,16,,11
6901,StoreKing,3.4,155,704,12,29,20
6902,Sahu Exports,4.2,155,547,12,,6
6903,Axis Sales,4.5,155,465,20,,20
6904,Chloride Metals,3.6,155,618,16,,8
6905,Paushak,3.8,156,695,16,,17
6906,Arya Collateral Warehousing Services,4.2,155,431,10,8,13
6907,Avinash Group,3.5,155,531,14,5,10
6908,Swiss Garnier Life Sciences,3.7,155,695,16,3,18
6909,Cease Fire,2.8,155,627,14,,2
6910,Shree Technocrat Communication Systems,3.8,155,656,10,1,10
6911,Datavail Infotech,3.4,155,1.3k,7,48,13
6912,e-Centric Solutions,3.3,154,564,3,,15
6913,Uttam Value Steels,4.1,154,543,12,,21
6914,Welspun Specialty Solutions,3.8,154,525,4,,11
6915,Concorde Motors,3.8,154,356,1,,21
6916,Aligarh Muslim University,4.7,154,396,5,,14
6917,SKYMAP PHARMACEUTICALS,3.9,154,558,5,,6
6918,Anchor Health and Beauty Care,3.9,155,523,8,2,22
6919,Happy Forging,3.8,155,813,12,3,7
6920,Solaris Chemtech,4.6,154,589,11,,26
6921,Lokmat Media,3.9,154,857,4,,7
6922,SKYMAP PHARMACEUTICALS,3.9,154,558,5,,6
6923,Anchor Health and Beauty Care,3.9,155,523,8,2,22
6924,More Mega Store,4.2,154,505,7,,23
6925,TI METAL FORMING,3.9,154,594,8,,12
6926,Nangia & Co. LLP,3.5,154,757,19,19,6
6927,Vortex Engineering,3.9,154,614,16,11,13
6928,Lotus Footwear Enterprises,4.2,154,556,8,,12
6929,Sumeru Software Solutions,3.4,154,1.1k,11,,9
6930,TAAZAA,4.0,155,734,24,23,5
6931,Intelux Electronics,4.1,154,574,6,6,7
6932,Uniproducts,3.4,154,755,7,,12
6933,CCS Computers,4.0,154,685,8,11,9
6934,MELCO,3.6,154,530,3,,5
6935,Dixcy Textiles,4.2,154,616,4,,25
6936,Tcs And Associates,3.4,154,1.5k,12,,4
6937,Thinksys Software,3.5,154,993,18,15,35
6938,Electronics Mart India,3.4,157,601,15,3,1
6939,Franciscan Solutions,2.8,154,370,5,6,18
6940,Sumeru Software Solutions,3.4,154,1.1k,11,,9
6941,More Mega Store,4.2,154,505,7,,23
6942,Lokmat Media,3.9,154,857,4,,7
6943,Inube Software Solutions,3.3,154,1.1k,12,3,9
6944,Dar Al Handasah Consultants Shair And Partners,3.1,154,787,16,,6
6945,Franciscan Solutions,2.8,154,370,5,6,18
6946,Agility E Services,3.7,154,981,8,,12
6947,Amagi Media Labs,3.4,154,1.1k,31,21,12
6948,Sahyadri Farms,3.6,155,781,14,2,3
6949,CFlo,4.4,154,404,9,,16
6950,Mahanadi Coalfields,4.4,154,248,8,,8
6951,Petroexcel Technology Services,3.4,154,538,25,32,4
6952,Premium Chick Feeds,3.6,156,495,6,,12
6953,Homesfy Realty,3.6,154,460,15,48,1
6954,E C R Buildtech,4.0,154,397,9,,7
6955,Creditas Solutions,2.8,154,687,15,5,11
6956,Chowgule Industries,3.4,154,603,6,,15
6957,HomeShop18,4.0,153,476,3,,20
6958,Onicra Credit Rating Agency,2.8,153,318,3,,17
6959,Anabeeb,3.8,153,371,11,,13
6960,Premier Irrigation Adritec,3.9,153,378,26,5,8
6961,Rajhans (Desai-Jain) Group,4.1,153,433,17,6,8
6962,Advaith Motors,4.1,153,495,6,4,17
6963,Stantec,3.8,153,1.1k,26,15,7
6964,Pioneer e Solutions,3.5,153,577,4,227,6
6965,United Industries,3.8,154,888,10,,13
6966,BEO Software,4.2,153,415,4,14,88
6967,Garuda Power,3.2,153,456,14,2,11
6968,Hyatt Place,4.0,153,347,3,,17
6969,FloBiz,3.3,153,671,23,21,11
6970,Niyo Solutions,3.0,154,984,15,16,7
6971,Sampark Logistics,3.5,153,533,5,7,13
6972,DCM Infotech,3.5,153,793,10,5,6
6973,Metal Power Analytical,3.4,153,657,22,7,21
6974,Enterslice,3.7,153,501,12,18,6
6975,Jyote Motors,3.8,153,485,9,,7
6976,Colgate Global Business Services,3.7,153,703,19,,15
6977,Air India Engineering Services,3.7,153,433,6,,16
6978,Ellucian Higher Education Systems,3.8,153,1.4k,33,3,25
6979,Sanyo Special Steel Manufacturing,4.1,153,675,8,2,15
6980,Pioneer e Solutions,3.5,153,577,4,227,6
6981,Stantec,3.8,153,1.1k,26,15,7
6982,United Industries,3.8,154,888,10,,13
6983,BEO Software,4.2,153,415,4,14,88
6984,Regal Rexnord Corporation,3.4,153,879,16,47,2
6985,Magma Housing Finance,4.5,153,384,5,,14
6986,HYOSUNG T&D,3.8,153,927,13,8,15
6987,Health Prime International,3.1,153,703,10,,11
6988,Payswiff Solutions,4.0,153,822,2,,10
6989,Garuda Power,3.2,153,456,14,2,11
6990,PMJ Gems & Jewellers,3.5,153,522,11,1,13
6991,CAPLIN STERILES,2.8,153,992,7,4,8
6992,Egon Zehnder International,3.6,153,934,5,39,11
6993,Classcanyon,4.5,153,62,7,,34
6994,Ideaforge Technology,3.5,153,947,16,73,6
6995,Woodrock Infotech Private Limited,3.2,153,251,11,,3
6996,Ace Pipeline Contracts,4.2,153,455,8,5,17
6997,CTX Life Science,3.9,153,681,6,2,9
6998,Srei Sahaj e-Village,4.5,152,267,3,,27
6999,Corbus,3.6,152,545,13,2,18
7000,Interactive Avenues,3.3,152,1.1k,13,,12
7001,Canteen Stores Department,4.3,152,285,9,,8
7002,Log 9 Materials Scientific,3.3,152,684,12,20,9
7003,SECON Private Limited Bangalore INDIA,3.5,153,524,9,11,23
7004,Coherent Market Insights,3.5,152,331,8,7,26
7005,Adhunik Metaliks,3.4,152,474,5,,12
7006,Voylla,3.5,152,438,6,11,12
7007,Rubicon Skill Development,2.7,152,338,21,,5
7008,Dr. Ram Manohar Lohia Hospital,4.4,152,386,6,,16
7009,Bill Forge,4.2,152,470,6,,11
7010,GP Strategies,3.7,152,1.1k,8,9,11
7011,Modi Builders & Realtors,3.0,152,439,7,,10
7012,Encotec Energy,4.2,152,514,8,,13
7013,Khushi Advertising Ideas Private Limited,4.6,152,260,7,8,8
7014,MRC Logistics,4.0,152,592,4,,8
7015,Centelon,3.4,152,525,11,12,70
7016,Spc Life Sciences,3.4,152,648,9,5,9
7017,Aurolab,3.8,152,567,27,11,7
7018,Interglobe Air Transport,3.6,152,853,7,,16
7019,Plintron Global Technology Solutions,3.0,152,991,17,,10
7020,Unschool Learning,3.4,152,206,36,,10
7021,Gemini Edibles & Fats India,4.1,152,546,10,,19
7022,Verity Knowledge Solutions,3.1,152,1.1k,36,,11
7023,Global Trade Plaza,4.8,152,59,92,4,6
7024,Advanced Medtech Solutions,3.5,153,592,12,15,6
7025,HCL Foundation,4.3,152,531,16,,24
7026,Sundyota Numandis Pharmaceuticals,3.8,152,434,8,10,19
7027,Omninos Solutions,4.2,152,259,13,1,69
7028,Makino,3.7,152,754,9,1,14
7029,ValGenesis,3.1,152,1k,20,35,14
7030,Systech Solutions,3.6,152,1.4k,14,,18
7031,Urban Money,2.8,152,523,11,3,
7032,Nexus Select Trust,4.1,152,637,1,,8
7033,Brigosha Technologies,2.2,153,946,21,19,18
7034,Export Trading group,3.5,152,721,6,3,5
7035,bgr Mining infra pvt Ltd,4.0,152,554,11,,9
7036,Ram Kripal Singh Construction,3.7,152,486,6,1,8
7037,Tata Ficosa Automotive Systems,3.6,152,707,6,,18
7038,JCBL,3.5,152,586,7,20,11
7039,Bhartiya International,3.4,152,779,6,,17
7040,Goel Ganga Developments,3.8,152,643,12,8,21
7041,Costa Coffee,3.6,152,331,16,,14
7042,Enercon,4.1,152,495,11,3,14
7043,Deepak Foundation,3.8,152,381,7,2,12
7044,Dream Plast India,3.8,152,760,11,2,18
7045,Exim Logistics,4.2,152,296,17,1,6
7046,Arabian Fal,2.9,152,285,4,,4
7047,Vasant Masala,4.2,152,408,9,5,8
7048,Metayb,3.9,152,288,16,56,1
7049,NetCom Learning,3.3,152,627,14,57,9
7050,BVC Logistics,3.8,153,619,8,,21
7051,The Knowledge Academy,2.7,152,692,15,,2
7052,Sms Integrated Facility Services,4.3,152,619,6,6,6
7053,Iprogrammer Solutions,4.0,152,670,26,2,10
7054,Amalgam Steel,3.7,152,730,16,2,6
7055,Rorito International,3.9,152,574,6,7,12
7056,BigStep Technologies,4.4,152,474,34,35,58
7057,Johnson Electric,3.7,152,850,19,23,7
7058,AlgoShack,4.3,152,409,45,43,1
7059,High Street Essentials,3.6,152,473,7,6,10
7060,Doms Industries,3.8,152,702,6,,7
7061,Deepija Telecom,4.0,152,716,15,5,31
7062,Jar,4.3,153,398,31,18,18
7063,AlgoShack,4.3,152,409,45,43,1
7064,Karam Industries,4.0,151,601,8,,24
7065,Rinder India,3.9,151,491,1,,28
7066,Vibracoustic,3.7,152,571,10,,19
7067,PerkinElmer,4.3,151,718,10,19,11
7068,SP Apparels,4.0,151,579,4,,11
7069,Enova Facilities Management LLC,4.2,151,241,15,,22
7070,Daramic Battery Separator India,3.7,152,605,16,,15
7071,Vitech Systems Asia,3.5,151,1.5k,7,,10
7072,Srijan Technologies,3.2,152,896,20,34,18
7073,Polaris,3.8,151,1k,23,,12
7074,Casino Air Caterers & Flight Services,4.1,151,591,7,1,12
7075,Tata Power Renewable Energy,3.9,151,430,7,,5
7076,SightSpectrum Technology Solutions,3.4,151,985,14,51,
7077,Kaefer,3.6,151,319,6,,17
7078,Simpl,2.7,151,838,18,,4
7079,RS Software (India) Ltd.,3.5,151,560,9,8,17
7080,Srijan Technologies,3.2,152,896,20,34,18
7081,Vitech Systems Asia,3.5,151,1.5k,7,,10
7082,Simpl,2.7,151,838,18,,4
7083,Electrolab,3.6,151,573,8,4,8
7084,Safeducate,4.2,151,380,8,1,13
7085,RS Software (India) Ltd.,3.5,151,560,9,8,17
7086,Kaefer,3.6,151,319,6,,17
7087,Tata Power Renewable Energy,3.9,151,430,7,,5
7088,Replicon,3.7,151,1.2k,23,12,15
7089,Msc Cruises,4.4,152,288,7,,15
7090,Khadi Natural Healthcare,4.0,151,382,6,2,5
7091,Casino Air Caterers & Flight Services,4.1,151,591,7,1,12
7092,SightSpectrum Technology Solutions,3.4,151,985,14,51,
7093,BAIF Development Research Foundation,3.5,151,395,13,3,13
7094,West Coast Pharmaceuticals,3.0,152,646,11,1,7
7095,IndiaLends,3.4,151,854,15,,11
7096,Norwin Technologies,3.9,151,944,15,,9
7097,Casepoint,3.5,151,792,12,14,13
7098,Nivara Home Finance,3.8,151,470,9,3,5
7099,Thermo Systems India,3.9,151,624,8,,11
7100,Rain Cii Carbon Vizag,4.1,151,516,13,,7
7101,Supple Tek Industries,3.2,151,467,13,5,7
7102,Crescendo Global,4.3,151,158,16,8,54
7103,Signzy Technologies,2.8,151,872,31,31,1
7104,Manipal HealthMap,4.0,151,383,10,24,16
7105,Hanu Software Solutions,3.3,150,928,17,,28
7106,Fortune Integrated Assets Finance,4.4,150,391,9,,5
7107,Ajit Industries Pvt.Ltd,4.2,150,464,15,,9
7108,Alcatel-Lucent,4.4,150,510,7,,22
7109,Milltec Machinery Pvt Ltd Bangalore,4.0,151,650,6,,10
7110,Cogencis Information Services,3.2,150,594,6,,15
7111,Central Coalfields,4.6,150,286,4,,11
7112,Auditics Private Limited,4.0,150,352,19,,2
7113,Teletext Holidays,3.4,150,872,7,5,27
7114,MathWorks,3.8,150,1.1k,42,3,15
7115,Envision Enterprise Solutions,2.7,150,876,17,,4
7116,Frost & Sullivan,2.9,150,1k,11,2,11
7117,Universal Cables,3.9,150,692,14,,11
7118,Pritam International,3.4,150,626,10,39,6
7119,KDDL,3.9,150,672,9,,15
7120,MedTourEasy,4.7,150,189,6,,1
7121,SAP-Concur,4.1,150,784,3,,21
7122,University of Engineering and Management,4.5,150,302,21,3,18
7123,Barbrik Project Limited (PRA Group),3.6,150,538,12,3,10
7124,Jharkhand State Livelihood Promotion Society,3.6,150,364,10,,14
7125,ETV Bharat,4.0,150,443,6,,17
7126,SEO Discovery,4.8,150,196,35,3,2
7127,MBit Computraining,3.6,150,569,12,,5
7128,Ceratizit,4.3,150,652,15,6,19
7129,SAI Consulting Engineers,4.2,150,486,10,,16
7130,DDB Mudra Group,3.5,150,829,7,,13
7131,KLT Automotive & Tubular Products,3.4,150,488,,2,13
7132,BlueBinaries Engineering and Solutions,2.8,150,1k,24,,9
7133,Mosaic Wellness,3.4,150,528,18,58,2
7134,Chandak Group,4.3,150,694,6,,6
7135,Durr India,3.6,150,792,7,7,7
7136,Hykon,4.4,150,381,27,2,6
7137,Saint-Gobain Weber,3.9,150,592,9,,12
7138,Verka milk dairy,4.0,150,364,4,,2
7139,P.N. International,4.0,150,689,10,,15
7140,Continental Carbon India,3.8,150,620,7,,8
7141,Grundfos,4.0,151,729,9,3,10
7142,Raam Group,3.5,150,537,28,50,4
7143,SKS Fasteners,3.2,150,639,14,,14
7144,Amity International School,3.9,150,642,10,,13
7145,Delval Flow Controls,4.1,150,804,4,1,9
7146,Apollomedics Super Speciality Hospitals,4.2,150,616,14,,13
7147,Anvil Cables,3.7,151,494,7,,15
7148,NELCAST,3.7,150,653,6,,11
7149,UAE Exchange,4.4,149,437,5,,15
7150,Apparel Group UAE,3.5,149,19,1,,
7151,Tops Security,4.2,149,357,3,4,19
7152,Mindcrest,2.5,149,593,5,,25
7153,Him Teknoforge,3.5,149,528,12,1,12
7154,Continuum Managed Services,4.0,149,648,2,1,34
7155,Shinhan Bank,3.5,149,833,17,,10
7156,Dr. Amin Controllers,3.8,149,498,10,,11
7157,Apollo Medskills,3.7,149,415,7,,20
7158,Reynolds,4.3,149,476,6,,15
7159,HelpAge India,3.9,149,390,6,,10
7160,Java R & D,2.8,149,648,18,7,15
7161,Great White Global,3.9,149,585,13,10,7
7162,Shinhan Bank,3.5,149,833,17,,10
7163,Dr. Amin Controllers,3.8,149,498,10,,11
7164,Katyayani Organics,3.9,149,125,10,14,2
7165,Apollo Medskills,3.7,149,415,7,,20
7166,Reynolds,4.3,149,476,6,,15
7167,Little Nap Recliners,4.6,151,28,16,,36
7168,Cyntexa,3.4,149,551,34,2,6
7169,Altair Engineering,3.8,149,851,38,,19
7170,Reserve Bank of India,4.7,149,960,18,,12
7171,Edac Engineering,3.7,149,546,10,,25
7172,Data Bridge Market Research,2.8,149,522,19,4,6
7173,Goel Construction,3.7,149,549,7,,3
7174,Diversey,4.1,149,604,4,,18
7175,Nelco,3.8,149,569,8,,13
7176,HMD Global,3.7,149,580,11,,13
7177,"PKF Sridhar & Santhanam LLP, Chartered Accountants",3.3,149,607,11,,12
7178,Sikka Group,3.6,149,541,8,,12
7179,HelpAge India,3.9,149,390,6,,10
7180,Conserve Solution,3.8,149,454,19,19,12
7181,ATC (Assam),4.1,149,712,7,6,7
7182,Modi Naturals,4.1,149,550,8,10,9
7183,Netcon Technologies,3.7,149,1k,14,1,6
7184,Ojas Innovative Technologies,3.6,149,1.3k,9,9,11
7185,B.P. Poddar Hospital & Medical Research,2.9,149,454,14,4,8
7186,Oben Electric Vehicle,4.4,149,331,17,12,1
7187,FreshToHome,3.5,149,738,24,7,5
7188,ARCHER Transnational Systems Private Limited,3.3,149,447,16,7,6
7189,Simple Logic IT,3.7,149,848,12,31,3
7190,Sunbeam School,4.3,148,411,10,,17
7191,Ameyo,3.7,148,967,18,,21
7192,Major Brands,3.9,148,435,3,,19
7193,Best Koki Automotive,3.5,148,660,12,,14
7194,Modenik Lifestyle,3.7,148,601,5,,1
7195,GKB RX Lens,4.1,148,444,4,5,19
7196,Amp Motors,3.9,148,644,9,,9
7197,Takenaka,4.1,148,551,12,,27
7198,Giridhan Metal,4.0,148,458,21,,1
7199,Shine,2.9,148,494,17,,12
7200,Deccan iServices,3.8,148,747,10,,5
7201,RPSG,4.0,148,676,16,,4
7202,Integrace Health,3.0,148,473,11,6,7
7203,Bhadra International,3.7,148,333,2,,17
7204,Paperpedia,1.9,148,500,19,,5
7205,Progility Technologies,3.4,148,515,9,,10
7206,Everest Group,2.9,148,1.4k,26,4,7
7207,FreshMenu,3.3,148,531,8,,24
7208,Teach For India,3.9,148,694,28,,19
7209,Takenaka,4.1,148,551,12,,27
7210,Amp Motors,3.9,148,644,9,,9
7211,Giridhan Metal,4.0,148,458,21,,1
7212,Etihad Airways,4.4,148,420,9,,23
7213,Thar Worx,3.9,148,1.1k,8,,13
7214,Newton School: Pay after Placement,3.4,148,898,22,98,4
7215,Deepak Chem Tech,4.0,148,596,12,,3
7216,Shine,2.9,148,494,17,,12
7217,Pravin Masalewale,4.1,148,517,7,,9
7218,Ravindra Bharathi Schools,3.3,148,375,3,,8
7219,Chandan Healthcare,3.2,148,413,18,,8
7220,Rich Graviss Products,4.0,148,564,14,1,20
7221,Tripjack,4.0,148,565,26,34,2
7222,IIMT Group of Colleges,3.6,149,540,12,26,6
7223,Kartavya Healtheon,3.8,149,319,6,10,4
7224,IFFCO Kisan Finance,3.7,148,404,11,,6
7225,Moneyboxx Finance,3.7,149,455,8,1,1
7226,Camlin Fine Sciences,3.4,150,862,15,,12
7227,CDW,4.4,148,1.2k,21,20,1
7228,GreenCell Mobility,3.5,148,493,11,9,3
7229,Clearwater Analytics,2.7,148,1.1k,23,,7
7230,AKM Global,4.1,148,410,38,15,3
7231,SequelOne,3.4,147,713,13,5,8
7232,Gail Gas,3.7,147,697,8,,7
7233,Mobase,3.6,147,689,5,,18
7234,Bijak,3.4,147,637,14,,1
7235,Peerless Biotech,4.4,147,149,4,,2
7236,Wunderman Thompson,3.2,147,980,3,,8
7237,Kantar Operations,3.9,147,811,11,,16
7238,Ivis International,3.5,147,465,7,,10
7239,Jhajharia Nirman Limited,4.2,147,534,13,,16
7240,GA Infra Private Limited,3.8,147,438,16,6,
7241,Airpay Payment Services,2.8,147,703,12,14,11
7242,RealEstateIndia.com,4.8,147,1.4k,1,2,2
7243,Zeta Global,3.4,147,1.2k,12,69,15
7244,Tim Hortons,3.2,147,429,14,,6
7245,Oerlikon Balzers,3.8,147,664,7,1,13
7246,Rysun Labs,3.2,147,753,12,4,16
7247,General Diagnostics International Private Limited,3.1,147,509,13,1,6
7248,Shilpa Biologicals,2.7,147,623,5,,2
7249,STPL,3.5,147,592,4,,6
7250,DIC India,4.0,147,678,9,1,11
7251,Elkayem Auto Ancillaries,3.3,147,579,8,9,14
7252,Swastik Infralogics Private Limited,3.9,147,549,8,3,15
7253,SKS Business Services,3.2,147,618,20,1,10
7254,Dozco,3.9,147,489,4,,6
7255,Verint Systems,3.9,147,1k,11,3,7
7256,Shri Mahant Indiresh Hospital,3.4,147,321,6,18,14
7257,Abryl Laboratories Manufacturing Unit,3.7,148,724,10,,10
7258,Zeco Aircon,4.2,147,695,5,,11
7259,Shakti Precision Components,3.6,147,706,5,,8
7260,Prestige Estates Projects,4.5,147,645,8,4,13
7261,Farmson Pharmaceutical,3.3,147,777,8,5,12
7262,Dentsu Communications,3.3,147,1.4k,10,57,1
7263,Elkayem Auto Ancillaries,3.3,147,579,8,9,14
7264,DIC India,4.0,147,678,9,1,11
7265,Creativelipi Webtech,2.8,147,484,6,7,9
7266,Tim Hortons,3.2,147,429,14,,6
7267,Zeta Global,3.4,147,1.2k,12,69,15
7268,Virtuoso,3.5,147,753,16,9,2
7269,Kitex Garments,3.5,147,697,4,,17
7270,Rysun Labs,3.2,147,753,12,4,16
7271,Tamilnadu Petroproducts,4.1,147,853,11,,13
7272,Western Coalfields,4.4,147,342,11,,18
7273,Oerlikon Balzers,3.8,147,664,7,1,13
7274,Crowe Horwath,3.6,147,1.1k,34,2,12
7275,The House of Abhinandan Lodha,3.1,148,573,22,11,1
7276,Curateq Biologics,3.3,148,679,13,7,3
7277,Recykal,4.2,147,731,6,14,2
7278,M2P Fintech,3.0,147,1.1k,33,4,1
7279,Barco Electronic Systems,4.1,147,844,8,5,12
7280,Sakshi,3.5,146,593,5,2,7
7281,Sunil Hitech Engineers,4.5,146,377,3,,18
7282,B.L Agro Oils,3.8,146,422,13,,30
7283,Byju's Future School,3.3,146,317,28,,21
7284,Dangote Cement,4.2,146,192,5,,14
7285,Bijnis,3.7,146,556,11,,8
7286,Brickwork Ratings,3.3,146,666,11,56,4
7287,Optimus Information,3.2,146,433,18,,14
7288,American India Foundation,3.9,147,461,14,12,12
7289,CL Educate,3.7,146,653,3,10,21
7290,Anthea Pharma,4.0,146,428,26,6,1
7291,Dedicated Freight Corridor Corporation Of India,4.0,146,554,3,,5
7292,Krishna Institute of Medical Sciences,3.7,147,597,5,17,8
7293,Nxtra Data,4.1,146,680,11,3,8
7294,Motwane Manufacturing Company,3.5,146,666,12,7,3
7295,RevFin,4.3,146,267,20,9,1
7296,Linedata,3.0,146,938,22,14,6
7297,Alp Overseas,3.6,146,663,6,,9
7298,Kirloskar Ebara Pumps,3.7,146,723,5,8,4
7299,Planit Testing India,3.3,146,1.1k,18,22,12
7300,LeapScholar,3.5,146,455,41,,5
7301,SRV Media,3.2,146,487,23,3,29
7302,BDG Metal & Power,4.0,146,414,21,,7
7303,India Pistons,2.8,146,716,9,,18
7304,Altigreen Propulsion Labs,3.4,146,749,12,,2
7305,Altruistic Technology Labs,3.4,146,688,7,,2
7306,Fedora Solutions,3.4,146,609,13,,11
7307,Neverskip,3.7,146,376,8,,13
7308,Intec Infra-Technologies,3.9,146,328,10,4,8
7309,Cresce Technology Private Limited,4.0,146,190,7,17,1
7310,Meghmani Group,3.4,146,551,4,,2
7311,Computer Generated Solutions,3.0,146,986,9,,10
7312,Apcotex Industries,3.6,146,833,8,,9
7313,JConnect Infotech,3.4,146,669,10,,6
7314,Million Minds Management Services,3.5,146,511,5,,9
7315,Capital Finserve,4.7,146,55,7,8,56
7316,SoftTech Engineers Limited,3.3,146,990,21,40,13
7317,Ayu Health Hospitals,3.4,146,623,8,1,5
7318,Bankai Infotech,3.2,146,838,14,6,18
7319,NetProphets Cyberworks,3.3,146,972,6,,11
7320,Infoblox,3.8,146,1.3k,21,50,13
7321,NPCC Engineering,3.6,146,621,14,,14
7322,Isha Foundation,4.1,146,634,11,37,12
7323,CARS24 Financial Services,3.4,146,515,8,,5
7324,Nium,3.4,146,1.2k,9,29,14
7325,RxLogix Corporation,2.2,146,1.1k,23,,11
7326,Klassic Wheels,2.7,146,734,6,,9
7327,L&T Power Transmission & Distribution,4.3,146,139,4,,91
7328,Krishna Buildestates,3.7,147,478,4,,8
7329,Kanerika Software,4.3,146,464,7,43,2
7330,Kirtane & Pandit,3.6,146,634,8,9,12
7331,Rajasthan Aushdhalaya,3.6,147,201,41,1,5
7332,Fair Exports,3.3,146,795,11,1,6
7333,NimbusPost,3.2,146,628,8,2,15
7334,Dr D Y Patil Medical College,4.1,146,629,4,,5
7335,PMI Electro Mobility Solutions,3.8,147,576,12,,3
7336,Nido Machineries,3.7,146,558,15,12,15
7337,Si Creva Capital Services,3.6,146,285,7,,2
7338,Solera,3.2,148,1.1k,15,52,8
7339,Chemie Tech,3.4,145,525,4,,19
7340,Overnite Express,3.9,145,365,,,9
7341,DOGUS SOMA JV,4.2,145,523,9,,12
7342,Drake & Scull International PJSC,4.4,145,227,2,,25
7343,Banas Dairy,4.4,145,506,6,,10
7344,DLF Brands,3.9,145,464,5,,18
7345,Interra Information Technologies,3.1,145,755,9,1,8
7346,Allyis India,3.1,145,809,9,,6
7347,Liyaans Properties,4.7,145,60,5,2,5
7348,Creative Garments,3.9,145,585,6,1,13
7349,W3Softech India,4.1,145,764,4,6,8
7350,Multi Commodity Exchange of India,3.3,145,974,6,,11
7351,Hills Cement Company,3.1,145,560,13,5,5
7352,Aczet,3.2,145,539,8,2,45
7353,Oaknorth Bank,2.8,145,1.3k,8,31,10
7354,Arch Pharmalabs,3.9,145,647,5,,14
7355,Mehta Cad Cam Systems,3.9,145,630,10,18,10
7356,Faber Sindoori Management Services,3.6,145,482,4,,20
7357,FMI Automotive Components,4.2,145,552,10,,14
7358,Chemveda Life Sciences,3.9,145,529,15,8,3
7359,Spinco Biotech,3.6,145,570,10,2,10
7360,Vega Industries,4.0,145,476,2,,7
7361,Sohan Lal Commodity Management,3.9,145,465,3,4,12
7362,Sage Metals,3.7,146,721,10,,16
7363,NASDAQ,3.6,146,1.3k,24,47,18
7364,Jai Beverages,3.5,145,463,13,,5
7365,AECC Global,3.3,146,580,17,,10
7366,LimeRoad,2.5,145,915,10,1,5
7367,Axis Securities and Sales,3.7,145,738,13,,6
7368,AstroTalk,3.3,145,488,24,1,3
7369,Nirmal Industrial Controls,3.7,146,747,17,40,10
7370,Liebherr,3.9,145,628,19,,13
7371,Academor,2.6,145,147,47,,2
7372,The Calcutta Medical Research Institute,3.9,145,424,8,3,11
7373,KLM Laboratories,3.7,148,601,8,2,6
7374,Niveus Solutions (Part of NTT Data),3.6,145,1.2k,19,15,3
7375,Raj Industries,3.7,145,656,9,1,4
7376,Virtusa Software Services,3.3,145,1.5k,39,,16
7377,Pramati Technologies,4.4,144,1.2k,9,,23
7378,Nesma Trading,4.2,144,231,14,,28
7379,Aero Club-Woodland Store,3.2,144,363,4,,2
7380,MPPTCL,3.9,144,385,7,,7
7381,AVIZVA,2.3,144,883,20,4,4
7382,Syniverse Technologies,3.7,144,1k,7,7,15
7383,Lester Infoservices,3.4,144,520,13,24,19
7384,Impact Analytics,3.6,144,1.2k,59,29,6
7385,J&F,3.5,144,424,30,,66
7386,Helo.ai by VivaConnect,4.2,144,453,7,6,7
7387,Sportz Interactive,3.0,144,1k,12,42,9
7388,Ncr Eduservices,3.1,144,488,23,40,17
7389,Deepak Novochem Technologies,4.0,144,803,11,2,10
7390,"Apollo Gleneagles Hospitals, Kolkata",4.0,145,373,1,,18
7391,John Energy,4.0,144,561,7,1,15
7392,Uttam Strips,3.4,144,662,12,2,4
7393,K.R.Mangalam World School,4.2,145,450,12,2,4
7394,Louis Dreyfus Company,4.0,144,372,6,,
7395,Ritco Logistics,3.6,144,495,9,6,2
7396,Zuno General Insurance,4.1,145,307,14,,2
7397,Pasa Resources,3.5,144,433,15,,4
7398,B5 Plus,3.3,145,434,22,,21
7399,Qualtech Consultants,3.5,144,617,15,18,10
7400,Jasper Industries,4.2,144,509,8,1,13
7401,Paras Spices,3.9,144,667,11,3,9
7402,Girl Power Talk,4.7,144,44,4,5,4
7403,Element14,3.7,144,912,17,,8
7404,Suntara Cosmetics,3.8,144,662,13,12,19
7405,PolicyX.com,2.9,144,592,11,4,14
7406,Demech Chemical Products,4.5,145,342,50,3,9
7407,PGIMER,4.2,144,469,3,,6
7408,SunTec Business Solutions,3.0,144,1.1k,7,1,12
7409,CBNITS,3.8,144,569,12,24,51
7410,Vipul Motors,3.6,144,547,,,8
7411,Bombay Hospital,3.4,144,442,8,5,10
7412,Elektrobit India,4.0,145,897,17,,9
7413,Euronics Industries,3.7,144,725,16,,6
7414,Ford Motor Credit Company,4.1,144,719,8,,26
7415,Vizza Insurance Broking Services,3.2,144,457,14,12,6
7416,Amps Electrical Facility Services,3.2,144,530,5,1,14
7417,Hansa Cequity,3.1,144,817,9,11,8
7418,Foiwe Info Global Solution,4.4,144,725,9,8,11
7419,Akasa Air,3.3,146,870,15,9,1
7420,Brindavan Beverages,3.8,144,562,5,3,10
7421,Space Matrix Design Consultants,3.5,144,665,6,16,12
7422,Ncr Eduservices,3.1,144,488,23,40,17
7423,Deepak Novochem Technologies,4.0,144,803,11,2,10
7424,"Apollo Gleneagles Hospitals, Kolkata",4.0,145,373,1,,18
7425,Haldiram Bhujiawala,3.1,144,467,9,,7
7426,Ogilvy,3.5,144,1.1k,10,,15
7427,Exicom Tele Systems,4.2,144,407,12,,19
7428,Patil Automation,3.3,144,848,8,4,11
7429,Kotak Mahindra Asset Management Company,4.0,144,893,10,7,10
7430,John Energy,4.0,144,561,7,1,15
7431,Uttam Strips,3.4,144,662,12,2,4
7432,DRYCHEM SOLUTIONS,4.0,144,552,6,,2
7433,KEM Hospital,3.7,144,522,7,29,13
7434,Scymes Services,3.5,145,503,7,9,36
7435,Brand Factory,4.6,144,457,4,,17
7436,F5 Networks,3.2,144,1.5k,25,81,12
7437,Mtg Learning Media,3.8,144,519,12,5,6
7438,Puma Energy,3.0,145,709,10,3,2
7439,Ewac Alloys,4.1,144,620,16,3,22
7440,Damro Furniture,3.6,144,485,10,,3
7441,Zacks Research,2.8,144,499,13,,16
7442,Namra Finance,3.9,144,408,10,,6
7443,Asclepius Wellness,3.7,144,489,14,5,3
7444,ITC Group,3.8,143,707,2,,15
7445,Saudi Oger,4.4,143,148,5,,31
7446,Deendayal Antyodaya Yojana-National Rural Livelihoods Mission,4.0,143,287,5,,5
7447,Indian School Finance Company,4.6,143,536,1,,19
7448,Dealmoney Securities,3.0,143,583,6,1,9
7449,Nayati Hospital,3.3,143,538,,,21
7450,Sri Ramachandra University,4.4,143,512,3,,17
7451,Ki Mobility Solution,3.3,143,600,7,,2
7452,Amazon Pay,4.0,143,559,16,,11
7453,Bhilai Iron And Steel Processing Company,3.8,143,554,4,,13
7454,Axis Mutual Fund,3.7,143,787,10,,9
7455,Astute Corporate Services,3.1,143,534,4,2,6
7456,Dantal Hydraulics,4.3,143,620,4,,9
7457,Samvardhana Motherson Auto Component,3.9,143,701,9,,7
7458,Stanadyne India,4.0,143,767,8,,13
7459,Pearl Beverages,3.3,143,519,11,2,10
7460,Airtel Business,3.7,143,836,26,,17
7461,Shipping Corporation of India,4.3,143,579,5,,15
7462,Rolls-Royce,3.8,143,969,33,48,16
7463,DigiLantern,3.7,143,270,8,34,3
7464,Maven Silicon,4.1,143,328,17,4,6
7465,COMSTAR AUTOMOTIVE TECHNOLOGIES,3.6,143,793,8,,29
7466,Government of Delhi,4.5,143,664,7,,1
7467,Drytech Processes (I),3.8,143,680,12,1,8
7468,Tcil,3.8,143,457,18,,5
7469,Mcpi,4.2,143,571,11,,12
7470,Alice Blue Commodities,3.2,143,739,10,13,10
7471,Amec Foster Wheeler,3.9,143,328,7,,23
7472,NewAge Software & Solutions,3.7,143,1.1k,4,19,14
7473,Montage Enterprises,3.1,143,556,6,,13
7474,Donaldson India Filter Systems,3.9,143,698,6,6,8
7475,Evertogen Life Sciences,3.6,143,424,12,4,20
7476,Amrit Bottlers,4.1,143,486,6,1,13
7477,VFS Capital,3.7,143,273,5,,2
7478,Alniche Life Sciences,3.8,143,352,5,,12
7479,New India Co-Op Bank,3.1,143,622,6,,6
7480,Icomm Tele,4.1,143,571,6,,14
7481,Kutch Copper,3.7,147,495,7,,1
7482,Being human,4.2,143,451,9,,9
7483,GKN Sinter Metals,3.9,143,583,10,,14
7484,Pixon Energy,4.1,143,504,14,,33
7485,JL Morison India,4.5,143,334,8,4,6
7486,Yashoda Super Speciality Hospitals,3.8,143,659,7,,3
7487,WWICS Group,3.3,143,414,12,,4
7488,Khatib & Alami,3.4,143,687,11,8,11
7489,STJ Electronics,3.6,143,704,13,4,9
7490,Newtronic Lifecare Equipment,4.0,143,519,8,13,13
7491,Meenakshi Mission Hospital & Research Centre,4.1,143,566,9,,13
7492,Digital Aptech,4.4,143,386,6,20,7
7493,Rabindranath Tagore International Institute of Cardiac Sciences,3.9,143,378,2,,14
7494,Fourth Partner Energy,4.3,143,646,10,1,12
7495,Magnum Group,3.2,143,610,7,,6
7496,Enfusion,3.3,143,987,19,,8
7497,GIRDHARI LAL CONSTRUCTIONS,3.9,143,441,12,2,2
7498,Orange Health Labs,3.9,145,482,10,,1
7499,Uno Minda Kyoraku,3.9,142,542,10,,16
7500,Vee Gee Auto Components,3.9,142,597,7,,5
7501,K2k Infrastructure,4.1,142,421,7,,13
7502,Shiksha Financial Services India,4.4,142,505,8,4,15
7503,Eptisa,3.5,142,422,7,,22
7504,Indus Cosmeceuticals,4.4,142,187,5,,3
7505,YFC PROJECTS,3.6,142,554,7,,7
7506,Reliance Group,4.2,142,604,20,,7
7507,ATS ELGI,4.2,142,499,6,,19
7508,Alcove Realty,4.0,144,436,11,,2
7509,NIS Management Private,3.7,142,444,3,,13
7510,Lycatel BPO,2.6,142,641,1,4,21
7511,Market Research Future Reports,3.4,142,395,8,,14
7512,SKS Ispat & Power,3.3,142,523,3,4,7
7513,Xcaliber Infotech,3.2,142,1.1k,18,,5
7514,Bausch & Lomb,3.7,142,570,3,,13
7515,Shri Kshetra Dharmasthala Rural Development Project,3.9,142,321,4,,5
7516,Privat Hospital,4.0,142,1.7k,8,,13
7517,Synamedia,3.3,142,1.1k,17,4,8
7518,MGM Medical College & Hospital,3.9,142,561,5,,10
7519,B New Mobiles,3.2,142,550,9,8,15
7520,Volvo Construction Equipment,4.2,142,639,8,,12
7521,BCITS,3.7,142,668,14,4,7
7522,GTT Communications,3.4,142,960,13,6,14
7523,OptiSol Business Solutions,3.8,142,956,18,16,18
7524,Kamlesh Kumar Singh Engineers,4.4,142,424,5,,11
7525,myTVS Parts & Accessories,3.9,142,413,7,,3
7526,Indovision Services,3.4,142,707,15,14,8
7527,Sensiple,2.9,143,1.3k,8,7,9
7528,HTIC Global,3.4,142,535,9,57,19
7529,iQuanti,3.0,143,1.1k,18,10,13
7530,GMP Technical Solutions,3.9,142,645,4,,6
7531,Echelon Institute of Technology,4.3,143,145,41,,1
7532,Teliolabs,3.8,143,329,16,37,23
7533,Thoucentric,3.9,142,1.4k,16,110,9
7534,Sarvatra Technologies,4.2,142,1.1k,16,9,8
7535,Jamia Hamdard University,3.9,142,408,3,,15
7536,Anaptyss,3.0,142,532,14,1,4
7537,Naiknavare Developers,3.7,142,542,7,36,14
7538,MAHLE Engine Components,3.8,142,729,14,,13
7539,Kenvue,3.6,142,900,4,,1
7540,HTIC Global,3.4,142,535,9,57,19
7541,Jamia Hamdard University,3.9,142,408,3,,15
7542,Aptia,2.8,143,595,7,8,1
7543,Vehant Technologies,3.9,142,761,12,41,12
7544,Sonyo Management Consultants,4.5,142,352,32,,1
7545,IREP Credit Capital,4.1,142,483,7,7,10
7546,Horizontal Integration,3.6,142,886,14,1,4
7547,Loyal Textile Mills,3.6,142,676,12,2,11
7548,Sarla Advantech,4.0,142,1k,10,15,12
7549,yellow.ai,3.0,142,1.4k,18,6,10
7550,Sun King,4.0,142,471,8,2,25
7551,Community Health Center,4.3,142,426,5,,2
7552,Equentis Wealth Advisory Services,3.2,142,586,16,41,8
7553,Arundhati Jewellers,3.8,142,291,8,3,63
7554,Specsmakers Opticians,3.7,142,621,11,8,5
7555,Cooper-Standard Automotive,4.1,141,696,1,,13
7556,Shyplite,3.8,141,290,7,,100
7557,Hitachi Automotive Systems,4.2,142,672,4,,19
7558,Trell,3.0,141,848,14,,16
7559,Antraweb Technologies,3.8,142,400,10,7,16
7560,Cooper-Standard Automotive,4.1,141,696,1,,13
7561,Hitachi Automotive Systems,4.2,142,672,4,,19
7562,Trell,3.0,141,848,14,,16
7563,Antraweb Technologies,3.8,142,400,10,7,16
7564,Archidply Industries,3.5,141,420,3,4,13
7565,Core Diagnostics,3.9,141,535,5,,15
7566,Hilton Garden Inn,3.8,141,408,7,,17
7567,Futran Solutions,3.8,141,403,16,25,13
7568,Rus Education,4.4,141,285,19,2,2
7569,iSource,3.0,141,580,10,1,6
7570,Gsp Power Projects,3.9,141,492,7,,5
7571,Factspan,3.3,141,730,23,8,2
7572,The Hackett Group,3.4,141,967,11,38,9
7573,Sourcefuse Technologies,3.1,141,1.1k,20,6,11
7574,JQR SPORTS,4.1,141,245,37,,1
7575,Nucsoft,2.7,141,665,14,3,7
7576,Drums Food International,4.6,141,533,8,3,12
7577,NCDEX,3.4,141,915,7,41,15
7578,Sidwal Refrigeration Industries,4.2,142,590,11,,13
7579,Smart Call Center Solutions,3.3,141,312,22,7,14
7580,Mistral Solutions,3.5,141,1k,13,21,15
7581,SmartED Innovations,4.1,141,38,55,,
7582,SysArc Infomatix,3.4,141,972,14,3,12
7583,Delux Bearings,4.2,141,608,4,,15
7584,Bdh Industries,4.8,141,316,3,21,11
7585,Futures First info Services,3.5,141,957,94,,16
7586,Gujarat State Petronet,4.0,141,629,7,,11
7587,SurePrep,4.0,141,791,12,,13
7588,Flyweis Technology,4.4,141,66,5,,1
7589,EMB Global,4.5,141,416,16,,2
7590,thinkbridge,3.5,141,707,22,5,25
7591,Apicore Pharmaceuticals,3.7,141,611,6,,17
7592,PharmaZell,4.3,141,629,10,2,14
7593,Hyundai Steel,3.8,141,751,12,1,16
7594,98thPercentile,4.0,141,297,17,,19
7595,Isprava,3.3,141,624,11,10,2
7596,Unipath Specialty Laboratory,3.9,141,602,12,,6
7597,Shivalik Rasayan,3.5,141,525,11,2,7
7598,Sun Flag Steel,3.5,141,589,7,,2
7599,Velammal Educational Trust,3.6,141,638,12,12,9
7600,Velammal Educational Trust,3.6,141,638,12,12,9
7601,Kearney,3.1,142,1.4k,26,5,8
7602,Sony Pictures Networks,3.6,141,852,7,,2
7603,Shivalik Rasayan,3.5,141,525,11,2,7
7604,Sun Flag Steel,3.5,141,589,7,,2
7605,Dr L H Hiranandani Hospital,3.8,141,495,5,6,17
7606,First Step Babywear,4.1,142,679,5,,12
7607,Fulcrum Worldwide Software,4.4,141,900,9,10,17
7608,Shobhit Mediworld,4.0,141,317,19,4,6
7609,Serdia Pharmaceuticals,3.6,140,382,6,,18
7610,Cypherox Technologies Pvt. Ltd.,4.8,140,73,60,1,1
7611,Proziod Analytics,3.5,140,369,5,32,23
7612,AIDA Cruises,3.5,141,205,7,,14
7613,ResearchAyu,4.4,140,27,16,,1
7614,Automotive Research Association of India,4.0,140,812,5,3,14
7615,Portescap,3.8,140,787,14,,19
7616,IFortis Worldwide,3.8,140,97,29,7,13
7617,Light & Wonder,4.0,140,2.8k,33,5,39
7618,Galderma,3.4,140,446,2,43,11
7619,Techno Exponent,3.6,140,466,32,,8
7620,Bando India,4.1,140,529,5,,18
7621,Karnataka Power Transmission Corporation,4.3,140,450,6,,5
7622,Gujarat Energy Transmission Corporation,4.1,140,347,,,7
7623,Indivillage Tech Solutions,3.7,141,551,14,,6
7624,KHD Humboldt Wedag,4.3,140,699,7,,14
7625,Proventech,3.9,140,318,8,29,2
7626,ECE Industries,3.6,140,566,4,3,12
7627,Lrs Services,3.3,140,765,11,4,4
7628,Kamdhenu Paints,3.0,140,433,9,,5
7629,Unicorn DenMart,4.1,140,506,25,12,8
7630,Avon Cycles,4.0,141,487,18,9,10
7631,INDOASIAN,4.1,140,424,11,6,17
7632,Lotus Wireless Technologies,3.0,140,690,17,,6
7633,Veeraraghavan & Company,3.1,141,395,6,1,4
7634,Galderma,3.4,140,446,2,43,11
7635,Head Digital Works,4.1,140,1k,21,,8
7636,Light & Wonder,4.0,140,2.8k,33,5,39
7637,Ascent Meditech,3.4,140,610,9,2,3
7638,IFortis Worldwide,3.8,140,97,29,7,13
7639,First Solar,3.9,140,618,13,6,4
7640,Lotus Wireless Technologies,3.0,140,690,17,,6
7641,Veeraraghavan & Company,3.1,141,395,6,1,4
7642,Bando India,4.1,140,529,5,,18
7643,Karnataka Power Transmission Corporation,4.3,140,450,6,,5
7644,Gujarat Energy Transmission Corporation,4.1,140,347,,,7
7645,Orion Security Solutions,2.9,140,601,5,2,18
7646,First Solar,3.9,140,618,13,6,4
7647,Kaseya Software,3.3,140,1.3k,15,25,7
7648,CapGrid Solutions,4.1,140,268,23,,1
7649,AL-SUWAIDI INDUSTRIAL SERVICES,3.5,140,254,8,,19
7650,Ambience Group,3.6,140,530,18,10,3
7651,Frontier Business Systems,3.3,140,873,12,15,11
7652,Hindustan Colas,3.4,140,568,12,1,13
7653,The Dollar Business,2.8,140,655,11,18,4
7654,IMMCO,3.1,140,820,13,1,10
7655,Abu Dhabi Commercial Bank,3.4,140,625,6,,9
7656,G7 CR Technologies,3.0,140,586,17,4,9
7657,Mobineers Info Systems,4.2,140,381,13,6,11
7658,Ocl Iron & Steel,3.6,140,437,16,,2
7659,SHRI LAKSHMI STEEL SUPPLIERS,4.1,140,466,9,16,13
7660,IPG Mediabrands,3.3,140,1.3k,28,5,1
7661,Printo Document Services,3.7,140,613,12,13,7
7662,SHRI LAKSHMI STEEL SUPPLIERS,4.1,140,466,9,16,13
7663,Disposafe Health And Life Care,3.1,140,621,10,4,7
7664,Bambino Pasta Food Industries,4.0,140,600,7,,3
7665,Aditya Birla Chemicals,3.9,139,562,14,,9
7666,XSEED Education,2.9,139,506,6,,18
7667,INDIAN DESIGNS,3.9,139,498,4,,9
7668,Advance Career Solutions,4.1,139,102,40,,2
7669,DRN Infrastructure,3.2,139,509,6,11,16
7670,ChicMic,4.3,139,278,11,24,19
7671,IBM Consulting,3.8,139,1.8k,39,,8
7672,Saint-Gobain Abrasives,3.5,139,722,5,,9
7673,Weir Minerals,4.0,139,690,15,17,18
7674,Lokmanya Multipurpose Co-op Society,3.0,139,594,6,2,5
7675,Geo Designs And Research,3.6,139,612,3,16,5
7676,GoBoult,3.8,139,429,24,16,5
7677,Wysetek Systems Technologists,3.8,139,738,10,31,13
7678,Shahnaz Husain Group Of Companies,3.1,139,379,18,15,14
7679,Maintec Technologies,3.7,139,857,10,1,10
7680,Madhavbaug,3.8,139,369,3,2,6
7681,SembCorp,4.0,139,634,8,,7
7682,Piramal Group,4.0,139,2k,33,,99
7683,Aditya Birla Chemicals,3.9,139,562,14,,9
7684,ChicMic,4.3,139,278,11,24,19
7685,Glocal Healthcare Systems,3.5,140,400,5,,15
7686,Rapidtech,3.5,139,441,6,2,5
7687,ASA & Associates,3.4,139,835,14,,11
7688,Spinks Softech,4.1,139,580,5,,8
7689,BASIX Academy for Building Lifelong Employability,3.9,139,219,8,2,7
7690,ENTRI SOFTWARE,3.9,139,611,11,8,1
7691,IBM Consulting,3.8,139,1.8k,39,,8
7692,Shahnaz Husain Group Of Companies,3.1,139,379,18,15,14
7693,Maintec Technologies,3.7,139,857,10,1,10
7694,MRL Tyres,3.5,139,649,6,,8
7695,builder.ai,2.8,140,957,13,,2
7696,Royal HaskoningDHV,4.4,139,426,3,18,15
7697,Advance Auto Parts,3.4,139,1.1k,11,,20
7698,ApplyBoard,2.5,140,579,10,20,2
7699,Weir Minerals,4.0,139,690,15,17,18
7700,Shri Ram Finance Corporation,2.9,142,449,16,9,1
7701,Polestar Consulting,4.2,139,304,12,6,2
7702,Pacific Global Solutions,3.2,139,671,9,9,2
7703,IVL Dhunseri Petrochem Industries,3.8,139,478,5,,8
7704,Nitika Pharmaceutical Specialities,3.9,139,488,16,13,2
7705,HealthAssure,3.4,139,607,7,1,6
7706,Rotork Controls,3.3,139,688,14,14,12
7707,ASSET DEALS,4.7,139,104,22,,6
7708,Vantive,4.6,139,196,64,34,2
7709,Mold Tek Packaging,3.6,139,635,6,,7
7710,Behr Hella Thermocontrol,4.1,139,767,7,6,7
7711,Vasavi Group,4.0,139,760,8,,3
7712,Techavera Solutions,4.2,138,103,2,,20
7713,Madras Medical Mission,4.3,138,463,5,11,12
7714,Multani Pharmaceuticals,4.1,138,442,13,,7
7715,Technofab Engineering,4.1,138,444,2,,22
7716,Future Market Insights,1.6,138,541,11,1,13
7717,CommVault,3.6,138,1.3k,29,,12
7718,Unicommerce Esolutions,2.8,138,911,22,2,12
7719,PhableCare,2.7,138,821,9,,4
7720,Multani Pharmaceuticals,4.1,138,442,13,,7
7721,UNI Klinger,3.8,138,599,14,,19
7722,Indian Institute of Management,3.8,138,1k,3,,5
7723,Christ University,3.0,138,592,14,,11
7724,Sterling Manufacturing Company,3.9,138,76,7,,4
7725,Aster Medcity,4.5,138,511,7,1.3k,16
7726,Borosil Renewables,3.8,138,567,7,,2
7727,Sirca Paints India,4.1,138,494,11,,11
7728,Counsel India,3.5,138,277,12,9,1
7729,Machino Polymers,3.3,139,565,13,,3
7730,CoinDCX,4.0,138,1.1k,33,67,11
7731,Alliance Group,3.9,138,871,14,6,7
7732,Meena Bazaar,3.6,138,669,7,5,7
7733,CommVault,3.6,138,1.3k,29,,12
7734,Future Market Insights,1.6,138,541,11,1,13
7735,Shreeji Infrastructure,3.8,138,394,9,4,5
7736,REC Power Development and Consultancy,4.1,138,391,7,,1
7737,Haqdarshak Empowerment Solutions,3.8,138,356,15,2,8
7738,THERMAL SYSTEMS,4.0,138,595,12,6,11
7739,Trident Automobiles,4.6,138,512,2,1,18
7740,Cronus Pharma Specialities India,3.6,138,656,3,1,9
7741,Harley-Davidson,3.8,138,478,6,,24
7742,Eskag Pharma,3.3,138,472,7,,10
7743,Meena Bazaar,3.6,138,669,7,5,7
7744,Airef Engineers,3.9,138,471,8,2,6
7745,Affiliated Computer Services,3.6,138,410,1,,14
7746,Sterling Manufacturing Company,3.9,138,76,7,,4
7747,Machino Polymers,3.3,139,565,13,,3
7748,CoinDCX,4.0,138,1.1k,33,67,11
7749,Alliance Group,3.9,138,871,14,6,7
7750,Counsel India,3.5,138,277,12,9,1
7751,Lupin Diagnostics,4.1,138,440,13,4,1
7752,MRI Software,3.3,138,845,21,13,4
7753,Jash Engineering,4.0,138,694,12,1,8
7754,Tanla Platforms,3.1,138,1.2k,13,57,6
7755,LUCKY MINERALS,3.7,138,462,9,,10
7756,Rural Electrification Corporation,3.6,138,406,6,,12
7757,Christ University,3.0,138,592,14,,11
7758,Sirca Paints India,4.1,138,494,11,,11
7759,Rina India,3.8,138,521,10,,13
7760,PubMatic,3.5,138,1.2k,33,15,25
7761,Affiliated Computer Services,3.6,138,410,1,,14
7762,Kabra Extrusion Technik,3.5,138,723,12,3,14
7763,Badri Rai and Company,4.0,138,444,14,11,3
7764,CBTS TECHNOLOGY SOLUTIONS INDIA LLP,3.9,138,1.2k,22,94,9
7765,Modern Insulators,3.9,138,553,5,2,13
7766,Preet Group,3.8,137,566,18,,6
7767,Sical Logistics,4.0,137,627,1,,16
7768,Link Intime,3.5,137,668,10,,10
7769,Napier Healthcare Solutions,2.4,137,824,14,,13
7770,New Swan Enterprises,3.8,137,442,12,1,10
7771,DigiVersal Consultants,2.4,137,361,10,27,26
7772,Government of Odisha,4.1,137,590,10,,6
7773,SDP & Associates (Office),3.4,137,260,28,1,18
7774,Lokal App,3.5,137,555,17,8,28
7775,7 Eleven,3.4,137,1.1k,27,,7
7776,Ascend Telecom Infrastructure,4.2,137,395,4,,12
7777,Futuresoft Solutions,3.2,137,812,9,2,20
7778,M Tech Innovations,3.2,137,599,10,7,10
7779,Crane Consulting and Outsourcing,4.1,137,869,15,,3
7780,Codilar Technologies,4.1,137,583,25,38,1
7781,Nikhil Adhesives,3.9,137,431,8,1,5
7782,Beekay Steel Industries,3.0,137,531,10,28,5
7783,Baxter Pharmaceuticals,4.3,137,199,9,,2
7784,Zimetrics Technologies,3.7,137,883,7,8,105
7785,Birla Century,4.1,138,613,6,,7
7786,ESSPL,4.0,137,783,5,,17
7787,IIT Kanpur,4.0,137,550,12,7,19
7788,MeritTrac,3.7,137,528,1,,15
7789,Flemingo Duty Free Shop,4.1,137,521,2,,13
7790,Q Tech Microelectronics India,3.8,137,528,9,2,9
7791,Valdel Engineers & Constructors,2.7,137,643,9,,7
7792,Ntrust Infotech,3.3,137,787,11,,15
7793,Molbio Diagnostics,3.8,137,690,12,,4
7794,Aditya Birla SunLife Asset Management Company,3.7,138,629,15,,15
7795,UTI Technology Services,3.3,137,540,3,,8
7796,Naaraayani Sons,3.0,137,413,10,1,6
7797,Fipola Retail,3.7,137,305,2,,63
7798,Bharuch Enviro Infrastructure,4.1,137,601,5,,1
7799,illumifin,3.2,137,535,4,,1
7800,Crane Consulting and Outsourcing,4.1,137,869,15,,3
7801,Komatsu,3.8,137,695,6,8,14
7802,Delhi Integrated Multi Modal Transit System,3.6,137,541,7,1,10
7803,Victoria's Secret,3.9,137,1k,16,,7
7804,ESSPL,4.0,137,783,5,,17
7805,Birla Century,4.1,138,613,6,,7
7806,Actis Technologies,4.2,137,540,8,4,14
7807,Surya Hospital,3.7,137,582,9,30,8
7808,Beekay Steel Industries,3.0,137,531,10,28,5
7809,M Tech Innovations,3.2,137,599,10,7,10
7810,Futuresoft Solutions,3.2,137,812,9,2,20
7811,Accountant Anywhere Services,4.2,137,1.1k,12,,20
7812,Yeshshree Press Comps,3.5,137,655,7,,9
7813,Novopay Solutions,2.8,137,731,16,4,17
7814,SOGEFI,3.3,137,677,13,,9
7815,Etraveli Group,2.8,137,699,13,12,2
7816,Gapbridge Software Services,3.2,138,413,4,,31
7817,Yanfeng Automotive Interiors,3.9,138,639,9,5,14
7818,Stanvac Chemicals,3.1,137,392,7,,8
7819,4i apps solutions,3.6,138,947,15,21,13
7820,Milliman,3.8,137,968,24,20,15
7821,Alteus Biogenics,2.7,137,402,12,,6
7822,VCL Group,4.2,137,414,10,,6
7823,Eldeco Infrastructure & Properties,4.2,137,545,3,6,11
7824,Csc Computer Education,4.4,137,544,5,,9
7825,Areteans,3.5,137,1.4k,20,,4
7826,Augustus Healthcare Solutions,3.7,137,667,9,1,29
7827,Norwegian Cruise Line,4.2,136,184,8,,14
7828,Vigour Mobile,3.6,136,474,2,2,11
7829,Dairy Classic Ice Creams,4.3,136,514,12,3,6
7830,Panda Retail Company,4.4,136,176,3,,24
7831,Rigved Technologies,3.8,136,641,27,4,2
7832,Qbss,3.7,136,593,11,,25
7833,Bansal Hospital,4.1,136,461,5,,12
7834,Tarasafe International Private Limited,4.6,136,199,7,,1
7835,NLMK India,3.5,136,607,20,,6
7836,Gits Food Products,4.0,136,497,12,2,7
7837,rProcess Outsourcing Services,3.4,136,462,12,5,10
7838,Ansys Software Private Limited,4.2,137,1.1k,30,4,8
7839,Daimler,3.9,136,861,21,,13
7840,Toshiba Johnson Elevators,4.1,136,455,7,,5
7841,LAKME ACADEMY,3.2,136,643,19,,3
7842,Pearson,3.8,136,900,8,,10
7843,Rakshit Drugs,3.6,136,580,6,6,15
7844,Enrich Energy,4.0,136,582,8,1,10
7845,MicroGenesis Techsoft,3.5,136,879,12,14,8
7846,Planet PCI Infotech,3.5,136,603,7,3,9
7847,Agastya International Foundation,3.6,136,304,2,,30
7848,Sunshine Hospitals,4.0,136,643,4,,12
7849,QUTONE CERAMIC,3.7,136,393,13,,11
7850,Prothious Engineering Services,3.2,136,365,3,6,20
7851,Lloyd Electric & Engineering,3.4,136,451,1,,14
7852,Primetals Technologies,4.2,136,704,10,,12
7853,Gemini Consulting & Services,3.8,136,1.1k,7,1,14
7854,94.3 MY FM,3.7,136,379,3,,6
7855,Tekskills,3.9,143,815,17,26,9
7856,ADINATH MOTORS,3.7,136,580,5,3,5
7857,Accel Limited,3.5,136,756,9,,9
7858,Shivalik Prints,4.1,136,581,6,,4
7859,Country Holidays Travel India,3.3,136,51,404,,3
7860,Pearson,3.8,136,900,8,,10
7861,Country Holidays Travel India,3.3,136,51,404,,3
7862,Daimler,3.9,136,861,21,,13
7863,APEEJAY EDUCATION SOCIETY,3.0,136,525,15,42,8
7864,Shipsy,4.2,136,658,20,4,2
7865,Nichino,3.5,136,447,7,,6
7866,Reliance Foundation India,4.1,136,632,8,,11
7867,Seashell Logistics,3.7,136,522,8,1,10
7868,Sagacious IP,3.3,136,576,25,,11
7869,Forbes Facility Services,4.2,136,491,6,3,12
7870,Ecozen Solutions,4.2,136,507,9,8,3
7871,Sterling Auxiliaries,3.1,136,755,9,,11
7872,Europ Assistance India,3.8,136,562,11,5,5
7873,Kohinoor Group,3.8,136,970,10,,8
7874,Milacron,3.8,137,905,5,,
7875,PICL,3.8,136,505,5,,8
7876,Jodo,3.6,137,503,25,5,2
7877,Luxor International,3.7,135,654,7,,10
7878,Vtc Tradewings,4.0,135,345,7,1,7
7879,Solitaire World,3.9,135,295,8,,88
7880,AccSource KPO,3.8,135,281,22,,37
7881,Luxor International,3.7,135,654,7,,10
7882,Solitaire World,3.9,135,295,8,,88
7883,Bhate & Raje Construction Co.,4.1,135,407,5,2,13
7884,3 Gen Consulting,3.3,135,476,6,8,17
7885,Sovereign Pharma,3.7,135,625,5,,15
7886,Xylem Learning,4.1,135,346,19,7,13
7887,Infotech,4.3,135,1k,49,2,18
7888,Facilities And Building Solutions,3.5,135,534,9,1,9
7889,Cherise India,3.9,135,288,2,7,2
7890,Strata Geosystems,3.9,135,577,6,,16
7891,Weavetex Overseas,3.5,135,529,8,1,9
7892,All Out,3.7,135,264,11,4,1
7893,Digicommerce Solutions LLP,4.7,135,172,8,6,4
7894,OPK e Services,2.9,135,518,13,,10
7895,WAE,3.6,135,258,19,9,3
7896,Hungama,3.2,135,757,7,,21
7897,Adma Solutions,4.5,136,268,5,,8
7898,Preet Tractors,2.7,135,471,11,,12
7899,Khandelwal Laboratories,4.1,135,405,3,,9
7900,Sovereign Pharma,3.7,135,625,5,,15
7901,Digicommerce Solutions LLP,4.7,135,172,8,6,4
7902,All Out,3.7,135,264,11,4,1
7903,Bhate & Raje Construction Co.,4.1,135,407,5,2,13
7904,3 Gen Consulting,3.3,135,476,6,8,17
7905,Weavetex Overseas,3.5,135,529,8,1,9
7906,Adma Solutions,4.5,136,268,5,,8
7907,OPK e Services,2.9,135,518,13,,10
7908,Hungama,3.2,135,757,7,,21
7909,WAE,3.6,135,258,19,9,3
7910,Xylem Learning,4.1,135,346,19,7,13
7911,Khandelwal Laboratories,4.1,135,405,3,,9
7912,Premsons Motor Udyog,3.5,135,521,8,6,10
7913,IPAC,3.2,135,936,12,,14
7914,Agriculture Insurance Company of India,4.0,135,483,8,,4
7915,Complere Infosystem,4.3,135,134,9,,13
7916,Strata Geosystems,3.9,135,577,6,,16
7917,RKC Infrabiult Private Limited,3.6,136,525,15,,4
7918,FarMart,4.0,135,430,20,14,1
7919,India Retails & Hospitality,4.5,135,152,45,,2
7920,Appcino Technologies,3.4,135,450,16,,5
7921,Tcg Digital Solutions,3.3,135,942,15,,11
7922,Viney Corporation,3.9,135,543,11,,5
7923,The Nuance Group AG,4.3,135,845,4,,8
7924,Goodrich Logistics Pvt. Ltd.,3.7,135,782,13,4,10
7925,Shiksha.com,3.5,135,435,14,,11
7926,Megha Gas,3.5,135,497,15,,2
7927,Shankar Electricals,3.7,135,478,5,,14
7928,Geodis Overseas,3.4,135,898,20,5,10
7929,Classic Marble Company,3.6,135,533,11,5,8
7930,Pravin Electricals,4.2,135,572,5,,12
7931,Jsw Infrastructure,4.2,135,573,6,,17
7932,Pioneer Wincon,4.2,135,374,8,,24
7933,Karnataka Co-operative Milk Producers Federation,4.1,135,405,4,,4
7934,Kerry Ingredients,3.6,135,645,8,1,14
7935,CG Corp Global,3.1,135,354,9,,2
7936,Moris Media,4.4,135,23,29,124,1
7937,Flynaut SaaS,3.2,135,377,21,,2
7938,Sitec Labs,4.0,135,648,9,6,12
7939,Juspay Technologies,4.0,135,1.6k,59,,4
7940,Dr.SNS Rajalakshmi College Of Arts and Science,4.9,134,17,11,,55
7941,Oman National Engineering & Investment Company,3.9,134,385,5,,21
7942,CNS Comnet,4.1,134,308,1,,17
7943,Housr,4.2,128,341,10,2,8
7944,HealthAsyst,3.8,134,806,17,16,23
7945,Glen Appliances,4.1,134,455,7,1,7
7946,Arbro Pharmaceuticals,3.9,134,512,16,7,9
7947,ERA's Lucknow Medical College & Hospital,3.9,134,486,11,5,8
7948,Homeocare International,3.5,134,396,9,7,9
7949,FNF India,3.8,134,697,19,,17
7950,Cognus Technology,2.3,134,484,8,,9
7951,Pyro Group,3.5,134,297,3,,12
7952,Dunkin' Donuts,3.5,134,194,4,,15
7953,Livesalesman,4.7,136,118,1,,8
7954,DAEWOO E&C,4.3,134,162,5,,15
7955,SPARX IT Solutions,3.7,134,621,13,13,25
7956,APL Logistics,3.9,134,568,9,2,7
7957,Detox Group,3.9,134,558,12,,9
7958,TetraSoft,3.7,134,1.1k,12,,15
7959,BCForward,3.1,134,669,8,3,7
7960,Sakal Media Group,3.3,134,692,5,3,15
7961,Modern Foods,3.6,134,562,7,,12
7962,Vibatel Solutions,3.6,134,425,10,1,10
7963,91Squarefeet,3.3,134,347,12,2,3
7964,Esme Consumer,4.0,135,368,10,7,1
7965,TML Business Services,3.9,134,468,10,6,12
7966,Marwadi Shares & Finance,4.3,134,650,7,6,7
7967,FabAlley,3.9,134,239,5,,2
7968,Magna Steyr,4.2,134,900,5,,12
7969,Speciality Restaurants,4.2,134,458,8,5,21
7970,Maple Digital Technology,3.6,134,406,4,1,10
7971,Doshion,3.7,134,292,2,6,2
7972,Calling 24o7 Bpo Services,3.9,134,348,12,,5
7973,PrimeXBT,4.7,134,7,,1,1
7974,Omega Elevators,3.9,134,424,6,2,13
7975,T&N Business Services,4.8,134,58,47,123,1
7976,IIT Kharagpur,4.1,134,528,17,,13
7977,Brady Corporation,4.2,134,587,4,,17
7978,Delta Technology,3.8,134,1.1k,6,6,9
7979,Bimbo Bakeries India,3.7,134,648,11,,9
7980,Doshion,3.7,134,292,2,6,2
7981,Marwadi Shares & Finance,4.3,134,650,7,6,7
7982,Maple Digital Technology,3.6,134,406,4,1,10
7983,Esme Consumer,4.0,135,368,10,7,1
7984,Omega Elevators,3.9,134,424,6,2,13
7985,Quatrro Mortgage Solutions,3.1,134,435,5,,18
7986,Ajeet Seeds,3.8,134,488,11,,11
7987,Sushima Pharmaceuticals,3.8,134,190,11,3,54
7988,One Trust,3.0,134,924,18,15,12
7989,Ashida Electronics,3.8,134,547,5,1,10
7990,FANUC,3.4,134,772,23,12,16
7991,A.t.e. Enterprises,3.9,134,682,14,11,12
7992,Fabtech Technologies International,3.4,134,602,10,10,7
7993,Emrill Services LLC,4.1,134,169,7,,16
7994,Allzone Management Solutions,4.3,134,381,8,12,11
7995,Akshara Enterprises,3.4,134,689,8,5,5
7996,Perto,3.5,134,606,15,1,12
7997,Aarthi Scans and Labs,3.4,134,559,17,4,6
7998,Viztar International,3.3,134,548,5,,6
7999,Healthworld Hospitals,4.1,134,499,7,6,6
8000,Akshara Enterprises,3.4,134,689,8,5,5
8001,Aarthi Scans and Labs,3.4,134,559,17,4,6
8002,Emrill Services LLC,4.1,134,169,7,,16
8003,Al Fara'a Group,3.2,133,348,1,,21
8004,Al Hassan Engineering Company SAOG,4.2,133,206,4,3,21
8005,KWALITY DAIRY (INDIA),3.7,133,323,1,,15
8006,Husk Power Systems,3.4,134,489,8,29,9
8007,A. Menarini India,3.6,133,329,2,,18
8008,H-one India,3.9,133,537,7,,14
8009,Metalman Microturners,3.8,133,554,12,,15
8010,V-ensure Pharma Technologies,3.2,133,491,5,7,7
8011,Azuga Telematics,3.5,133,898,15,2,16
8012,Sindhuja Microcredit,3.6,136,386,7,23,3
8013,Banaras Hindu University,4.7,133,351,6,,18
8014,Cachet Pharmaceuticals,3.8,133,416,5,,17
8015,Nifco India,3.6,133,462,8,,14
8016,Oman Shapoorji Llc,3.7,134,389,9,,14
8017,Amalgamated Plantations,3.8,133,423,11,,17
8018,Techved Consulting,3.3,133,420,27,,19
8019,RAMADA PLAZA,4.0,133,461,5,,18
8020,Metalman Microturners,3.8,133,554,12,,15
8021,V-ensure Pharma Technologies,3.2,133,491,5,7,7
8022,RAMADA PLAZA,4.0,133,461,5,,18
8023,H-one India,3.9,133,537,7,,14
8024,Techved Consulting,3.3,133,420,27,,19
8025,Sindhuja Microcredit,3.6,136,386,7,23,3
8026,Nifco India,3.6,133,462,8,,14
8027,Oman Shapoorji Llc,3.7,134,389,9,,14
8028,Cachet Pharmaceuticals,3.8,133,416,5,,17
8029,Amalgamated Plantations,3.8,133,423,11,,17
8030,Sofcon India Pvt Ltd,3.8,134,512,13,6,13
8031,Infinite HR Solutions,3.2,133,1.2k,3,,1
8032,Mahindra Aerospace,3.9,133,643,5,,8
8033,Banaras Hindu University,4.7,133,351,6,,18
8034,Azuga Telematics,3.5,133,898,15,2,16
8035,Indian Armed Forces,4.6,133,349,4,,8
8036,Ultimate Flexipack,3.8,133,583,7,,13
8037,DigitalTrack Solutions,3.9,133,834,16,,7
8038,IJM (India) Infrastructure,4.1,133,410,7,,20
8039,Redisolve Software,2.9,133,374,10,,7
8040,Cello World,3.3,134,485,4,,6
8041,Maiva Pharma,3.8,133,681,10,,4
8042,Deoleo,4.1,133,418,7,1,30
8043,APC By Schneider Electric,4.4,132,268,7,,26
8044,Shilpa Steel and Power,3.5,132,478,3,3,11
8045,Rhysley Private Limited,3.6,132,341,17,10,12
8046,Locobuzz,2.5,132,499,9,14,29
8047,vConstruct,3.9,132,867,11,19,21
8048,Sugam Homes,4.6,132,271,23,3,4
8049,BrowserStack,3.7,132,1.8k,53,7,14
8050,Silver Consumer Electricals,3.5,132,473,5,,2
8051,Cogneesol,3.4,132,695,17,25,13
8052,Ramdev Food Products,4.4,132,409,7,1,9
8053,Bangalore Electricity Supply Company,3.7,132,517,6,,4
8054,ZoomRx,2.6,132,757,40,5,4
8055,Schbang,3.1,132,1.1k,25,4,5
8056,IMS Learning Resources,3.6,132,699,11,3,5
8057,Packt Publishing,3.0,132,701,15,1,25
8058,Retailio,3.9,132,300,8,2,3
8059,Farida Group,4.0,132,416,7,,3
8060,Hansa Research Group,3.7,132,539,4,9,12
8061,Radixweb,3.5,132,805,15,2,10
8062,Axles India,3.4,133,655,7,,23
8063,Mallcom,3.9,132,389,7,15,11
8064,EbixCash Financial Technologies,3.0,132,977,6,,
8065,Birla Precision Technologies,3.6,132,675,4,21,13
8066,Institute of Chemical Technology,4.1,132,547,4,,12
8067,Suwasthi,2.4,132,264,7,1,1
8068,7SearchPPC,4.8,132,5,1,,4
8069,Kimbal Technologies,3.8,132,393,9,1,2
8070,KollegeApply,4.2,132,44,60,1,7
8071,ZoomRx,2.6,132,757,40,5,4
8072,Schbang,3.1,132,1.1k,25,4,5
8073,Packt Publishing,3.0,132,701,15,1,25
8074,Silver Consumer Electricals,3.5,132,473,5,,2
8075,Retailio,3.9,132,300,8,2,3
8076,mPHATEK Systems,3.5,132,1k,15,,2
8077,Nova IVF Fertility,3.7,132,459,7,2,8
8078,Ace Creative Learning,3.9,132,517,5,6,13
8079,Titan Biotech,3.3,132,657,17,14,10
8080,Cogneesol,3.4,132,695,17,25,13
8081,IMS Learning Resources,3.6,132,699,11,3,5
8082,Phoenix Marketcity,3.8,132,619,5,,10
8083,Bangalore Electricity Supply Company,3.7,132,517,6,,4
8084,Urbanpro,3.8,132,479,10,,9
8085,Group Surya Peb,3.6,132,555,7,,2
8086,Enviro Infra Engineers,4.0,132,472,11,11,11
8087,Raheja Universal,4.0,132,577,12,24,10
8088,Ramdev Food Products,4.4,132,409,7,1,9
8089,DNV,4.1,132,659,10,4,5
8090,Manav Rachna International School,3.6,132,453,6,1,8
8091,Houzeo,3.9,132,267,49,2,10
8092,S S Enterprises,3.7,132,924,4,4,10
8093,EKA Mobility,3.3,133,572,7,,1
8094,Snowcem Paints,4.3,132,183,7,1,4
8095,G Square Housing,3.8,132,486,11,15,3
8096,TeamLease Edtech,3.1,132,546,9,1,9
8097,SPJ group,2.3,132,195,9,7,10
8098,MediaTek India Technology,3.8,132,1.1k,31,55,8
8099,Calix,4.1,132,349,23,50,1
8100,Ciklum,3.2,132,844,24,81,2
8101,Motovolt Mobility,4.0,132,398,20,1,7
8102,Remsons Industries,3.7,132,662,10,,10
8103,Heranba Industries,3.7,133,615,7,11,6
8104,Sadara Chemical Company,3.9,131,268,2,,18
8105,Galore Networks,2.9,131,270,3,,14
8106,Daelim Industrial Co.,4.8,131,95,4,,28
8107,Panchayati Raj,3.6,131,275,1,,10
8108,Vikram Tea,4.3,131,390,13,4,6
8109,EIH,3.8,131,603,4,,15
8110,Badafinance S&P Services,4.3,131,57,4,,11
8111,Avvashya Cci Logistics,3.5,131,500,8,,19
8112,GE Capital,4.4,131,422,2,,30
8113,Nucot,4.6,131,42,7,2,1
8114,Spykar Lifestyles,4.0,131,425,6,,9
8115,D Light Energy,3.6,131,428,3,1,14
8116,KMC Constructions,4.0,131,501,5,,20
8117,TalentSprint,4.1,131,581,6,,16
8118,Century Rayon,3.8,131,474,7,,22
8119,New Swan Multitech,4.1,131,493,12,1,9
8120,ZestMoney,4.0,131,745,14,,16
8121,Mutual Industries,3.1,131,560,8,,16
8122,Tirupati Life Sciences,4.3,131,405,6,,15
8123,Jss Pro Services,3.8,131,585,14,4,11
8124,Jolly Containers,3.7,131,545,7,3,8
8125,MariApps Marine Solutions,3.2,131,1.2k,12,1,5
8126,Shri Ram Murti Smarak Institute of Medical Sciences,3.6,131,324,7,111,9
8127,Uttar Pradesh Jal Nigam,4.1,131,305,2,,7
8128,Anand Engineering Products,3.2,131,530,6,33,10
8129,Hemani Industries,3.5,131,747,10,,8
8130,Malpani Group,4.1,131,532,7,6,4
8131,Chiripal Group,3.9,131,521,2,,5
8132,Lumax Mannoh Allied Technologies,3.7,131,628,5,,10
8133,Ayana Renewable Power,4.2,131,546,3,8,2
8134,Paramount,3.4,131,785,7,,3
8135,HM Constructions,4.4,131,198,21,21,19
8136,Worldpay,4.1,131,1.1k,7,1,10
8137,Besmak Components,3.9,131,621,7,8,9
8138,Interactive Brokers,3.4,131,929,22,15,5
8139,Freudenberg Gala Household Product,4.2,131,382,6,,14
8140,Kusalava International,3.8,131,367,6,1,22
8141,Propelld,3.7,131,567,10,5,3
8142,Skillinabox,4.3,131,41,41,4,1
8143,Jio Payments Bank,3.8,131,686,12,,13
8144,SAVE Solutions,4.1,131,548,6,1,11
8145,Devgiri Forgings,3.6,131,359,5,,7
8146,Smile Foundation,4.1,131,492,11,15,10
8147,Sandvik Coromant,4.0,131,609,8,23,11
8148,SkillCircle,4.1,131,204,33,4,2
8149,POSCO,4.1,131,615,4,,19
8150,Sanzyme,3.8,131,494,8,,12
8151,Trn Energy,3.3,131,416,6,,13
8152,Quality Evaluation And Systems Team,4.0,131,471,2,5,7
8153,Anjan Drug,3.2,131,650,16,,9
8154,Pricol Engineering Industries,3.8,131,781,15,,8
8155,Warner Bros. Discovery,3.5,131,1.5k,22,143,2
8156,Jindal Stainless Steelway,4.0,131,623,11,,15
8157,Dachser,4.0,131,466,3,,13
8158,Shree Hari Infraprojects,3.5,131,336,3,,3
8159,Ravi Infrabuild Projects,3.6,131,528,7,3,2
8160,Ascentrik Research Services,1.6,131,520,22,4,3
8161,Yocket,3.9,132,482,14,,8
8162,Digi Clarity Global Solutions,4.1,131,302,8,3,5
8163,Quadrant Technologies,3.4,131,794,17,1,1
8164,Axis Asset Management Company,3.8,131,535,4,137,3
8165,Capline Services,3.0,131,682,14,4,10
8166,Daicel Chiral Technologies,4.1,131,608,,,9
8167,Progcap,4.0,131,756,9,5,4
8168,Deduce Technologies,3.2,131,1k,11,,12
8169,Vkc Nuts,3.6,131,511,8,,3
8170,Cubic Transportation Systems,3.2,131,1.1k,12,114,18
8171,Camp K-12,3.1,130,625,8,,7
8172,Weizmann Forex,4.3,130,369,,,10
8173,BMA Wealth Creators,4.4,130,345,1,,10
8174,Tata Trusts,4.5,130,717,9,,11
8175,Hawa Valves,3.2,130,721,8,6,9
8176,ITL Industries,3.8,130,633,5,,7
8177,Ferromatik Milacron,3.7,130,620,8,,26
8178,Vista Furnishing Limited,4.2,130,359,14,7,2
8179,Orris Infrastructure,4.0,130,333,10,2,4
8180,Ferromatik Milacron,3.7,130,620,8,,26
8181,Hawa Valves,3.2,130,721,8,6,9
8182,ITL Industries,3.8,130,633,5,,7
8183,Orris Infrastructure,4.0,130,333,10,2,4
8184,Basix,4.5,130,259,7,,19
8185,Tata Trusts,4.5,130,717,9,,11
8186,Lanco Anpara Power,4.1,130,372,4,,15
8187,Supreme Petrochem,3.9,130,704,6,1,14
8188,VLink,3.6,130,712,18,38,4
8189,MoEngage,3.5,130,1.1k,30,35,7
8190,International Crops Research Institute for the Semi-arid Tropics,3.8,130,403,4,2,17
8191,Apraava Energy,4.5,130,479,8,,4
8192,DMI DRAEXLMAIER MANUFACTURING,3.8,130,464,7,,9
8193,Ajnara India,3.4,130,465,2,2,11
8194,Vista Furnishing Limited,4.2,130,359,14,7,2
8195,Choice Solutions (India),3.4,130,636,8,,10
8196,Rockman Group,3.8,130,513,6,,1
8197,Testhouse,4.3,130,723,13,2,7
8198,Dinesh Engineers,4.0,130,439,11,5,8
8199,PATH India,4.2,130,446,6,,22
8200,Ajnara India,3.4,130,465,2,2,11
8201,PATH India,4.2,130,446,6,,22
8202,Benteler Automotive,4.4,130,472,4,,11
8203,ToXSL Technologies,3.9,130,359,1,17,48
8204,International Crops Research Institute for the Semi-arid Tropics,3.8,130,403,4,2,17
8205,Apraava Energy,4.5,130,479,8,,4
8206,Kalyaniwalla & Mistry,3.2,130,622,8,6,11
8207,EDUGORILLA COMMUNITY,3.3,130,367,11,,9
8208,Supreme Petrochem,3.9,130,704,6,1,14
8209,VLink,3.6,130,712,18,38,4
8210,Obeetee,3.8,130,575,9,,14
8211,Multi Mantech International,2.3,130,379,7,,11
8212,ImagicaaWorld Entertainment Limited,3.6,130,540,3,1,17
8213,Siemens Industry Software (India),4.2,130,1.1k,17,,21
8214,MoEngage,3.5,130,1.1k,30,35,7
8215,Century Real Estate,3.9,130,589,4,5,10
8216,Mankind Specialities,3.8,130,426,11,,3
8217,Jupiter Wagons,3.6,131,613,4,,1
8218,Harsha Engineers International,4.0,130,673,1,,4
8219,Aligned Automation,4.0,130,1k,14,25,8
8220,Century Real Estate,3.9,130,589,4,5,10
8221,Jupiter Wagons,3.6,131,613,4,,1
8222,Harsha Engineers International,4.0,130,673,1,,4
8223,Luker Electric Technologies,3.7,130,557,10,,7
8224,Alpha Corp,4.2,129,554,16,1,12
8225,IndiaCan,4.6,129,131,3,,20
8226,Connect India E Commerce Services,2.8,129,371,7,2,6
8227,Akshayakalpa,3.9,129,381,12,7,6
8228,Frugal Testing,4.7,129,135,19,6,1
8229,Bansal Classes,3.2,129,459,8,,4
8230,Robt Stone (ME) LLC,2.8,129,310,11,,4
8231,Unique Measurement Service,4.4,129,228,66,,11
8232,ECS | Enterprise Change Specialists,4.5,129,125,5,125,8
8233,Saifee Hospital,3.1,129,483,7,,13
8234,CSL Finance,3.6,129,417,10,3,4
8235,"MAT Holdings, Inc",3.9,129,515,8,,9
8236,Quinte Financial Technologies,3.5,129,623,19,,7
8237,Noble Hospital,3.8,129,553,5,3,7
8238,The West Coast Paper Mills,3.9,129,557,4,,10
8239,C-Square Info Solutions,3.5,129,632,6,,10
8240,Viveks,3.9,129,458,8,7,13
8241,Gulshan Homz,4.2,129,553,8,12,7
8242,"MAT Holdings, Inc",3.9,129,515,8,,9
8243,Colan Infotech,3.4,129,1.2k,24,44,17
8244,Envision Overseas Education Consultants,4.0,129,175,60,,
8245,Gainsight,4.0,129,1.1k,26,,13
8246,OVT India,3.6,129,558,14,,4
8247,DUKES,3.7,129,595,7,1,14
8248,UNITILE,4.6,129,155,2,3,88
8249,Elite Powertech,4.0,129,339,7,,13
8250,Attero Recycling,4.4,129,385,8,17,2
8251,Idea Infinity IT Solutions,3.2,129,635,12,5,1
8252,Share India Securities,3.7,129,918,11,13,2
8253,Juego Studio,4.1,129,378,13,32,2
8254,Quinte Financial Technologies,3.5,129,623,19,,7
8255,Speed Engineering Solutions,3.7,129,623,17,4,4
8256,Fixderma,3.4,129,393,10,2,7
8257,Bluecraft Agro,3.4,129,632,8,,9
8258,Curia,3.9,132,648,11,1,9
8259,Dream11,3.8,129,1.2k,40,1,3
8260,Curia,3.9,132,648,11,1,9
8261,Protiviti Consulting,3.1,129,1.5k,12,,9
8262,Bluecraft Agro,3.4,129,632,8,,9
8263,Dream11,3.8,129,1.2k,40,1,3
8264,Fixderma,3.4,129,393,10,2,7
8265,Speed Engineering Solutions,3.7,129,623,17,4,4
8266,Primus Super Speciality Hospital,3.1,129,490,6,2,6
8267,Tafe Access,3.6,129,477,3,,11
8268,Sumitomo Mitsui Banking Corporation,2.4,129,866,15,4,11
8269,Fragma Data Systems,3.8,129,371,14,2,7
8270,Wings Pharmaceuticals,3.2,129,435,14,12,5
8271,Zenith Leisure Holidays,3.3,129,492,7,1,12
8272,Appsquadz Software,3.6,129,738,13,4,8
8273,Svarn Infratel,3.5,129,594,12,20,5
8274,J. M. Mhatre Infra,4.0,129,498,1,,16
8275,Crif High Mark Credit Information Services,2.7,130,1.1k,12,3,10
8276,Desire Energy Solution,3.9,129,539,12,,4
8277,Bennett University,3.8,129,685,13,6,9
8278,Cascade Revenue Management,3.2,129,490,5,,4
8279,V S International,3.6,129,490,8,10,12
8280,Desire Energy Solution,3.9,129,539,12,,4
8281,Global Cloud Xchange,3.4,129,761,6,,13
8282,Xome,4.2,128,710,14,,30
8283,DelEx Cargo,4.5,128,335,6,,20
8284,Ageis,3.7,128,552,19,,19
8285,Gracenote,3.6,128,533,11,,13
8286,Revlon,2.7,128,331,6,,15
8287,HPI Limited,3.8,129,1.2k,12,,9
8288,Ebix Smartclass Educational Services,4.3,129,530,9,,13
8289,IT Solutions,3.5,128,1.4k,12,,12
8290,Zaggle Prepaid Ocean Services,3.3,128,832,18,,3
8291,GlowTouch Technologies,3.1,128,688,43,5,13
8292,R.K. Group,3.4,128,764,6,8,9
8293,Euronet Global Development Center,3.9,128,908,15,1,10
8294,Winkies,3.9,128,270,8,1,3
8295,Rinac India Limited,3.8,128,525,6,1,6
8296,Fertilisers and Chemicals Travancore,4.2,128,444,2,,5
8297,ParamInfo,3.6,128,282,3,118,14
8298,Kruger Ventilation Industries,3.3,128,516,7,11,8
8299,FICCI,3.4,128,637,14,7,10
8300,INVESMATE,3.9,128,125,11,,4
8301,Electrostar Electronics,4.0,128,977,5,,1
8302,Indo-Tibetan Border Police,4.6,128,268,2,,11
8303,MindSquare Technologies,4.4,128,482,6,,32
8304,Tradologie.com,2.7,129,248,21,34,4
8305,Reliable Business Solutions & Services,3.0,128,510,1,,14
8306,AmpleLogic,3.0,128,647,14,15,10
8307,Sterling Accuris Wellness,4.0,128,485,6,7,4
8308,The Judge Group,3.2,128,658,9,20,8
8309,Mizuho Bank,3.3,128,774,13,,9
8310,A2z Infra Engineering,3.6,128,82,1,,
8311,Servify,3.7,128,937,11,4,5
8312,Same Deutz-fahr,3.8,128,740,4,,10
8313,Unified Infotech,4.3,128,458,24,9,8
8314,Times Network,3.1,128,963,2,,8
8315,FIL Industries,3.3,128,560,6,3,10
8316,Voltech Hr Services,3.4,129,410,8,4,23
8317,Tecnics Integration Technologies,3.4,128,889,9,7,9
8318,Accubits Technologies,3.1,128,562,16,,7
8319,Competent Automobiles,4.1,128,471,2,,6
8320,Rinac India Limited,3.8,128,525,6,1,6
8321,Foxlink India Electric,3.8,128,595,11,,8
8322,Accubits Technologies,3.1,128,562,16,,7
8323,Unified Infotech,4.3,128,458,24,9,8
8324,FIL Industries,3.3,128,560,6,3,10
8325,Voltech Hr Services,3.4,129,410,8,4,23
8326,Times Network,3.1,128,963,2,,8
8327,Tecnics Integration Technologies,3.4,128,889,9,7,9
8328,Zaggle Prepaid Ocean Services,3.3,128,832,18,,3
8329,GlowTouch Technologies,3.1,128,688,43,5,13
8330,Sakthi Finance,4.1,128,524,5,,12
8331,Vertex Homes,3.2,129,554,10,,15
8332,Birla Fertility & IVF,3.9,128,321,9,2,1
8333,Saasguru,2.1,128,46,2,16,3
8334,Reynold India,4.6,128,246,3,16,7
8335,Marvell,3.7,128,1k,13,46,9
8336,Radiant Guard Services Pvt. Ltd. - India,4.9,128,81,23,,1
8337,Sungwoo Hitech,3.9,128,639,1,,15
8338,Genus Innovation,3.6,128,587,6,,4
8339,Dar Group,3.3,128,648,10,16,15
8340,DELTA,4.1,128,1.2k,24,,10
8341,Kshema General Insurance,3.7,128,484,12,26,
8342,CLIRNet,2.6,128,486,12,18,7
8343,Randstad Digital,3.2,129,709,11,,1
8344,Spectra Technovision India,3.3,128,670,11,9,4
8345,V-Soft Consulting,3.1,128,629,22,,9
8346,Prabha Automotive Engineers,3.8,128,608,7,1,7
8347,Gojavas,4.7,127,129,,,22
8348,QO BOX,4.6,127,67,6,,10
8349,Oaknet Healthcare,3.6,127,363,6,,18
8350,Leonia Holistic Destination,3.7,127,347,3,,19
8351,A.K.AUTOMATICS,3.8,127,430,3,,12
8352,KSK Mahanadi Power Company,3.8,128,535,4,,11
8353,Technians Softech,4.0,127,226,8,31,4
8354,Ashland,4.0,127,586,3,7,13
8355,Prayagh Nutri Products,4.0,127,393,7,,8
8356,Yahoo,4.6,127,757,31,1,13
8357,Bikayi,2.8,127,347,10,,21
8358,Gigmo Solutions,3.9,127,244,8,17,4
8359,Anik Milk Products,3.6,127,358,13,26,7
8360,Abacus Staffing & Services,3.2,127,511,7,1,2
8361,Growisto,4.4,127,306,14,4,13
8362,Arihant Capital Markets,3.4,127,558,8,22,1
8363,Ocean Life Spaces,3.7,127,624,7,3,6
8364,Arrivae,3.3,127,608,11,,4
8365,Securonix,2.8,127,850,16,,10
8366,B. E. Billimoria,3.8,127,271,5,,8
8367,Anik Milk Products,3.6,127,358,13,26,7
8368,Ameriprise India,3.4,127,838,7,32,1
8369,Gigmo Solutions,3.9,127,244,8,17,4
8370,ANY Graphics,3.7,127,2.4k,27,,21
8371,IDA Automation,3.8,128,509,9,,5
8372,IVY SOFTWARE DEVELOPMENT SERVICES,3.8,127,645,19,,12
8373,CASHe,3.5,127,760,11,4,5
8374,Paras Buildtech,3.3,127,520,9,,7
8375,DavaIndia,3.6,129,379,10,,3
8376,Intelegencia,3.3,127,715,11,5,6
8377,YCH Logistics,4.0,127,515,11,,10
8378,Edge Telecom,3.5,127,447,7,1,16
8379,Auma,3.5,127,536,7,1,10
8380,42Gears Mobility Systems,4.2,127,718,15,27,11
8381,Maharashtra Natural GAS,3.4,127,815,7,,19
8382,Ice Mortgage Technology,3.4,127,948,14,,13
8383,Narayana Superspeciality Hospital,4.0,127,419,8,,8
8384,Mitel,3.6,127,1.1k,17,3,18
8385,Claritus Management Consulting,4.2,127,421,15,,40
8386,Saya homes,4.0,127,379,4,12,5
8387,Adani Road Transport,4.4,127,352,4,,1
8388,KW Group,4.0,127,509,11,,4
8389,Ata Freight Line,3.5,127,396,19,2,12
8390,Karma Ayurveda,3.8,127,386,6,,17
8391,Sberbank Branch in India,3.2,127,402,20,26,2
8392,Comau,3.6,127,517,3,2,21
8393,Gillette,4.4,127,236,3,,20
8394,Tide Water Oil,3.8,127,454,3,,8
8395,Greytrix,3.4,127,523,14,6,39
8396,RELX Group,3.6,127,598,9,6,6
8397,Gj Solutions,3.5,127,380,6,,14
8398,Enkei Wheels India,3.6,127,519,6,3,7
8399,Quba Architectural Products,4.2,127,458,7,,3
8400,IDA Automation,3.8,128,509,9,,5
8401,Securonix,2.8,127,850,16,,10
8402,CASHe,3.5,127,760,11,4,5
8403,Quba Architectural Products,4.2,127,458,7,,3
8404,Enkei Wheels India,3.6,127,519,6,3,7
8405,B. E. Billimoria,3.8,127,271,5,,8
8406,Ocean Life Spaces,3.7,127,624,7,3,6
8407,Techouts,3.8,127,748,33,5,18
8408,Wittur Elevator Components,3.7,127,693,3,1,12
8409,Priyagold Biscuits,2.7,127,331,4,,4
8410,Continental Coffee,4.1,127,428,5,,6
8411,Kiran Motors,3.6,127,473,2,6,15
8412,Sourcedesk Global,4.2,127,179,7,15,16
8413,Nxtgen Datacenter Cloud Technologies,3.5,128,760,10,3,7
8414,Press Fit Pipe And Profile,4.1,127,367,6,6,25
8415,Robinhood Insurance Broker Limited,3.8,127,498,5,17,17
8416,Chemspec Chemicals,3.6,127,644,7,2,12
8417,Real Ispat & Power,3.6,128,595,8,13,6
8418,Pride Purple Group,4.1,127,665,7,13,10
8419,Wicked Ride Adventures,4.0,126,643,1,,11
8420,BetterPlace Select,4.2,126,667,11,,17
8421,Dietech India,4.0,126,731,5,1,10
8422,Lion Services,3.7,127,513,5,13,6
8423,Scholastic,4.1,126,438,4,,18
8424,Anmol Biscuits,4.3,126,327,7,7,11
8425,Valu Connex Telecom Services Private,4.3,126,320,6,,6
8426,ICSIL,3.1,126,340,6,,9
8427,Megha Fruit Processing,3.6,126,349,9,,2
8428,Cheers Interactive,3.1,126,492,9,2,12
8429,G.S.E.C,3.3,126,389,2,,24
8430,RFCL,3.5,126,577,13,,4
8431,Walko Qsr Company,4.0,126,455,7,2,3
8432,Omega Hospitals,4.0,126,517,5,5,10
8433,Ideas 4 Transformation,3.1,126,445,5,4,3
8434,Minimalist,3.5,126,395,7,2,1
8435,Stellapps Technologies,3.8,126,902,5,2,13
8436,ABIL Group,4.3,126,478,13,3,30
8437,M3bi,4.1,126,746,9,,7
8438,Clinic Dermatech,3.1,126,422,1,9,7
8439,Sarda Metals & Alloys,4.1,126,481,11,,4
8440,RPG Group,3.7,126,843,11,,9
8441,Lot Mobiles,3.5,126,399,4,3,12
8442,Superon Schweisstechnik India,3.9,126,410,3,2,5
8443,Tilaknagar Industries Ltd.,4.1,126,389,10,1,17
8444,Siec Education,2.8,126,379,11,21,1
8445,S K Samanta & Co,3.2,126,424,9,,17
8446,Palo Alto Networks,3.8,127,1.4k,25,,5
8447,IG Infotech India,3.0,126,673,13,10,13
8448,Amwaj Catering Services,3.9,126,204,7,,22
8449,Skillventory,3.9,126,400,10,5,12
8450,Redington Gulf,3.8,126,721,9,,16
8451,Antal International,3.4,126,523,18,10,9
8452,Aries Agro,4.3,126,350,8,,15
8453,Blackstone Center of Excellence,2.5,126,764,11,,2
8454,SkilloVilla,3.8,126,239,18,8,2
8455,Indian Potash,3.6,126,425,6,,7
8456,Aurore Life Sciences,3.3,126,676,7,,4
8457,Secure Network Solutions,4.5,126,340,9,9,21
8458,Chalo,3.5,126,545,19,9,4
8459,Chargebee,3.7,126,1.2k,17,3,12
8460,NETPLUS Broadband Services,3.7,126,476,5,2,12
8461,Gram Panchayat,4.2,126,362,3,,4
8462,Ind Synergy,3.9,126,486,6,,8
8463,Smiths Detection,3.7,126,726,13,75,5
8464,Hicool Electronic Industries,4.2,126,418,13,4,4
8465,EasyRewardz Software Services,2.9,126,861,10,19,5
8466,ADM India,4.1,126,661,10,2,18
8467,Geeklurn,3.7,126,131,5,,2
8468,Choice Equity Broking,3.1,126,552,5,44,3
8469,Unique Infra Engineering India Private Limited,2.9,126,551,12,,4
8470,Datwyler Group,3.8,126,525,8,2,3
8471,MassMutual,4.0,127,1k,32,,13
8472,House of Beauty,3.7,125,182,8,,61
8473,Continuum Global Solutions,3.5,125,562,9,4,8
8474,Vkl Seasoning,3.8,125,663,3,,14
8475,Rieco Industries,3.1,125,750,7,,4
8476,Bubugao Communication,4.2,125,316,2,,7
8477,Marino Food Products,4.0,126,403,8,1,6
8478,Celebi Airport Services India,4.2,125,303,4,,2
8479,Abhijeet Group,3.9,125,532,9,,11
8480,Rieco Industries,3.1,125,750,7,,4
8481,Celebi Airport Services India,4.2,125,303,4,,2
8482,Marino Food Products,4.0,126,403,8,1,6
8483,Bubugao Communication,4.2,125,316,2,,7
8484,Ambrane India,4.2,126,390,8,6,3
8485,Indian Institute of Science Education and Research,3.7,125,514,6,,18
8486,GetMyUni,3.4,125,588,16,8,6
8487,Central Bureau of Investigation,3.7,125,310,4,,19
8488,Kimia Biosciences Limited,3.6,125,567,8,8,3
8489,Marquistech,3.8,125,722,8,,8
8490,Ashok Iron Group,3.8,125,624,7,,3
8491,Rajagiri Hospital,4.1,125,466,5,32,9
8492,Sarita Handa Exports,3.6,125,593,7,1,6
8493,Bizbox Publishing,2.8,125,366,11,3,6
8494,Emonics,3.5,125,611,10,,4
8495,LNJ Bhilwara Group,3.8,125,399,7,,9
8496,Express KCS,3.6,125,497,12,18,16
8497,Jain Housing & Constructions,4.2,125,415,12,15,7
8498,Insurance Company,4.1,126,1.7k,7,2,5
8499,Commerce Pundit,4.2,125,594,15,6,14
8500,Central Bureau of Investigation,3.7,125,310,4,,19
8501,GetMyUni,3.4,125,588,16,8,6
8502,LNJ Bhilwara Group,3.8,125,399,7,,9
8503,Insurance Company,4.1,126,1.7k,7,2,5
8504,Express KCS,3.6,125,497,12,18,16
8505,Kimia Biosciences Limited,3.6,125,567,8,8,3
8506,Commerce Pundit,4.2,125,594,15,6,14
8507,Jain Housing & Constructions,4.2,125,415,12,15,7
8508,Elancer It Solutions,3.4,125,700,7,,3
8509,Andhra Pradesh Grama/Ward Sachivalayam,4.0,125,283,4,,4
8510,Emonics,3.5,125,611,10,,4
8511,Rajagiri Hospital,4.1,125,466,5,32,9
8512,Sarita Handa Exports,3.6,125,593,7,1,6
8513,Bizbox Publishing,2.8,125,366,11,3,6
8514,Believe Cosmetics,3.2,125,428,13,,5
8515,Hitachi MGRM Net,3.3,125,309,15,,40
8516,PPS International,3.7,125,723,10,4,5
8517,Marquistech,3.8,125,722,8,,8
8518,Sahara India Financial Corporation,4.0,125,359,,,15
8519,Mittsure Technologies,2.9,125,432,6,9,3
8520,Mittsure Technologies,2.9,125,432,6,9,3
8521,Vishakha Glass,4.0,125,438,12,,1
8522,P&R Infraprojects,3.8,125,340,3,3,8
8523,Idom,4.2,125,483,13,1,7
8524,Sinclus Engineering Consulting,4.2,125,511,11,,6
8525,AIT Global,3.5,125,777,13,10,7
8526,Dentcare Dental Lab,3.8,125,446,11,3,11
8527,Sanathan Textiles,4.0,125,640,6,2,6
8528,Virtusa Software Solutions,3.7,125,1.1k,6,,1
8529,IndiGrid,4.2,126,569,14,1,5
8530,A.P.Securitas,4.3,125,407,5,,6
8531,Nesto Hypermarket,3.8,125,349,11,,7
8532,Garuda Aerospace,3.4,125,254,14,,15
8533,Life Care Logistic,3.4,125,518,8,2,6
8534,Accumax,4.0,125,806,5,8,6
8535,Great Champ Technology Limited,2.9,124,561,5,1,9
8536,Suhail Bahwan Automobiles,4.3,124,289,3,,21
8537,Inorbvict Healthcare,4.3,124,60,11,3,8
8538,Gromax Agri Equipment,3.8,124,460,7,,10
8539,Paytm Mall,3.6,124,905,7,,17
8540,Cxc Infotech,3.3,124,601,6,1,13
8541,31 Parallel,2.0,124,279,6,,3
8542,InnoEye Technologies,3.1,124,524,6,,11
8543,Paytm Mall,3.6,124,905,7,,17
8544,Gromax Agri Equipment,3.8,124,460,7,,10
8545,Telegence Powercomm,3.4,124,346,8,,7
8546,Floating Numbers Digital Solutions,3.2,124,288,7,,28
8547,PCS-Global,3.2,125,311,18,,7
8548,Rockwell Industries,3.7,124,516,13,2,8
8549,TechNova Imaging Systems,4.1,124,710,9,,15
8550,Navi Finserv,3.3,124,443,13,,4
8551,Welcomhotel By ITC Hotels,4.3,124,221,6,,2
8552,Nectar Infotel Solutions,2.8,124,380,10,2,1
8553,CriticaLog India Private Limited,4.2,124,518,7,2,8
8554,Pan Seeds,3.7,124,359,14,4,12
8555,Ghaziabad Precision Products,3.4,124,512,7,,4
8556,Regus,3.0,125,452,5,4,18
8557,ESIC Medical College and Hospital,3.9,124,608,5,,4
8558,ARDEE INDUSTRIES LIMITED,4.0,124,265,25,17,1
8559,Hitachi Solutions,3.8,124,1.1k,4,76,13
8560,Lineomatic Industries Pvt. Ltd.,3.6,124,542,10,3,18
8561,AXA,3.9,124,768,16,,9
8562,Kion India,3.7,124,791,13,,7
8563,Modern Informatics,3.6,124,503,9,,6
8564,Bansal Group,3.5,124,724,8,,5
8565,Uk Realty,3.8,124,280,23,7,2
8566,TripFactory,2.3,125,465,16,12,7
8567,Gates Unitta India Company,3.9,124,608,10,,14
8568,Mas Rural Housing Mortgage Finance,4.1,124,305,4,14,5
8569,MK TRON Autoparts,3.4,124,633,10,,5
8570,Planet EDU,3.4,124,400,12,,7
8571,Aapna Infotech,4.4,124,352,16,8,2
8572,Multitex Filtration Engineers,3.5,124,579,6,,5
8573,Flexsin Technologies,3.0,124,844,16,66,9
8574,iPlace,3.6,124,586,4,,9
8575,Dsm Shared Services India,4.0,124,488,2,19,18
8576,Q Connect Corp,3.6,125,238,12,,1
8577,Delhi Public School Ghaziabad Society,3.2,124,526,11,9,9
8578,The George Telegraph Training Institute,3.0,124,357,9,,7
8579,Apex Kidney Care,3.9,126,392,9,15,6
8580,Neo Metaliks,3.6,124,509,7,,7
8581,Perennial Systems,4.1,124,591,24,5,8
8582,SVP Hospital,3.9,124,433,7,,7
8583,OCS Services,4.4,124,545,6,3,10
8584,INFAC,3.7,124,530,4,,9
8585,Alexis Global,3.7,125,445,8,,3
8586,Zopsmart Technology,3.2,124,1.1k,55,2,13
8587,DQ Entertainment,3.3,123,297,1,,13
8588,Smarter BIZ Technologies,3.2,123,317,14,,12
8589,GO MO Group AB,4.0,123,198,8,1,34
8590,Futures Group,4.6,123,727,2,,16
8591,Mahindra Agri Solutions,3.8,123,387,5,,17
8592,AstraGen,3.7,123,345,16,1,8
8593,MAJID AL FUTTAIM RETAIL,3.5,123,528,10,3,10
8594,Object Frontier Software,3.8,123,1.3k,7,,18
8595,Srinivasa Farms,3.7,123,539,8,4,14
8596,Medgulf Construction Company,3.6,123,266,7,,7
8597,Sud Chemie,4.5,123,544,5,,16
8598,Zieta Technologies,3.3,123,644,6,,9
8599,Fairmont Hotels & Resorts,3.7,123,329,8,2,15
8600,CORNITOS,4.2,123,411,14,15,8
8601,BL Lifesciences,3.1,123,453,9,,9
8602,Paharpur 3P,4.2,123,504,9,5,10
8603,Golden Tulip Hotels,3.4,123,422,7,,15
8604,Cartrade.com,3.8,123,467,12,,7
8605,Indiana Gratings,3.5,123,450,7,19,34
8606,ESRI India Technologies,4.0,123,624,8,14,6
8607,Ruban Memorial Hospital,3.9,123,342,12,3,16
8608,ARTEMIS HEALTH CARE,4.3,123,372,1,,5
8609,Zieta Technologies,3.3,123,644,6,,9
8610,Volansys Technologies,3.1,123,1.1k,14,10,9
8611,PGEIN,3.4,123,208,5,,57
8612,Vandhana International,3.6,123,487,18,4,8
8613,Eaton Industrial Systems,4.5,124,408,5,,19
8614,Medgulf Construction Company,3.6,123,266,7,,7
8615,Sud Chemie,4.5,123,544,5,,16
8616,Vi-son Industries,3.6,123,498,3,9,4
8617,Oxalis Pharmaceuticals,3.8,123,510,5,,9
8618,Indwell,3.5,123,448,9,,11
8619,Rare Rabbit,3.4,123,415,7,,6
8620,CORNITOS,4.2,123,411,14,15,8
8621,Bar Code India,3.5,123,772,10,8,9
8622,Cerence,3.1,123,891,18,3,11
8623,Cartrade.com,3.8,123,467,12,,7
8624,BL Lifesciences,3.1,123,453,9,,9
8625,Paharpur 3P,4.2,123,504,9,5,10
8626,Golden Tulip Hotels,3.4,123,422,7,,15
8627,Rare Rabbit,3.4,123,415,7,,6
8628,Odisha Power Transmission Corporation,4.2,123,200,7,,9
8629,Oxalis Pharmaceuticals,3.8,123,510,5,,9
8630,Indwell,3.5,123,448,9,,11
8631,Indiana Gratings,3.5,123,450,7,19,34
8632,Vi-son Industries,3.6,123,498,3,9,4
8633,ARTEMIS HEALTH CARE,4.3,123,372,1,,5
8634,Hester Biosciences,3.5,123,542,6,8,7
8635,Ruban Memorial Hospital,3.9,123,342,12,3,16
8636,Ptc Industries,3.5,123,535,14,5,9
8637,R.k.industries,3.6,123,643,2,,5
8638,Volansys Technologies,3.1,123,1.1k,14,10,9
8639,PGEIN,3.4,123,208,5,,57
8640,Eaton Industrial Systems,4.5,124,408,5,,19
8641,Vandhana International,3.6,123,487,18,4,8
8642,Encalm Hospitality,4.0,125,464,15,12,1
8643,Korn Ferry,3.1,123,854,16,7,4
8644,Xerago,3.1,123,790,11,68,2
8645,ESRI India Technologies,4.0,123,624,8,14,6
8646,Axtel Industries,3.9,123,607,9,,13
8647,GlobeGround India,3.5,123,394,8,1,11
8648,20 Microns,4.1,123,506,6,26,13
8649,Shalimar Group,4.0,123,656,3,2,5
8650,Autobahn Trucking Corporation,4.1,123,512,14,57,1
8651,Nuvama Wealth Management,3.5,123,496,11,,1
8652,QR Crypher,4.2,123,9,2,,1
8653,Rashi Peripherals,3.6,123,483,6,,10
8654,Inadev,3.1,124,472,9,9,26
8655,Visit Health,3.0,123,604,12,30,1
8656,Blue Jet Healthcare,3.9,124,812,9,,2
8657,AL JABER GROUP,3.7,123,239,6,,18
8658,INFOCRUNCH ANALYTICS,3.3,123,355,9,1,10
8659,Wishup,4.0,123,436,29,32,8
8660,Autobahn Trucking Corporation,4.1,123,512,14,57,1
8661,Nuvama Wealth Management,3.5,123,496,11,,1
8662,Paladion Networks,3.7,122,681,6,,16
8663,Supriya Lifescience,3.8,122,608,9,16,4
8664,Verificient Technologies,3.2,122,659,16,32,9
8665,Alstrong Enterprises,4.2,122,447,6,1,16
8666,Udaan Technologies,3.9,122,552,6,7,12
8667,Hellmann Worldwide Logistics,3.9,122,457,4,,11
8668,INTERPLEX,4.2,122,667,7,,11
8669,Suzlon Gujarat Wind Park,4.6,122,329,9,,25
8670,Be10X,4.3,122,116,11,,
8671,Midco,3.5,122,205,,,17
8672,PAVIT CERAMICS ( P),3.3,122,349,5,,8
8673,Site Engineering,4.2,122,1k,8,,9
8674,Oriental Consultants India Pvt Ltd,4.0,122,179,1,,2
8675,Cello,3.6,122,456,5,,9
8676,Indira Gandhi National Open University,4.2,122,285,4,,9
8677,Unify Facility Management,4.0,122,381,7,,7
8678,Central ParK,4.0,122,551,5,,7
8679,Hipad Technology India,4.0,122,400,3,,20
8680,Manali Petrochemicals,3.4,122,833,13,1,13
8681,Radiant Enterprise,3.6,122,385,3,3,16
8682,Fia Technology Services,3.6,122,429,13,5,6
8683,Swarovski India,3.9,122,438,7,18,14
8684,SAN Engineering & Locomotive,4.0,122,572,6,,13
8685,Nethues Technologies,3.3,122,743,10,9,6
8686,GLOBALFOUNDRIES,3.3,122,891,18,100,10
8687,Jupiter Money,2.6,122,909,33,,4
8688,Holcim Global Hub Business Services,4.1,122,267,13,8,1
8689,Sai Construction,3.3,122,618,8,5,3
8690,Mahalakshmi Profiles,3.5,122,430,11,3,5
8691,Cybertech Systems & Software,3.4,122,885,9,14,11
8692,Electronica,4.5,122,224,5,,
8693,Oremus Corporate Services,3.6,122,605,7,9,8
8694,Enrich Agro Food Products,3.7,122,557,8,,9
8695,Oorja Technical Services,3.5,122,436,7,,11
8696,Shri Ram ComSoft Pvt Ltd - SRCOMSOFT,3.1,122,347,7,,
8697,Inspace Technologies,4.0,122,644,5,,5
8698,Valmont Structures,3.0,122,679,19,,7
8699,Amplifon,4.0,122,397,8,,11
8700,PearVisa Immigration Services,4.2,122,125,,,45
8701,Jindal Water Infrastructure,4.0,122,417,10,,10
8702,Rds Project,3.3,122,526,5,,12
8703,TQ Cert Services,3.7,122,263,10,2,1
8704,Bounce,3.2,122,811,6,,12
8705,Nikon,4.1,122,448,6,3,14
8706,Pune Institute of Business Management,2.9,122,470,8,9,10
8707,WebMD,3.4,123,1.3k,26,8,10
8708,DANA Graziano India,4.1,123,492,10,,11
8709,Bijlipay,3.5,122,441,6,5,7
8710,Eco Protection Engineers,4.2,122,517,11,,9
8711,Jayabheri Automotives,3.8,122,372,4,12,8
8712,Smart IMS,3.9,122,747,28,13,5
8713,Junomoneta Finsol,2.8,122,459,9,,1
8714,Baker Gauges,3.7,122,648,4,,8
8715,Equinix,3.2,123,734,9,53,1
8716,API Holdings,3.7,122,449,7,,2
8717,Defsys Solutions,3.7,123,635,8,3,14
8718,Hindustan Shipyard,4.1,122,388,12,,6
8719,Indian Synthetic Rubber,4.0,122,545,5,2,22
8720,Mantle Solutions,3.3,122,687,8,11,4
8721,Multi Organics,3.0,122,562,11,3,15
8722,Mochiko Shoes,3.6,122,404,3,,3
8723,Perpetuuiti Technosoft Services,3.8,122,807,14,,16
8724,MGM Healthcare,3.9,122,721,11,,3
8725,Winman Software,4.0,124,396,32,3,13
8726,Publicis Global Delivery,4.0,122,952,18,,2
8727,Frog CellSat,3.8,122,445,11,3,9
8728,Almonds Ai,4.5,122,124,12,30,2
8729,Bigshare Services,2.9,123,236,51,6,11
8730,Consolidated Analytics,4.0,122,426,19,,2
8731,Guardian Healthcare Services,4.0,122,491,6,,14
8732,ATPI,3.7,122,826,7,10,11
8733,SKDRDP,4.2,122,188,9,,12
8734,Lloyds Engineering Works Limited,4.2,122,490,9,18,8
8735,Kewaunee Labway,4.2,122,637,4,,14
8736,GIC Housing Finance,3.6,122,605,10,1,7
8737,Mylab Discovery Solutions,3.0,122,522,13,,8
8738,inTarvo Technologies,4.4,121,344,1,,16
8739,Brindavan Bottlers,3.1,121,405,1,,9
8740,inTarvo Technologies,4.4,121,344,1,,16
8741,Rentokil Initial,3.5,121,516,9,2,13
8742,Brindavan Bottlers,3.1,121,405,1,,9
8743,Twin Health,3.0,121,535,9,17,12
8744,Jain Amar,3.0,121,395,7,11,6
8745,Ftcash,3.9,122,537,8,,10
8746,spocto Solutions,3.6,121,542,6,6,4
8747,Infrabeat Technologies,3.9,121,885,7,16,10
8748,Keya Foods International Private Limited,4.0,121,370,3,3,12
8749,Funskool India,4.0,121,655,6,,6
8750,Njs Engineers India,4.2,121,501,5,,9
8751,Aryan International,3.2,121,594,4,,3
8752,Viaante Business Solutions,3.1,121,514,11,,8
8753,Vhb Medi Sciences,3.3,121,523,7,,6
8754,Linamar,3.6,121,632,7,,4
8755,Schiller Healthcare India,3.7,121,462,8,4,8
8756,Dasnac,4.6,121,240,13,,2
8757,FBSPL- Fusion Business Solution P Limited,3.4,121,582,18,8,4
8758,Numero Uno Clothing,4.0,121,426,8,,9
8759,Hubert Enviro Care Systems,2.9,121,691,9,17,3
8760,Express Housekeeper,3.8,121,369,3,,11
8761,Vivekananda Hospital,3.7,121,457,6,1,9
8762,DEC Property Management,4.1,121,438,9,11,7
8763,KTM,3.8,121,363,3,,5
8764,Mac Chem Products,3.2,121,545,7,3,7
8765,JBF Industries,3.6,121,584,7,,15
8766,Synergy Systems & Solutions,3.9,121,635,15,,8
8767,Isgec Hitachi Zosen,3.6,121,526,7,,8
8768,Digiperform,3.7,121,328,9,3,3
8769,Amco Batteries,4.4,121,402,5,,24
8770,Patanjali Parivahan,3.6,121,457,9,,3
8771,Chemtrols Industries,3.3,121,415,3,2,13
8772,Anna University,4.0,121,648,12,,12
8773,Openview Technologies,3.1,121,599,10,4,6
8774,Microscan Infocommtech,4.1,121,418,9,1,4
8775,Lectrix Ev,3.6,121,472,15,,1
8776,Yes Madam,4.4,121,232,38,11,1
8777,Galacon Infrastructure and Projects,3.3,122,252,8,,4
8778,NU Hospitals,3.9,122,340,9,14,11
8779,Provab Technosoft,2.9,121,654,2,8,3
8780,Tranistics Data Technologies,3.3,121,521,5,5,10
8781,Dulux,4.1,122,316,4,,6
8782,WonderBotz,4.0,121,255,5,15,5
8783,Genus Electrotech,3.2,121,513,4,5,13
8784,The Web Plant,3.1,121,310,8,,36
8785,Constantia Flexibles,3.9,121,541,5,,21
8786,Mtandt,3.8,121,594,6,13,15
8787,Dembla Valves,3.7,121,546,9,4,4
8788,SATTRIX Information Security,3.0,121,477,14,,10
8789,Springworks,4.5,121,288,23,,42
8790,Vishnu Solutions,3.7,121,333,6,,6
8791,Moolya Software Testing,3.3,121,856,25,17,19
8792,Bharat Cooperative Bank,4.2,121,663,7,3,5
8793,SBM Offshore,4.2,121,598,15,73,6
8794,Finolex Plasson Industries,4.0,121,382,4,,6
8795,Captain Tractors,4.2,121,482,9,13,7
8796,Mangalam Information Technolgies,3.2,121,452,7,8,5
8797,Duroply Industries,4.0,121,502,14,1,9
8798,Gandour India Food Processing,4.2,121,419,5,,11
8799,Seeds Fincap,3.5,122,374,6,,3
8800,Merck Specialities,4.1,121,471,6,,7
8801,Spl Infrastructure,4.1,121,614,4,13,10
8802,ABS India,3.7,121,1.2k,12,3,4
8803,Krishna Enterprises,4.0,121,827,8,2,8
8804,SA Technologies,3.3,121,974,13,,6
8805,Integrated Cleanroom Technologies,4.1,121,488,1,3,13
8806,Duroply Industries,4.0,121,502,14,1,9
8807,My Engineering Buddy,4.7,121,5,9,,1
8808,Seeds Fincap,3.5,122,374,6,,3
8809,Entra Solutions,3.4,121,524,11,6,17
8810,Phreesia,2.5,121,508,11,1,
8811,Turner & Townsend,3.8,121,941,10,34,6
8812,Sfj Business Solutions,2.8,121,508,10,1,3
8813,Edvoy,4.1,121,250,4,1,59
8814,Nestor Pharmaceuticals,3.0,121,413,8,,4
8815,Sangam Dairy,4.2,121,402,10,,3
8816,Fourth Dimension Technologies,3.6,121,839,13,13,7
8817,TSR Darashaw,3.3,120,471,7,1,5
8818,Government Of Tamilnadu,3.8,120,544,3,,9
8819,Bansal Wire Industries,3.5,120,534,8,,5
8820,R-pac,3.5,120,589,9,1,9
8821,Comed Chemicals,3.6,120,443,12,,6
8822,LIC Mutual Fund,3.5,120,575,7,8,12
8823,Dhanlaxmi Bank,4.3,120,471,1,,5
8824,Vertex Global Services,4.4,120,181,14,,1
8825,iB Hubs,4.1,120,217,6,,74
8826,iLabz Technology,3.1,120,756,7,,8
8827,SIMA Labs,4.1,120,492,5,,6
8828,Facile Services,2.9,120,609,14,5,11
8829,Magnum Mi Steel,3.8,120,416,7,,2
8830,Shree Malani Foams,3.7,120,550,9,1,7
8831,C H Robinson Worldwide Freight,3.5,120,635,9,1,5
8832,Freshers Universe,4.3,120,622,20,,6
8833,S10 Healthcare Solutions,3.7,120,309,7,,14
8834,Godrej Housing Finance,3.6,120,711,5,,4
8835,LC Infra Projects,3.9,120,371,11,,3
8836,Hombale Constructions and Estates,4.6,120,447,2,2,24
8837,BeeperMD,3.7,120,142,25,,3
8838,Emtec,4.1,121,905,14,,21
8839,Chinmaya Vidyalaya,4.1,120,356,3,2,6
8840,Tata Motors Insurance Broking And Advisory Services,4.0,120,368,6,,13
8841,Hager Electro,2.9,120,420,7,7,5
8842,Nuvento Systems,3.3,120,665,12,9,4
8843,Dai Ichi,4.1,120,508,4,,6
8844,Bioworld Merchandising,3.4,120,634,2,4,9
8845,Celebrity Cruises,4.1,120,143,4,,9
8846,EasyBuy Lifestyle,3.8,120,387,4,,8
8847,Dhanlaxmi Bank,4.3,120,471,1,,5
8848,C H Robinson Worldwide Freight,3.5,120,635,9,1,5
8849,Freshers Universe,4.3,120,622,20,,6
8850,Hombale Constructions and Estates,4.6,120,447,2,2,24
8851,BeeperMD,3.7,120,142,25,,3
8852,Godrej Housing Finance,3.6,120,711,5,,4
8853,S10 Healthcare Solutions,3.7,120,309,7,,14
8854,LC Infra Projects,3.9,120,371,11,,3
8855,Nissin Abc Logistics,4.0,120,437,5,2,15
8856,GadgEon,4.0,121,1.2k,12,19,1
8857,Computer Junction,3.8,120,452,5,1,7
8858,Nimap Infotech,3.4,120,554,33,,13
8859,HP ADHESIVES,4.1,120,458,7,1,4
8860,IIDE - The Digital School,3.9,121,257,24,43,2
8861,Nuvento Systems,3.3,120,665,12,9,4
8862,Sonepar,4.0,120,574,5,3,8
8863,Petronet LNG,4.6,120,618,9,,13
8864,Integral University,3.6,120,361,3,,8
8865,Dhanuka Laboratories,3.7,120,508,7,,4
8866,INVENTIVE SOFTWARE SOLUTIONS,3.8,121,399,9,235,4
8867,AVON TUBETECH,3.4,120,455,14,,8
8868,House of Hiranandani,4.6,121,535,6,30,11
8869,Seneca Global IT Services,4.1,120,855,10,19,10
8870,Aqua Tech Systems,4.2,120,650,6,7,5
8871,REVA University,4.0,120,547,10,51,8
8872,La opala rg,3.7,120,446,5,,8
8873,ElringKlinger AG,3.7,120,574,3,1,12
8874,Hager Electro,2.9,120,420,7,7,5
8875,Tata Motors Insurance Broking And Advisory Services,4.0,120,368,6,,13
8876,Eastman Cast & Forge,2.5,120,468,7,,5
8877,Novigo Solutions,3.8,120,1.2k,19,,3
8878,Abs Fujitsu General,3.8,120,600,8,2,2
8879,Swami Rama Himalayan University,3.9,120,349,6,2,11
8880,Ganga Medical Centre & Hospitals,4.2,120,430,9,,6
8881,ADNH Compass,4.2,120,149,10,,24
8882,Abs Fujitsu General,3.8,120,600,8,2,2
8883,Swami Rama Himalayan University,3.9,120,349,6,2,11
8884,Aditya Vision,4.2,120,294,7,12,3
8885,Channel Soft,3.7,120,615,9,,5
8886,Revv,3.8,119,522,6,,13
8887,Religare Housing Development Finance Corporation,4.2,119,307,2,1,9
8888,Gesco Healthcare,2.5,119,595,10,5,8
8889,GREEN POWER INTERNATIONAL,4.2,119,401,7,1,12
8890,Enerrgia Skyi Developers,4.3,120,369,18,,4
8891,Prabha Industries,3.9,119,597,8,,6
8892,M G Contractors,4.5,119,400,4,,13
8893,Tekshapers Software Solutions,3.3,119,723,8,7,6
8894,Chumbak Design,3.4,119,454,7,,9
8895,ACS Group,3.4,119,706,15,,29
8896,Rolex Rings,3.6,119,525,4,14,13
8897,Storia Foods,3.9,119,459,11,,7
8898,Foodhub,3.6,119,591,15,,12
8899,Dr. Rela Institute & Medical Centre,4.2,119,610,7,6,9
8900,"MAYBRIGHT VENTURES PRIVATE LIMITED, Kolkata",3.4,119,456,9,,12
8901,Altos Global Services,3.7,119,335,9,4,25
8902,NDS InfoServ,3.4,119,330,12,3,5
8903,SDNA Global,3.7,119,242,7,7,37
8904,Storia Foods,3.9,119,459,11,,7
8905,Everest Vacuum,3.5,119,542,4,31,11
8906,Gm Infinite Dwelling,3.0,119,433,3,1,7
8907,Rolex Rings,3.6,119,525,4,14,13
8908,Polmon Instruments,3.7,119,453,7,3,9
8909,NEXA Service,4.2,120,457,4,,5
8910,Local Company,3.9,119,2.1k,12,,7
8911,Affordable Robotic and Automation,2.8,119,598,3,1,7
8912,S R Enterprises,4.1,119,627,5,,8
8913,Eidiko Systems Integrators,3.5,119,771,19,4,7
8914,Josh Software,3.0,119,987,20,4,7
8915,AFour Technologies,3.6,119,1.3k,13,6,11
8916,JS Auto Cast Foundry,3.8,120,659,8,,7
8917,TTK Services,3.4,119,611,4,20,14
8918,Texport Syndicate India,3.7,119,472,3,3,8
8919,Saboo RKS Motor,4.0,119,412,7,,8
8920,Gm Infinite Dwelling,3.0,119,433,3,1,7
8921,SDNA Global,3.7,119,242,7,7,37
8922,Everest Vacuum,3.5,119,542,4,31,11
8923,NEXA Service,4.2,120,457,4,,5
8924,Polmon Instruments,3.7,119,453,7,3,9
8925,Biomatrix Healthcare,3.7,119,506,13,2,8
8926,Local Company,3.9,119,2.1k,12,,7
8927,Affordable Robotic and Automation,2.8,119,598,3,1,7
8928,S R Enterprises,4.1,119,627,5,,8
8929,TechStar Group,3.5,119,901,10,26,13
8930,Eidiko Systems Integrators,3.5,119,771,19,4,7
8931,ATS Services,3.8,119,435,11,4,11
8932,Porus Laboratories,4.3,119,637,8,,5
8933,Akrivia Automation,4.1,120,536,5,1,6
8934,Manipal Global Education Services,3.6,119,875,3,,14
8935,Decision Minds,3.5,119,582,7,2,5
8936,Saboo RKS Motor,4.0,119,412,7,,8
8937,SOLITAIRE GROUP,3.6,119,615,5,,4
8938,Trimed Solutions India,3.6,119,287,7,10,16
8939,NJ Group,3.5,119,448,14,,3
8940,AachiGroup,3.8,119,561,3,,3
8941,Hi-Tech Arai,3.8,119,494,3,,12
8942,Information Evolution,3.4,119,651,9,,2
8943,Jai Raj Ispat,3.6,120,413,13,,2
8944,Marc Laboratories,3.5,119,363,4,2,8
8945,Emblix Solutions,4.6,119,106,4,5,39
8946,Devon Software Services,3.9,119,598,15,7,10
8947,BML Munjal University,4.0,119,399,4,5,10
8948,Cococart Ventures,3.5,119,286,7,11,3
8949,Caterpillar Signs,3.1,119,511,5,16,3
8950,Nagravision,3.6,119,824,18,,12
8951,TVS Next,3.4,119,1.1k,11,13,11
8952,Tricon Infotech,3.5,119,1.4k,19,5,4
8953,SJS Enterprises,3.8,119,606,11,,6
8954,Beroe Inc,4.3,119,594,11,6,14
8955,Maxvalue Credits & Investments,3.9,119,577,9,4,7
8956,Indovance Inc,2.9,119,477,20,,8
8957,Ksk Energy Ventures,4.5,119,390,5,2,18
8958,KG Invicta Services,3.0,121,514,16,7,1
8959,NCL Veka,4.0,119,457,7,3,10
8960,CreditVidya,3.7,119,620,10,2,3
8961,Esyasoft,4.3,119,224,35,,
8962,Garrett - Advancing Motion,3.3,119,816,14,19,8
8963,Bharatiya Vidya Bhavan,4.0,119,294,2,,17
8964,Tokai Rika Minda,3.6,119,476,8,,10
8965,KG Invicta Services,3.0,121,514,16,7,1
8966,Ksk Energy Ventures,4.5,119,390,5,2,18
8967,Indovance Inc,2.9,119,477,20,,8
8968,Sher-I-Kashmir Institute of Medical Sciences,4.2,119,247,4,,2
8969,Food Service India,4.0,119,690,4,,8
8970,Elysium Pharmaceuticals,3.4,119,488,3,1,3
8971,Platinum One,3.6,119,452,8,1,11
8972,Maire Tecnimont,4.0,119,552,10,,12
8973,MENTORS EDUSERV,3.1,119,322,4,,2
8974,Coastal Projects,3.9,118,292,6,,22
8975,Ujaas Energy,3.4,118,315,2,,9
8976,The Heritage School,3.8,118,355,13,,15
8977,Oxigen Services,4.1,118,410,3,,20
8978,TeamLease Staffing Solutions,3.3,118,930,8,,16
8979,Vectone Mobile,1.8,118,563,12,6,43
8980,Oxigen Services,4.1,118,410,3,,20
8981,TeamLease Staffing Solutions,3.3,118,930,8,,16
8982,Vector India,4.1,118,448,6,,5
8983,Ambit Collective,3.8,118,226,15,,31
8984,Global Market Insights,2.8,118,548,10,80,14
8985,Dr. D.Y.Patil Hospital & Research Centre,3.8,118,503,7,,8
8986,Maharashtra Rail Infrastructure Development Corporation,3.8,118,598,15,4,5
8987,MotivityLabs,3.1,118,981,13,53,1
8988,DAS Offshore Engineering,3.7,118,520,5,6,10
8989,BACS HITECH ENGINEERING,3.2,119,178,9,,42
8990,Tupperware,3.6,118,520,6,,14
8991,TAM Media Research,4.0,118,372,4,3,15
8992,Deqode,3.4,118,901,19,44,16
8993,Yamaha Motors Solutions,3.1,118,668,17,55,17
8994,Reliable Spaces,2.5,118,413,11,,5
8995,AutomationEdge,2.7,119,917,17,24,4
8996,BAPS Shastriji Maharaj Hospital,4.4,118,123,,1,1
8997,Mawai Infotech,3.2,118,580,10,4,11
8998,Jaypee Infratech,3.9,118,470,12,1,7
8999,Adnet Global,2.9,118,519,4,5,2
9000,Tecosim Engineering Services,3.4,118,559,18,,15
9001,DH Healthcare Software Services India Private Limited (Dedalus),3.4,118,1k,14,,3
9002,Pratian Technologies,2.4,118,565,9,,7
9003,Kalburgi Cement,3.5,118,408,4,,11
9004,Shore Infotech India,2.9,118,768,7,,10
9005,HIREXA SOLUTIONS,4.0,118,472,18,,2
9006,Pace IIT & Medical,3.2,118,455,5,,8
9007,Kyocera Document Solutions India,3.2,120,541,9,,10
9008,SDG Software,3.7,118,572,10,13,15
9009,Yuto Printing and Packaging,3.4,118,692,19,1,11
9010,Getronics,4.3,118,852,7,13,16
9011,The India Thermit Corporation,3.7,118,496,10,,9
9012,Cogeme Precision Parts,3.9,118,489,2,,12
9013,CamelQ Software Solutions,4.3,118,79,51,,
9014,INDI IT SOLUTIONS,4.6,118,95,2,9,2
9015,Sicagen,3.8,118,425,6,1,9
9016,Auriga Research,2.8,118,564,8,12,10
9017,Renishaw Metrology Systems Limited,4.0,118,605,12,6,12
9018,ShipBob,3.9,118,371,28,13,2
9019,GEEBEE Education,2.8,118,448,8,11,3
9020,Shreeja Mahila Milk Producer Company,4.3,118,294,6,,17
9021,AlgoLeap Technologies,4.4,119,372,25,164,4
9022,Quarks Technosoft,3.5,118,545,18,227,5
9023,Choice International,3.3,118,862,11,1,5
9024,Aza Fashions,3.7,118,638,25,,2
9025,Acme Industries,4.0,117,275,6,,4
9026,Saija Finance,4.5,117,321,2,,13
9027,Vsun Mobile,3.7,117,237,2,,26
9028,Dream India Schools,3.6,117,251,7,,15
9029,Radiant Polymers,4.0,117,531,7,,11
9030,EMDAD LLC,4.2,117,298,12,,13
9031,Foodlink F&B Holdings,4.0,117,546,5,16,25
9032,Namaste Credit,3.2,117,582,10,,12
9033,Ador Powertron,3.7,117,460,9,,6
9034,Railrestro.com,4.6,117,52,8,,30
9035,IMCS Group.,3.4,117,425,10,,11
9036,Municipal Corporation of Greater Mumbai,3.5,117,474,4,,14
9037,Seeh Al Sarya Engineering,3.7,117,404,1,,4
9038,Forever 21,3.7,117,241,2,,11
9039,Fotografik Enterprises,3.5,117,356,5,,8
9040,Saraswati Vidya Mandir,3.9,119,348,4,4,11
9041,Funfirst Global Skillers,4.2,117,254,4,9,6
9042,Ufi Filters,3.9,117,626,10,1,9
9043,Customer Analytics,4.0,117,921,8,,16
9044,Gini & Jony,3.1,117,430,6,,13
9045,Adamas University,3.0,117,430,13,,7
9046,STEM Learning,3.9,117,266,25,,7
9047,ADS Spirits,4.5,117,494,7,1,9
9048,Veena world,3.9,117,482,1,41,16
9049,Go-Jek,3.7,117,1.2k,31,32,8
9050,Wockhardt Biotech Park,3.7,117,375,7,,11
9051,Chetana Publications,3.0,117,347,1,1,14
9052,Apeejay Surrendra Group,3.6,118,553,1,6,10
9053,Maharishi Ayurveda Products,3.8,117,419,3,8,2
9054,Cybernetik Technologies,4.0,117,605,6,,11
9055,Starion India,3.7,117,499,7,,8
9056,Honeywell Building Solutions,3.7,117,759,6,,5
9057,Accuster Technologies,2.4,117,352,10,1,28
9058,Intact Green Services,3.1,117,964,16,2,9
9059,NGRT Systems Private Limited,3.4,117,322,9,13,6
9060,Simeio Solutions,3.7,117,844,8,21,12
9061,Zeus Learning,2.9,117,751,38,1,8
9062,LS Cable,4.5,117,495,7,,18
9063,Sigma Corporation India,3.9,117,678,7,,12
9064,Nelson Global Products,3.6,118,588,12,,11
9065,Brahmaputra Cracker and Polymer,4.4,117,652,4,,7
9066,Ministry of Rural Development India,3.7,117,498,6,,12
9067,Mahatma Gandhi Medical College & Hospital,3.9,117,435,7,,10
9068,FirstMeridian Business Services,3.7,117,724,5,,1
9069,ProProfs,3.9,117,518,7,12,8
9070,Xtranet Technologies,2.9,117,784,11,5,5
9071,Covenant Consultants,4.1,117,641,10,,10
9072,Keywords Studios,2.9,117,623,24,46,4
9073,Performics,3.6,117,822,10,,8
9074,Br.CAT International,3.7,117,191,13,,12
9075,R M Chemicals,3.5,117,434,13,,17
9076,Waah Jobs,4.2,117,451,7,,16
9077,Epicu Agro Products,3.2,117,416,5,,3
9078,Kajaria Bathware,4.1,117,395,6,,8
9079,ABB GISL,4.1,117,789,10,,24
9080,GGK Technologies,3.8,116,868,3,,29
9081,HP Global e-Business Operations,4.3,116,504,9,,19
9082,Next Move Strategy Consulting,4.8,116,17,31,,15
9083,Logicash,3.7,116,305,1,,13
9084,Jaya Shree Textiles,3.9,116,261,10,,12
9085,Alchemist Hospital,4.2,116,383,2,4,20
9086,Repos Energy,3.2,116,547,11,1,3
9087,FR8,4.0,116,476,14,,2
9088,Government of Madhya Pradesh,3.8,116,480,2,,8
9089,HirePro Consulting,3.6,116,662,10,,21
9090,Rotomaker,3.6,116,391,4,3,8
9091,SONATRACH,3.7,116,45,6,,21
9092,Rajasthan Antibiotics,3.5,116,365,10,,4
9093,AGC Networks,3.1,116,626,4,,6
9094,Arki Techno Consultants,3.1,116,325,4,,4
9095,Kich Architectural Products,3.7,116,381,9,2,6
9096,Govt of Karnataka,3.8,116,525,3,,12
9097,T & T Infra,3.8,116,407,5,,7
9098,Footprints Play School,3.3,116,445,8,17,4
9099,Gedu Services Private Limited,3.5,116,508,25,49,1
9100,MDI NetworX,3.6,116,582,18,13,6
9101,Basavatarakam Indo American Cancer Hospital Research Institute,4.2,116,328,2,13,16
9102,Mitratech,3.7,116,904,13,24,17
9103,Nissan Digital,3.6,116,756,9,,6
9104,Creative Projects & Contracts,3.9,116,381,9,1,4
9105,Mawana Sugars,3.6,116,443,9,,9
9106,Truminds Software Systems,3.6,116,874,19,16,8
9107,Finicity,3.4,116,707,10,,12
9108,Shree Shubham Logistics,4.4,116,347,4,,9
9109,Ramkrishna Care Hospital,3.6,116,361,4,,6
9110,United Airlines,3.7,116,1.2k,29,1,4
9111,Glory Global Solutions (south Asia),3.4,116,403,6,,8
9112,Doehler,3.5,116,540,13,9,3
9113,Seth Anandram Jaipuria School,3.7,116,446,8,11,4
9114,Falabella,3.1,116,823,15,,12
9115,Medicamen Biotech,3.3,116,533,6,1,5
9116,Reebok,4.3,116,297,7,,15
9117,Pebs Pennar,3.3,116,561,11,,16
9118,Telecomone Teleservices,3.9,116,485,7,,8
9119,MAMTA Health Institute for Mother and child,4.0,116,269,2,,14
9120,Ministry Of Education,3.4,116,352,3,,17
9121,Han River Technology,3.4,116,298,5,12,10
9122,Babaji Shivram Clearing & Carriers,2.6,116,516,6,19,4
9123,Fortune Business Insights,3.4,116,356,13,1,27
9124,Rich Products & Solutions,3.7,116,559,3,2,1
9125,Reliance Broadcast Network,3.9,116,633,6,,5
9126,PeopleStrong Technologies,3.6,116,703,8,,10
9127,S.R. Batliboi & Associates,2.9,116,1.3k,5,,2
9128,TTEC Digital,3.6,117,586,16,32,2
9129,ClinChoice,4.0,116,537,14,5,13
9130,Anuhar Homes,3.2,116,378,4,1,6
9131,Government Polytechnic College,4.2,116,330,5,,8
9132,FinAdvantage,4.0,116,331,10,32,4
9133,HWASHIN Automotive,3.8,116,496,4,5,15
9134,Securitrans India,4.0,116,344,7,,13
9135,Toyoda Gosei South India,4.1,116,448,8,,4
9136,Zeomega Infotech,3.7,116,861,11,4,15
9137,Pharmaffiliates Analytics Synthetics,3.8,116,399,16,6,4
9138,Futuretech Factory One,4.6,116,18,45,,1
9139,HL Klemove,3.4,116,678,8,12,4
9140,KMC HOSPITAL,4.2,116,351,5,,10
9141,Sri Sai Power and Equipments,3.7,116,385,6,,6
9142,Amrita Vidyalayam,3.7,116,381,8,,12
9143,Kalpataru International,3.9,116,267,8,13,1
9144,Mahathi Infra Services,3.9,116,512,12,1,3
9145,Paranjape Autocast,3.5,116,554,4,,7
9146,Envirocare Labs,3.9,116,383,17,4,2
9147,Desnor Destination,3.6,115,46,9,,5
9148,Syscom Corporation,4.5,115,379,4,,23
9149,U&D Square Solutions,3.7,115,302,12,,7
9150,Bankedge,3.9,115,172,12,,27
9151,NDTV Network,3.3,115,596,4,,21
9152,Versa Drives,4.3,115,272,5,13,16
9153,GlobalHunt,3.0,115,712,13,,21
9154,Hitachi Rail STS,3.9,115,438,6,,7
9155,Vensar Constructions,4.1,115,427,9,,1
9156,Vistaprint,3.2,115,450,10,,17
9157,Jamkash Vehicleades,3.3,115,244,4,2,9
9158,Parsvnath Developers,2.7,115,393,4,,6
9159,Morarjee Textiles,4.1,115,404,6,,10
9160,MS Education Academy,3.6,115,415,6,,8
9161,Keltron,4.1,115,338,6,,11
9162,ICG Medical,2.5,115,518,7,,7
9163,ACPL Systems,3.4,115,647,7,,10
9164,POWERCON Ventures India,3.6,115,433,10,,11
9165,The Digital Group Infotech,3.5,115,802,7,53,4
9166,Strabag,4.2,115,365,9,,7
9167,Kintetsu World Express,4.0,115,562,6,,12
9168,Rotary Engineering,4.1,115,307,4,,8
9169,SunSource Energy,4.3,115,543,6,5,12
9170,Hotel Sahara Star,3.8,115,383,2,10,16
9171,Eben Telecom,3.8,115,305,11,7,3
9172,Tvs Training And Services,3.6,115,490,9,8,8
9173,BHARAT TECHNO PLAST,3.8,115,405,4,2,13
9174,SAL Automotive,3.9,115,496,13,,10
9175,Centuary Fibre Plates,4.1,115,489,6,,7
9176,BNB Groupe,3.1,115,222,10,,6
9177,Steelcase Asia Pacific Holdings India,3.6,115,724,6,,15
9178,Sandip University,3.4,115,362,8,,11
9179,Kilitch Healthcare India,4.6,115,416,26,,
9180,Tolaram Group,4.2,115,245,6,,7
9181,RD Public School,4.2,115,484,5,4,4
9182,Crane Process Flow Technologies India,3.6,115,629,12,4,11
9183,Pride Technologies,3.2,115,1k,3,,7
9184,Edukyu,4.0,115,218,13,13,9
9185,Union Mutual Fund,3.4,115,531,9,,5
9186,HumanHire Corp.,4.6,115,42,36,1,4
9187,Ahlcon Parenterals,4.5,115,375,6,,15
9188,Bajaj Allianz Staffing Solutions,3.8,115,358,2,,8
9189,Indore Composite,3.8,115,622,6,,7
9190,Tecno Mobile,3.7,115,318,12,,16
9191,Sathya Agencies,4.0,115,348,3,,7
9192,Wave Beverages,3.7,115,383,4,,8
9193,Teaching at home,4.4,115,786,25,,6
9194,Accurate Background,3.8,116,696,11,19,1
9195,Oswal Infrastructure,3.5,115,436,18,,6
9196,Quadlabs Technologies,3.1,115,412,5,13,2
9197,MOVIN,3.7,115,416,11,22,1
9198,Wipfli,3.8,115,804,8,7,7
9199,TSS Consultancy,3.4,115,966,29,5,4
9200,Bilt,4.2,115,477,9,,15
9201,Chetak Logistics,3.3,115,434,6,4,6
9202,Octillion Power Systems,4.1,116,530,13,19,2
9203,TalentOla,3.8,115,216,27,,1
9204,Palsons Derma,3.3,115,312,10,3,9
9205,Khosla Profil Private Limited,3.4,115,530,18,3,5
9206,Bellfast Management,4.2,115,470,10,6,5
9207,Learnbay,3.8,115,427,5,,1
9208,Digiglobe Solutions,4.8,115,5,3,,8
9209,Ethos,3.0,115,688,15,49,6
9210,Sids Farm,3.4,115,470,6,30,3
9211,Detroit Engineered Products,3.1,115,864,11,20,11
9212,Infinity Fincorp Solutions,4.3,115,324,4,,1
9213,Viswaat Chemicals,4.1,115,651,5,3,13
9214,MPOnline,3.3,115,421,5,,13
9215,DNV GL,3.9,115,480,6,,11
9216,Mahabal Group of Industries,3.6,115,499,2,,4
9217,Cube Construction Engineering,3.0,115,486,10,4,11
9218,Orient Fashions,3.7,115,404,3,1,13
9219,Kesoram Industries,3.7,114,515,8,,15
9220,IL&FS Skills Development Corporation,4.1,114,202,4,,18
9221,Matrix Clothing,4.1,114,408,4,,9
9222,C3I Solutions,3.2,114,507,5,,24
9223,First Data,4.0,114,609,1,,16
9224,Smpp,3.8,114,231,5,3,2
9225,Wizertech Informatics,4.2,114,476,2,3,9
9226,Felix Hospital,3.4,114,512,12,6,5
9227,Impulse,3.6,114,528,7,,7
9228,Scott Edil Pharmacia,3.6,114,572,11,,8
9229,Gram Tarang Employability Training Services,3.6,114,333,5,1,15
9230,Projects & Development India,4.0,114,521,4,,10
9231,MoreTasks,3.9,114,246,20,,24
9232,TDS Group,3.9,114,478,8,,4
9233,Glance,3.3,114,812,17,13,2
9234,HuntingCube Recruitment Solution,3.9,114,403,15,6,
9235,Quale Infotech,4.3,114,140,4,,83
9236,NexWave Talent Management Solutions,3.2,114,623,10,3,4
9237,EOX Vantage,3.3,114,748,6,1,5
9238,Minda Silca Engineering,3.9,114,511,9,,12
9239,Wipro Insurance Solutions,3.5,114,330,7,,1
9240,NirogStreet,3.1,114,432,14,,2
9241,Shiv Nadar University,4.1,114,606,9,6,11
9242,Rij Engineering,4.1,114,451,6,,8
9243,Tech Firefly,3.5,114,472,8,3,5
9244,MAHLE Holding (India),3.9,114,594,2,3,10
9245,Techversant Infotech,3.7,114,535,15,32,6
9246,Dynata,3.9,114,781,7,4,6
9247,Bangalore Baptist Hospital,4.4,114,340,2,4,12
9248,Turner International,4.1,114,569,7,77,7
9249,Srmb Steel,3.7,114,369,9,,6
9250,Baidyanath Minerals,3.7,114,126,13,4,7
9251,Kcm Appliances,3.5,114,505,4,4,8
9252,Dana Group,3.9,114,529,,1,8
9253,HERO ECOTECH,3.6,114,485,12,1,9
9254,TekFriday Processing Solutions,3.6,115,693,12,,11
9255,Hindustan Copper,4.0,114,564,4,,13
9256,Joannou & Paraskevaides,3.9,114,528,6,,27
9257,Nkgsb CO-OP Bank,4.2,114,452,2,1,9
9258,24seven,4.4,114,412,6,,10
9259,Orient Blackswan,4.3,114,322,5,,14
9260,Tega McNally Minerals,3.1,114,567,4,,12
9261,Rhydburg Pharmaceuticals,3.1,114,371,7,4,10
9262,Le Marche,3.0,114,382,8,,16
9263,Government of Kerala,3.9,114,540,3,,8
9264,Shrim Bhanu Construction,3.7,114,479,5,,5
9265,Nath Bio - Genes,4.3,114,338,6,,12
9266,PSRI Hospital,3.8,116,435,1,6,7
9267,Pena4 Tech Solutions,3.9,114,536,8,1,15
9268,JSS Medical Research,2.9,114,463,15,3,8
9269,Vijay Raja Homes,4.2,114,475,7,9,27
9270,SPS Hospitals,3.9,114,260,6,5,5
9271,The Good Glamm Group,3.2,114,613,7,,1
9272,YouGov,3.7,114,590,11,3,10
9273,Privi Life Sciences,3.5,114,440,4,,5
9274,KLC CONSTRUCTION,3.9,114,454,7,,6
9275,Gateway Distriparks,3.6,114,521,5,4,8
9276,IND-SPHINX PRECISION,4.2,114,394,6,,13
9277,TerraPay,3.4,114,722,11,15,2
9278,Medanta S.N. Superspecialty Hospital,4.3,114,450,11,4,4
9279,JK Files,4.0,114,359,11,,16
9280,Dynata,3.9,114,781,7,4,6
9281,Tech Firefly,3.5,114,472,8,3,5
9282,Rij Engineering,4.1,114,451,6,,8
9283,JMD Group,4.0,115,546,4,,4
9284,Terminal Technologies (i),4.1,114,485,8,,8
9285,Techversant Infotech,3.7,114,535,15,32,6
9286,MAHLE Holding (India),3.9,114,594,2,3,10
9287,Star Agriwarehousing and Collateral Management,3.6,114,395,2,,15
9288,Civet Projects,4.2,115,342,7,2,4
9289,SAAB ENGINEERING,4.3,115,529,4,5,7
9290,Ebullient Securities,3.3,114,397,16,,12
9291,BEKEM Infra Projects,3.7,114,376,5,,8
9292,Choksi Laboratories,2.6,114,478,3,4,7
9293,Harita Fehrer,4.3,115,468,4,,10
9294,Digitas,3.6,114,862,5,,10
9295,Transcom,2.4,114,450,16,,1
9296,Refex Industries,3.8,114,406,14,46,5
9297,Rivulis Irrigation,4.0,114,519,2,,14
9298,Vasu Chemicals,3.8,114,421,14,1,8
9299,RouteMobile,3.5,114,821,8,6,12
9300,Digitas,3.6,114,862,5,,10
9301,Vasu Chemicals,3.8,114,421,14,1,8
9302,First Quantum Minerals,4.1,113,26,13,,23
9303,Aagna Global Solutions,3.4,113,265,4,,10
9304,Saudi Arabian Airlines,3.9,113,279,3,,8
9305,Piscesia Power Transmission,4.5,113,68,1,,3
9306,TROPICAL AGROSYSTEM (I),4.4,113,302,,11,8
9307,Rathi Transpower,3.8,113,499,2,,10
9308,Chanakya IAS Academy,2.9,114,364,2,11,3
9309,Cethar,3.4,113,336,4,2,9
9310,Gadre Marine Export,3.9,114,508,6,1,8
9311,Myoung Shin India Automotive,3.4,113,465,4,,17
9312,B.L. Harbert International,3.4,113,242,5,,10
9313,Global Talent Track,3.2,113,487,10,16,13
9314,Saarloha Advanced Materials,3.2,113,568,7,,6
9315,Electrical Manufacturing Company,4.4,113,432,21,,21
9316,BITS Pilani,3.7,114,553,11,,16
9317,Artson Engineering,4.1,113,532,13,5,16
9318,Coldex Logistics,3.2,113,542,5,,5
9319,Qualified Recruiter,4.3,113,268,17,,2
9320,Claas,4.1,113,509,4,,13
9321,HiveMinds Innovative Market Solutions,2.9,113,677,15,1,10
9322,Jaycee Punching Solution,4.2,113,416,4,,7
9323,Medsource Ozone Biomedicals,3.4,113,363,8,1,9
9324,APPL Industries,3.5,113,578,4,,9
9325,Vatsal Technosoft,4.5,113,25,8,,4
9326,Xoxoday,3.4,113,733,7,45,38
9327,Auxein Medical,3.3,113,505,10,7,11
9328,Prodair Air Products,3.8,113,606,11,,7
9329,Hard Rock Cafe,4.3,114,371,4,,16
9330,RN Valves & Faucets,3.2,113,220,9,,
9331,Hamad Medical Corporation,4.2,113,243,5,,18
9332,Archies,3.0,113,529,4,3,9
9333,ams OSRAM,3.3,113,706,5,15,
9334,Lakshya Powertech Limited,4.0,114,447,13,5,11
9335,Advance Decorative Laminates Private Limited,4.2,113,358,6,2,4
9336,Azkka Pharmaceuticals,4.6,113,157,15,,6
9337,Lincoln Electric,3.8,113,641,7,5,17
9338,Kalpa Electrikal,3.7,113,620,12,3,8
9339,Model Infra Corporation,3.2,113,687,1,,5
9340,Anand Mando E-Mobility,3.9,113,271,6,,3
9341,Sparkline Equipments,4.1,113,577,3,,11
9342,FitterFly,3.3,113,307,5,,2
9343,Qseap Infotech,3.8,113,600,19,3,10
9344,Classic Stripes,3.7,114,548,5,3,17
9345,WebFurther,3.5,113,782,18,,5
9346,Pearl Organisation,3.3,113,262,28,10,36
9347,Xoxoday,3.4,113,733,7,45,38
9348,Auxein Medical,3.3,113,505,10,7,11
9349,Acme Services,4.4,114,265,33,3,1
9350,Jaycee Punching Solution,4.2,113,416,4,,7
9351,Claas,4.1,113,509,4,,13
9352,Abhyudaya Co-operative Bank,3.8,113,484,2,,8
9353,Qualified Recruiter,4.3,113,268,17,,2
9354,HiveMinds Innovative Market Solutions,2.9,113,677,15,1,10
9355,Intech Creative Services,3.7,113,804,13,3,6
9356,Breach Candy Hospital Trust,4.3,113,357,7,8,11
9357,AMR INDIA,4.1,113,443,12,1,9
9358,Advatix,3.1,113,833,21,1,6
9359,Ashapurna Buildcon,3.8,114,206,7,15,4
9360,Highly Electrical Appliances India,3.5,113,600,2,,12
9361,Marc Enterprises,3.7,113,452,6,,4
9362,ANS Commerce,3.5,113,763,5,,
9363,Wealth Clinic,3.3,113,407,10,13,7
9364,Bryka Electrosystems & Software,3.3,113,168,17,15,5
9365,Tiwana Oil Mills,3.4,113,308,7,,9
9366,Advanz Pharma,4.0,113,456,9,6,7
9367,Labvantage Solutions,3.7,113,689,22,11,5
9368,ekincare,3.0,113,574,11,15,7
9369,The Walt Disney Company,4.2,113,1k,12,2,13
9370,Hirotec,3.9,113,654,8,,9
9371,Shabari Telecable Network,3.2,113,484,8,,10
9372,Hailstone Innovations,3.9,113,514,16,2,14
9373,Rocket Software,4.1,114,1k,16,13,11
9374,Concept Pharmaceuticals,3.3,113,412,10,7,7
9375,Autocop India,3.6,112,364,1,,5
9376,Umano Healthcare,4.5,112,106,2,6,10
9377,Outline Systems,3.7,112,571,4,,7
9378,Bernhard Schulte Shipmanagement,4.2,112,484,4,18,8
9379,6Sense,3.2,112,552,14,,38
9380,Success Pact Consulting,3.9,112,282,13,11,8
9381,Maven Wave Partners,4.0,112,488,11,3,18
9382,Indus International School,3.5,112,333,4,1,15
9383,Forbes Technosys,3.9,112,459,6,,10
9384,Kanakia Spaces,3.8,112,470,2,2,16
9385,SIPL,3.8,112,641,9,,8
9386,Oswal Woollen Mills,3.9,112,420,4,,11
9387,Bop Realty,4.7,112,278,8,4,3
9388,Netxcell,3.5,112,632,6,4,11
9389,Grohe,4.1,112,434,8,,7
9390,SEPC Limited,4.2,112,428,5,,16
9391,SCOPE T&M,3.5,112,527,12,2,14
9392,Loylty Rewardz Mngt,3.6,112,957,13,,7
9393,Parekh Group,3.8,112,594,6,6,6
9394,Noida International University,3.4,112,476,5,,10
9395,Vibrant Infocom,2.7,112,269,9,,4
9396,CoreEL Technologies,3.7,112,810,6,44,16
9397,QASolvers,4.0,112,51,30,6,3
9398,CoinSwitch,2.8,112,781,16,10,7
9399,R K Construction,4.1,112,539,5,,7
9400,Trend Technologies,4.1,112,437,13,2,13
9401,BrandMuscle,3.3,113,872,11,5,7
9402,Bhagyalaxmi Rolling mill,3.6,112,403,3,1,6
9403,Ramani Ice Cream Co.,3.8,112,395,4,,4
9404,Kun Hyundai,3.8,112,570,6,1,5
9405,Featherlite,3.1,113,706,4,4,10
9406,Alstone Manufacturing,4.3,112,207,12,,2
9407,NewVision Software & Consultancy,3.6,112,1k,11,4,7
9408,GlowTouch,3.0,112,726,7,,
9409,MAHLE Engineering,4.0,112,631,12,,10
9410,Netxcell,3.5,112,632,6,4,11
9411,SEPC Limited,4.2,112,428,5,,16
9412,Grohe,4.1,112,434,8,,7
9413,SCOPE T&M,3.5,112,527,12,2,14
9414,Colorshine Coated,3.9,113,360,7,,1
9415,CoinSwitch,2.8,112,781,16,10,7
9416,R K Construction,4.1,112,539,5,,7
9417,Vydehi Institute Of Medical Sciences And Research Centre,3.8,112,456,4,,18
9418,Lohia Auto Industries,4.1,112,454,5,,9
9419,Vibrant Infocom,2.7,112,269,9,,4
9420,Noida International University,3.4,112,476,5,,10
9421,CoreEL Technologies,3.7,112,810,6,44,16
9422,QASolvers,4.0,112,51,30,6,3
9423,bluCognition,3.4,112,502,8,6,6
9424,Drip Capital,3.4,112,532,11,31,41
9425,Shiv Enterprises,3.9,112,644,4,,3
9426,Loylty Rewardz Mngt,3.6,112,957,13,,7
9427,Bharat Intern,3.8,112,69,12,,
9428,Kanan International,2.8,112,541,8,,3
9429,TYPSA,3.4,112,529,9,1,8
9430,Geekyants Software,3.3,112,968,30,55,13
9431,Appventurez,3.1,112,675,18,,4
9432,Adyar Ananda Bhavan Sweets,4.0,112,434,7,7,13
9433,Ars Steels,3.9,112,545,11,3,3
9434,Acsia Technologies,3.0,112,772,11,14,9
9435,Sandberg Translation Partners,3.6,112,490,6,2,13
9436,R.K Associates & Hoteliers,2.7,112,399,5,11,5
9437,Lansum Properties,4.1,112,425,6,7,8
9438,Nims Hospital,3.7,112,528,2,3,4
9439,National Public School,3.4,112,567,7,7,5
9440,Bird Group,3.0,112,558,5,,6
9441,Hatch Associates India,3.9,112,562,12,,7
9442,Ghodawat Consumer Products,3.4,112,417,5,11,1
9443,SugarFit,3.3,113,271,23,,4
9444,Senrysa Technologies,4.7,112,307,10,,15
9445,T.R. Sawhney Motors,3.9,112,347,,,10
9446,Brinks Arya India,4.1,111,215,2,,10
9447,Rotodyne Industries,3.5,111,294,10,,11
9448,Vishal Enterprises,4.2,111,462,4,1,6
9449,SOGEFI ENGINE SYSTEMS INDIA,3.8,111,564,9,,12
9450,Sembcorp Marine,4.3,111,244,1,,19
9451,Armed Forces Tribunal,4.8,111,301,,,20
9452,Sustainable Agro-commercial Finance,4.1,111,357,6,37,8
9453,Tata Communications Payment Solutions,3.5,111,382,2,,11
9454,Globsyn Business School,4.3,112,226,10,,2
9455,Al Bawani Co.,3.9,112,194,11,,15
9456,DP Chocolates,4.1,111,447,6,1,5
9457,Visen Industries,3.6,111,485,3,4,10
9458,AddWeb Solution,4.4,111,164,5,25,13
9459,Veremax Technologie Services,3.4,111,417,3,,4
9460,NASSCOM,3.6,111,623,9,10,11
9461,Syncom Formulations India,3.3,111,512,8,,8
9462,AddWeb Solution,4.4,111,164,5,25,13
9463,iB Arts,3.6,111,160,15,2,17
9464,Y Equipment Services Pvt Ltd,3.8,111,595,18,,6
9465,Lighthouse Learning,3.4,112,637,4,16,2
9466,Net Business Solutions,3.8,111,599,4,,3
9467,Voltas Beko Home Appliances,3.5,111,483,13,,6
9468,Dormakaba India,3.7,111,555,2,5,15
9469,Saurashtra Chemicals,3.9,111,445,12,,13
9470,Voltamp Transformers,3.9,111,643,10,5,7
9471,Spack Automotives,3.3,111,469,13,,7
9472,Sentini,3.4,111,446,3,4,6
9473,Indogulf CropSciences,3.3,111,477,3,2,5
9474,DiTech Process Solutions,3.4,111,327,12,1,17
9475,SKM Animal Feeds and Foods,3.2,111,563,5,,5
9476,Gp Petroleums,3.3,111,373,8,,10
9477,Adani Energy Solutions,3.7,111,360,12,,
9478,JU Agri Sciences,4.5,111,390,10,2,5
9479,TaeguTec,4.2,111,486,7,,9
9480,Woxsen University,3.4,111,323,22,,1
9481,Farbe Firma Private Limited,3.5,111,331,6,8,3
9482,Adaequare,3.8,111,762,9,6,30
9483,Paloma Turning,4.0,111,368,4,,4
9484,S.K.B. Builders,4.0,111,368,4,,10
9485,GoldenSource,3.4,112,908,13,4,12
9486,Derewala Jewellery Industries,3.4,112,534,9,1,5
9487,Vital Laboratories,3.5,111,766,7,6,5
9488,Varian Medical Systems,3.7,111,772,16,,12
9489,Mumbai Metro One,4.0,111,574,6,,7
9490,AEREN IT Solutions,2.8,111,473,9,,6
9491,HGS TECHNOLOGIES,4.1,111,667,12,,8
9492,IMA-PG,3.8,111,523,7,,9
9493,HH Global,4.0,111,1.1k,12,2,9
9494,GD Goenka International School,3.4,112,344,6,3,19
9495,AVASO Technology Solutions,3.5,111,681,11,1,7
9496,Le Mei Plastic Manufacturing,3.2,111,554,11,,8
9497,Ayushman Hospital & Health Services,3.8,111,485,4,3,4
9498,Pennant Technologies,3.8,111,733,18,17,6
9499,Belden,3.9,111,747,8,,13
9500,Max Data Entry Services,4.0,111,15,10,,31
9501,TM International Logistics,3.7,111,352,9,,6
9502,Nijji Healthcare,4.3,111,210,9,,18
9503,Applied Cloud Computing,2.5,111,742,17,3,2
9504,Extinct Fire Engineers,3.9,111,305,2,1,10
9505,BramhaCorp,3.7,111,563,12,3,7
9506,MSL Group,3.3,111,534,8,5,6
9507,Analog Devices,4.0,111,1k,29,62,3
9508,VST Motors,3.8,111,457,6,4,5
9509,NICE Actimize,3.5,114,625,20,,10
9510,ERGOS,3.2,111,474,4,5,4
9511,River Mobility,4.0,111,417,6,3,1
9512,ATS Group,4.0,112,801,11,,7
9513,Jeeva Organic,3.6,111,272,15,3,7
9514,Rollick Ice Cream,4.1,111,188,14,1,7
9515,Oriental Rubber Industries,3.2,111,659,11,4,11
9516,Central Board of Secondary Education,4.2,111,522,5,,7
9517,MSN,3.7,111,391,12,,7
9518,Vasant Chemicals,3.9,111,394,3,,11
9519,Relevel,2.9,111,492,15,,6
9520,Kanchan Metals,4.1,111,426,3,2,8
9521,Outscale Partners,2.3,111,276,17,39,1
9522,Glass Wall Systems,4.2,111,455,15,,5
9523,Amogha Polymers,3.8,111,264,15,,9
9524,LA Technologies,4.0,111,329,20,10,21
9525,Pratiti Technologies,3.5,111,595,30,42,4
9526,Prose Technologies,4.0,113,522,5,2,
9527,SAP Ariba,4.0,111,919,3,,16
9528,Conceptia Software Technologies,3.8,111,533,5,8,4
9529,Diagno Labs,4.2,110,311,2,,12
9530,Harsha Toyota,4.2,110,408,4,,4
9531,Freedom English Academy,4.0,110,215,9,,17
9532,Vardhman Acrylics,3.5,110,528,7,,4
9533,TELUS Health,4.1,110,625,18,4,14
9534,Navigant Technologies,2.2,110,431,11,,8
9535,Meru Accounting,3.7,110,192,14,,1
9536,Aashman Foundation,3.7,110,148,30,,6
9537,Municipal Council,4.2,110,415,2,,3
9538,JK Organisation,4.0,110,569,7,,2
9539,Emirates Global Aluminium,4.0,110,278,8,,10
9540,Municipal Council,4.2,110,415,2,,3
9541,Vardhman Acrylics,3.5,110,528,7,,4
9542,Navigant Technologies,2.2,110,431,11,,8
9543,PressureJet Systems,3.5,110,268,11,2,28
9544,Affordplan,3.6,110,457,11,2,9
9545,NETIMPACT SOLUTIONS PVT LTD,3.5,110,389,9,7,2
9546,Nava Bharath Fertilizers,3.6,110,215,6,8,18
9547,Bal Bharati Public School,4.1,110,343,1,10,3
9548,DY Patil University,3.5,111,668,7,,8
9549,Madhu Silica,3.9,110,558,6,,8
9550,CDYMAX,3.4,111,568,7,2,3
9551,Valued Epistemics,2.6,110,236,15,,15
9552,Gandhar Oil Refinery India,3.5,111,469,7,,5
9553,Blue Consulting,3.8,110,333,9,12,10
9554,Saleswallah,4.8,110,71,12,,1
9555,Core Energy Systems Limited,3.9,110,463,12,,1
9556,Shri Venkateshwara University,3.6,110,440,7,86,7
9557,Imdaad,4.5,110,168,7,,14
9558,Amalgamations Valeo Clutch,3.5,110,598,5,,10
9559,Pentair Water India,3.9,110,492,9,3,15
9560,Outlier,3.9,110,134,16,2,1
9561,Ingenuity Gaming,3.1,110,895,17,8,9
9562,Indus Health Plus,3.1,110,443,4,5,17
9563,Udaan Express,4.1,110,207,7,,7
9564,Idfy,3.3,110,815,16,50,4
9565,Udaipur Cement Works,3.8,110,494,9,,3
9566,Windals Precision,3.3,110,511,5,,8
9567,Nalanda Learning Systems,2.4,110,257,10,,28
9568,Affinity Global Advertising,3.1,110,662,6,23,7
9569,Raja Software Labs,3.2,110,635,44,18,9
9570,NTN NEI Manufacturing,4.0,110,506,8,,8
9571,Mavrix,3.4,110,333,9,,5
9572,Nitin Spinners,4.4,110,449,4,,4
9573,Jio Haptik,3.5,110,717,15,3,8
9574,Applied Solar Technologies India,3.5,110,447,9,,6
9575,Alpha Net Consulting,4.4,110,236,5,8,4
9576,TopSource,3.8,110,296,10,1,3
9577,Autocal Solutions,3.8,110,368,3,5,9
9578,Kamal Ced Solution,4.2,110,362,8,,5
9579,Vaibhav Plasto Printing & Packaging,4.1,110,403,13,3,4
9580,Faze Three,3.2,110,597,10,2,10
9581,Pooja Forge,3.6,110,449,13,2,9
9582,Intercraft Trading,4.4,110,271,3,,13
9583,NGL Fine Chem,3.9,110,572,9,11,4
9584,Supertron Electronics,4.4,110,369,2,2,7
9585,Ray Business Technologies,3.6,110,566,18,11,16
9586,RED CHIEF,4.0,110,304,6,,14
9587,Classic Legends,2.9,110,345,7,,2
9588,Masters Management Consultants,4.0,110,365,3,,7
9589,Tag Corporation,3.4,110,642,9,,10
9590,Velan Info Services,3.5,110,417,9,10,12
9591,Huber Suhner Electronics,3.9,110,509,8,,11
9592,Neural IT,3.0,110,525,19,24,5
9593,India Kawasaki Motors Pvt. Ltd.,3.7,110,681,9,,8
9594,Global Group,3.9,110,496,7,8,6
9595,Biomerieux,3.3,110,379,7,,11
9596,Diversey India Hygiene,4.0,110,608,8,,21
9597,XL Laboratories,3.7,110,469,14,,4
9598,East West Seeds,4.4,110,388,9,,10
9599,Mercer Mettl,3.4,110,621,6,,9
9600,Eximietas Design,4.1,110,221,44,27,2
9601,Affinity Global Advertising,3.1,110,662,6,23,7
9602,Windals Precision,3.3,110,511,5,,8
9603,Nalanda Learning Systems,2.4,110,257,10,,28
9604,Outlier,3.9,110,134,16,2,1
9605,Blue Consulting,3.8,110,333,9,12,10
9606,Core Energy Systems Limited,3.9,110,463,12,,1
9607,Pentair Water India,3.9,110,492,9,3,15
9608,Saleswallah,4.8,110,71,12,,1
9609,Shri Venkateshwara University,3.6,110,440,7,86,7
9610,Imdaad,4.5,110,168,7,,14
9611,Gala Precision Engineering Limited,4.1,110,482,8,6,17
9612,Raja Software Labs,3.2,110,635,44,18,9
9613,Amalgamations Valeo Clutch,3.5,110,598,5,,10
9614,RETAIL HUB SOLUTIONS,4.2,110,230,6,,8
9615,Planedge Consultants,3.4,110,500,8,7,4
9616,Lohum Cleantech,3.3,110,414,17,,2
9617,Nipro Medical,4.2,110,430,6,,6
9618,Shri Ramswaroop Memorial University,3.8,110,249,6,3,2
9619,Avians Innovations Technology,3.7,110,530,10,7,7
9620,Anyone Home,4.1,110,591,33,,12
9621,Infotree Global Solutions,3.7,110,370,8,,6
9622,Sekhmet Technologies,3.7,110,591,11,,1
9623,BBD University,3.5,110,280,11,6,2
9624,South India Krishna Oil & Fat,4.2,110,434,6,3,13
9625,Swami Vivekanand Subharti University,3.7,110,286,2,21,11
9626,Amrapali Group,3.2,109,276,1,,15
9627,Manya Education,3.3,109,386,6,,9
9628,Lomos Archilabs,3.8,109,96,6,,48
9629,Sapphire International School,3.5,109,239,7,,6
9630,Clarks Inn Group of Hotels,3.5,109,335,5,,20
9631,Techtree It Systems,2.1,109,611,5,7,6
9632,Country Club Hospitality & Holidays,4.2,109,330,1,1,9
9633,MunchhOnn,3.4,109,209,12,,4
9634,Princeware,3.2,109,492,3,,6
9635,Sietz Technologies,4.1,109,475,12,,10
9636,SNS Group,3.6,109,371,11,,26
9637,Essel Infraprojects,3.9,110,464,4,,20
9638,PACL India,2.6,109,192,1,,8
9639,Flourish Pure Foods,1.9,109,458,5,,7
9640,Princeware,3.2,109,492,3,,6
9641,SNS Group,3.6,109,371,11,,26
9642,Sietz Technologies,4.1,109,475,12,,10
9643,Clarks Inn Group of Hotels,3.5,109,335,5,,20
9644,Blue Dart Aviation,3.7,109,289,4,,20
9645,Unimark Remedies,3.2,109,328,4,,13
9646,India Ratings & Research,3.6,109,568,12,,10
9647,Mangalore Refinery and Petrochemicals,4.3,109,600,,,12
9648,G Plast,3.5,109,517,5,49,5
9649,Small Industries Development Bank of India,3.8,109,575,8,,5
9650,Dexian India Technologies,3.7,109,504,19,30,
9651,Jocata Financial Advisory and Technology,3.3,109,937,14,2,9
9652,BMD,3.7,109,439,3,,11
9653,Engineering Projects,3.7,109,543,7,,8
9654,Vahdam Teas,3.9,109,490,6,1,11
9655,Modern Construction Company,3.1,109,412,2,,9
9656,Mohan Impex,4.1,110,226,13,,6
9657,Stonemen Crafts,3.9,109,458,6,,6
9658,Teqfocus Consulting,3.9,109,659,9,11,2
9659,Nirmiti Precision,3.4,109,468,7,,2
9660,Mangalore Refinery and Petrochemicals,4.3,109,600,,,12
9661,Small Industries Development Bank of India,3.8,109,575,8,,5
9662,Agrim Housing Finance,4.2,109,208,8,1,1
9663,Reliance Composites,3.6,109,289,5,,1
9664,RATNATRIS PHARMACEUTICALS PRIVATE LIMITED,3.9,109,358,9,3,11
9665,Sridevi Tool Engineers,3.6,109,447,2,14,11
9666,The New Indian Express,4.0,109,523,4,,9
9667,Beetel Teletech,3.7,109,459,4,,10
9668,Woodkraft (India) Private Limited,2.8,109,473,5,1,7
9669,Sri Sri Ravishankar Vidya Mandir,4.0,109,343,8,,5
9670,Uolo EdTech,2.9,109,376,8,,1
9671,City Hospital,4.1,109,453,3,3,8
9672,Exl Technosolutions,3.9,109,867,6,,3
9673,Sunrise Biztech Systems,3.5,109,500,12,6,10
9674,Gimatex Industries,3.3,109,514,5,1,4
9675,Sarens Heavy Lift India,3.9,109,464,2,,7
9676,Mojj Engineering Systems,3.7,109,461,6,,6
9677,Kuber Enterprises,4.3,109,318,9,6,30
9678,Nirmiti Precision,3.4,109,468,7,,2
9679,Instant Procurement Services,3.4,109,418,12,1,
9680,Teqfocus Consulting,3.9,109,659,9,11,2
9681,Stonemen Crafts,3.9,109,458,6,,6
9682,BMD,3.7,109,439,3,,11
9683,Jocata Financial Advisory and Technology,3.3,109,937,14,2,9
9684,Mohan Impex,4.1,110,226,13,,6
9685,Synoptics Technologies,3.4,109,335,6,10,4
9686,Oman Pharmaceutical Products,2.8,109,348,18,4,10
9687,Galaxy Toyota,3.6,109,418,4,,6
9688,NPL BlueSky Automotive,3.8,109,439,15,,4
9689,Dexian India Technologies,3.7,109,504,19,30,
9690,Engineering Projects,3.7,109,543,7,,8
9691,Modern Construction Company,3.1,109,412,2,,9
9692,NextGen Invent,3.5,109,338,5,20,3
9693,Aswani Industries,3.5,109,376,8,26,4
9694,Vahdam Teas,3.9,109,490,6,1,11
9695,Phoenix Mecano,3.9,109,652,3,,7
9696,Nova Techset,3.4,109,572,8,6,4
9697,Absolutelabs,4.3,109,115,8,8,3
9698,Kuwait Integrated Petroleum Industries,3.9,109,466,16,,5
9699,Avacend Solutions,3.8,109,586,6,,15
9700,Internship Studio,4.1,109,66,7,,2
9701,VRP Telematics,3.2,109,350,7,4,5
9702,Metec Design & Construction Engineers,3.8,109,409,3,,16
9703,Encore Healthcare,3.3,109,357,1,1,3
9704,BYD India,3.3,109,606,7,9,4
9705,Nation with NaMo,2.7,109,611,29,48,2
9706,VITAE International Accounting Services,3.7,109,529,8,2,11
9707,Credit Information Bureau,3.5,109,752,4,,3
9708,Sun Life Global Solutions,4.1,110,590,6,7,4
9709,Avacend Solutions,3.8,109,586,6,,15
9710,SFS Group,3.7,109,448,5,2,
9711,Flowserve Sanmar,3.4,109,477,8,,7
9712,Absolutelabs,4.3,109,115,8,8,3
9713,Yellow Banana Food Company,3.4,109,419,6,,13
9714,Lyka Labs,3.6,109,480,8,1,5
9715,M.P. State Electronics Development Corporation,3.6,110,434,6,,1
9716,MyCar,3.9,109,484,3,,8
9717,BIC Contracting,4.7,108,166,2,,16
9718,SPEC INDIA,4.1,108,415,5,1,21
9719,Coslight India Telecom,4.2,108,410,5,,13
9720,Eskag Sanjeevani,3.4,108,313,4,,9
9721,Rave Technologies,3.8,108,716,4,,19
9722,AHZ,4.6,108,78,35,,1
9723,Girnarsoft Automobiles,3.8,108,332,7,,16
9724,Sahyadri Farmers Producer Company,3.5,108,489,11,1,15
9725,XYXX Apparels,4.0,108,915,16,,5
9726,Seagate,3.3,108,698,19,1,10
9727,Powermax Fitness India,4.8,108,95,1,,2
9728,RG Group,4.2,108,458,5,,6
9729,RSP Design Consultants,3.8,108,581,6,,8
9730,Kalinga University,3.1,108,387,8,4,8
9731,Patel Motors,4.1,108,492,4,,9
9732,PathPartner Technology,4.0,108,652,6,,13
9733,Vibrant Screen,3.5,108,389,3,,5
9734,Poddar Tyres,3.9,108,366,5,,7
9735,Rippling,2.6,108,1.2k,43,90,3
9736,TFG Vacations,4.4,108,52,,,22
9737,SAGE Automation,4.1,108,213,16,3,1
9738,Rishita Developers,4.0,108,389,3,,11
9739,BARSYL,3.7,108,331,9,73,13
9740,IBN Technologies,3.5,108,571,8,24,6
9741,Mahaveer Group,2.7,108,504,11,8,7
9742,Pipeline Infrastructure,4.2,108,443,4,1,6
9743,Nureca Limited,4.2,108,383,9,6,1
9744,Falcon Force,4.0,108,275,7,,13
9745,"Denso Haryana Private Limited, Plant 1",3.9,108,443,12,,23
9746,Kemin Industries,4.1,108,471,1,6,12
9747,Jagannath Gupta Institute of Medical Sciences & Hospital,3.5,108,415,4,2,8
9748,Volvo Buses,3.5,108,424,6,,17
9749,Mobikasa,3.9,109,463,12,,10
9750,Unicom Infotel,4.1,108,440,7,2,8
9751,Stallion Laboratories,3.2,108,621,5,2,7
9752,ADG Online Solutions,2.9,108,507,6,8,1
9753,Plr Projects,4.2,108,390,3,,12
9754,Fedders Lloyd,3.5,108,314,,,4
9755,LPS Bossard,3.5,108,470,9,,3
9756,ITDOSE INFOSYSTEMS,3.2,108,444,15,9,5
9757,Atandra Energy,4.3,108,336,5,1,5
9758,Transworld Group of Companies,3.9,108,523,5,,13
9759,Information Dynamics,3.7,108,1.1k,7,,7
9760,Winsome Textile Industries,3.5,108,495,7,1,18
9761,Rkec Project,3.9,108,426,5,1,10
9762,Teemage Precast In,3.7,108,509,4,3,13
9763,ABC Bearings,3.9,108,1.4k,20,,20
9764,K & J Project,2.9,108,409,4,11,8
9765,Asmoh Laboratories,3.8,108,232,14,,1
9766,Sigma-Byte Computers,4.1,108,483,8,12,11
9767,Biltech Building Elements,3.5,108,478,4,2,6
9768,Mohan Spintex,3.9,108,515,1,,8
9769,N R Agarwal Industries,3.7,108,435,7,,8
9770,FINE COMPONENTS AND TOOLS,3.8,108,565,9,1,11
9771,Mobicule Technologies,3.1,108,594,18,8,3
9772,Pickyourtrail,3.4,108,534,21,,1
9773,Druva,3.7,108,952,25,16,16
9774,SS Construction,4.0,108,725,2,2,12
9775,Ledure Lighting,4.0,108,381,11,6,7
9776,Via.com,4.0,108,491,7,,4
9777,Preqin,3.7,108,746,14,,10
9778,GoApptiv,4.2,108,284,4,,4
9779,Stratogent Technology Services,3.3,108,679,10,,6
9780,Tulip Infratech,3.8,108,407,9,1,5
9781,Logelite,4.3,108,94,4,6,5
9782,AL Rashid Trading and Contracting Company,3.0,108,194,3,,12
9783,We Win,3.1,108,461,7,,
9784,Jekson Vision,4.0,108,768,10,1,10
9785,Mindseed,4.2,108,230,8,8,20
9786,Maharani Innovative Paints,3.5,109,499,2,,14
9787,Finnew Solutions,4.1,108,485,1,7,6
9788,National Corporation for Tourism & Hotels,4.1,108,213,6,,20
9789,Eastern Book Company,3.2,108,455,6,3,8
9790,Apollo Global Management,3.0,109,796,11,17,8
9791,Gmoney Pvt. Ltd.,3.5,108,352,5,,5
9792,Sureworks Infotech Pvt. Ltd.,4.3,108,467,22,1,8
9793,CloudThat Technologies Private Limited,4.0,122,652,24,63,4
9794,ADA Tech Solutions Private Limited,3.9,108,314,8,1.4k,1
9795,Soffit Infrastructure Services,3.5,108,288,5,4,4
9796,Sciative Solutions,4.1,108,254,32,60,14
9797,Anonymous Content,4.1,107,198,43,,4
9798,Eminent Minds Technologies,4.0,107,13,1,,26
9799,YRG CARE,4.1,107,234,4,6,7
9800,SMC Real Estate Advisors,2.9,107,385,4,3,6
9801,J&K Bank,4.0,107,304,4,,13
9802,Prominance uPVC Windows & Doors,3.7,107,511,9,,3
9803,Plan International,4.1,107,346,5,26,8
9804,Jal International,3.8,107,229,9,,12
9805,Stanley Engineered Fastening,3.9,107,551,7,,5
9806,Input Zero Technologies,3.8,107,541,8,12,5
9807,Takata,4.2,107,269,2,,21
9808,Xiaomi Service Center,4.4,107,163,11,,6
9809,ANANDA GROUP,4.0,107,507,10,,3
9810,Labdhi Lifestyle Limited,3.6,107,189,6,2,55
9811,Smc Pneumatics India,4.2,107,512,5,,15
9812,Eminent Minds Technologies,4.0,107,13,1,,26
9813,Ansal Housing & Construction,4.3,107,430,8,3,12
9814,Anonymous Content,4.1,107,198,43,,4
9815,BG LIIN Electrical,3.7,107,416,4,,11
9816,Sharda Cropchem,3.9,107,393,4,7,19
9817,Farnek Averial,3.6,107,205,6,,12
9818,Lakshmi Hyundai,3.5,107,422,3,,8
9819,Scorg International,3.7,107,606,11,,6
9820,Primeone Workforce,3.8,107,455,6,2,7
9821,Srei Infrastructure Finance,4.0,107,378,3,,9
9822,Pixis,3.9,107,645,14,8,11
9823,Wacker Metroark Chemicals,3.2,107,529,6,,5
9824,TRUGlobal,3.6,107,736,25,7,4
9825,Lahori Zeera,3.8,107,212,4,,1
9826,Jawaharlal Nehru University,3.7,108,507,5,,4
9827,MSP Group,3.9,107,403,8,,7
9828,Mindspace Outsourcing Services,3.5,107,265,5,9,14
9829,Klizo Solutions,4.6,107,124,27,4,13
9830,Scorg International,3.7,107,606,11,,6
9831,Schenck Process India,3.4,107,590,11,,9
9832,ZTT India,3.8,107,490,5,,13
9833,Vinsys IT Services India Limited,3.4,107,626,11,13,5
9834,Ola cars,3.7,107,409,6,,5
9835,Majestique Landmarks,3.3,107,555,12,2,8
9836,Amazon Distribution,4.1,107,441,11,,19
9837,Consort Builders,4.4,108,372,9,8,8
9838,Arora Iron & Steel Rolling Mills,3.8,108,446,7,,4
9839,Oswal Industries,3.5,107,441,4,,8
9840,Klizo Solutions,4.6,107,124,27,4,13
9841,Majestique Landmarks,3.3,107,555,12,2,8
9842,MindTickle,2.6,107,806,27,39,8
9843,Honeywell Aerospace,3.5,107,697,10,,3
9844,Sofitel Luxury Hotel,4.8,107,334,9,,12
9845,Suncity Projects,3.9,107,453,7,,11
9846,Gurit India,4.1,107,461,12,,5
9847,All India Council Technical Education,4.2,107,127,3,,2
9848,Randox Laboratories India Private Limited,3.5,107,272,8,,12
9849,R K D Construction,4.1,107,391,7,,4
9850,Felix Generics,3.9,107,512,5,,9
9851,Gitarattan International Business School,4.4,107,93,16,1,2
9852,GALAXY OFFICE AUTOMATION,4.1,108,496,11,13,8
9853,MSP Group,3.9,107,403,8,,7
9854,Jawaharlal Nehru University,3.7,108,507,5,,4
9855,Primeone Workforce,3.8,107,455,6,2,7
9856,Lahori Zeera,3.8,107,212,4,,1
9857,Shree Maruti Integrated Logistics,3.6,107,293,4,1,1
9858,CNK & Associates,3.5,107,556,7,,8
9859,Guru Amardass International,3.7,107,330,7,3,8
9860,Guru Amardass International,3.7,107,330,7,3,8
9861,CNK & Associates,3.5,107,556,7,,8
9862,SP Software,3.9,107,823,10,18,10
9863,GOOD,4.3,107,234,48,,11
9864,Electrica Engineers,4.3,107,363,5,1,4
9865,Rana Sugars,3.8,108,444,5,1,12
9866,Golcha Associated Group,4.0,107,405,7,9,10
9867,Aditya Birla Renewables,3.6,107,426,9,,1
9868,Deepak Fasteners,3.7,107,478,4,,11
9869,Bharat Parenterals,2.9,107,533,5,,14
9870,Avekshaa Technologies,4.2,107,256,7,17,31
9871,Earlyjobs,4.8,107,9,29,,9
9872,Madhav Limaye Consulting,3.9,107,247,4,1,3
9873,Mahindra Powerol,3.9,107,506,6,,5
9874,IndiQube,4.1,107,804,12,,6
9875,Relinns Technologies,4.5,107,151,15,26,1
9876,Richi Circuitronix,3.2,107,367,14,13,9
9877,Sherweb,3.0,107,212,9,3,1
9878,BeBran Digital,4.6,107,15,34,,2
9879,Seinumero Nirman,3.7,107,457,11,1,6
9880,Maharashtra State Power Generation Company,4.1,107,211,,,9
9881,Accu Pack Engineering,3.4,107,473,3,7,14
9882,Feat Systems,3.3,107,313,11,3,1
9883,Lotus Interworks,2.6,107,248,10,3,2
9884,Chassis Brakes International,3.3,106,250,3,,13
9885,Lanarsy Infra,3.2,106,281,4,,4
9886,Bridgei2i Analytics Solutions,3.8,106,807,8,,24
9887,RAKBANK,3.3,106,404,6,,16
9888,Integrated Assessment Service,4.9,106,59,19,2,1
9889,GS Engineering,3.9,106,164,6,,9
9890,SJVN,4.4,106,292,4,,9
9891,Avadh Utopia,4.3,106,321,4,,9
9892,eSense Learning,3.7,106,304,4,3,16
9893,Avant Garde Industries,4.6,106,70,42,1,1
9894,Agile Capital Services,2.5,106,62,18,,1
9895,Teks academy,4.6,106,86,39,,1
9896,URS Scott Wilson India,4.3,106,235,3,,12
9897,Airtel X- Labs,3.0,106,829,14,,10
9898,Shell Recharge Solutions,4.7,106,116,26,7,2
9899,CISB,3.5,107,384,5,1,7
9900,RAKBANK,3.3,106,404,6,,16
9901,GS Engineering,3.9,106,164,6,,9
9902,Akshaya,3.7,106,625,7,5,10
9903,Lanarsy Infra,3.2,106,281,4,,4
9904,Avant Garde Industries,4.6,106,70,42,1,1
9905,URS Scott Wilson India,4.3,106,235,3,,12
9906,Flip Robo Technologies,3.2,106,467,9,,4
9907,Tanisha Systems,2.8,106,660,4,,4
9908,Minda Vast Access Systems,3.9,106,488,2,,6
9909,Institute of Liver & Biliary Sciences,4.1,106,410,2,34,9
9910,Kelvion,3.8,106,636,14,1,11
9911,Action for Social Advancement,3.4,106,255,8,1,7
9912,2050 Healthcare,3.2,106,298,1,,1
9913,Sterling E-Mobility Solutions,3.3,106,398,9,4,7
9914,National Sample Survey Office (nsso),3.5,106,192,4,,14
9915,Mindrill Systems Solutions,4.0,106,340,26,1,5
9916,Sage IT,3.7,106,772,13,4,5
9917,Clove Technologies,3.6,106,517,,4,5
9918,Centre for Good Governance,2.8,106,671,11,5,8
9919,Associated Power Structures,4.2,106,364,4,1,13
9920,Sureminds Solutions,3.5,107,759,7,45,1
9921,Risebird Talent Solutions,2.7,106,124,12,,8
9922,Prodocs Solutions,3.5,106,272,12,10,
9923,Daloopa,3.2,107,764,22,,11
9924,Sumtotal Systems,3.6,106,780,11,8,15
9925,The World Bank,3.7,106,811,4,42,15
9926,Datapro,4.1,106,439,5,1,5
9927,Eduquity Career Technologies,3.4,106,494,8,,4
9928,Stridely Solutions,2.9,106,728,7,,4
9929,Setindiabiz Private Limited,4.0,106,168,2,,1
9930,T D S MANAGEMENT CONSULTANT,3.7,107,250,8,,6
9931,Filter Concept Private Ltd,4.8,106,117,2,,3
9932,Migsun Group,3.0,106,558,7,,4
9933,Sac Engine Components,3.8,106,613,3,4,11
9934,Euclid Innovations,3.3,106,731,5,122,3
9935,Quinbay,2.8,106,925,19,1,12
9936,Bundy India,3.8,107,505,2,,14
9937,DeliverHealth Solutions,3.6,106,432,8,1,3
9938,L&T SuFin,3.4,106,312,15,,7
9939,Newaco Grupo,3.3,106,294,11,,11
9940,Rsb Infrastructure,3.7,106,421,5,9,5
9941,Any wear,4.1,106,754,23,,18
9942,Panasonic Energy India Co,4.0,106,525,5,,7
9943,Whatfix,3.3,106,1.3k,31,12,5
9944,Axiom Energy Conversion,3.1,106,373,7,2,5
9945,Ecocat India,4.0,106,518,5,,11
9946,National Dairy Development Board,4.0,107,432,3,,11
9947,Sesa Care,4.3,106,410,2,,10
9948,Allkind Healthcare,3.8,106,501,7,,4
9949,CIBERsites India,3.7,106,897,4,23,14
9950,Frontline NCR Business Solutions,3.1,106,373,,,7
9951,Unique Enterprises,3.4,106,654,6,3,8
9952,Axis Risk Consulting Services,3.6,106,745,5,,6
9953,Integer Telecom Services,3.3,106,314,18,,
9954,Kotak Education Foundation,3.1,106,481,9,5,11
9955,VI-JOHN Group,3.7,106,328,10,,7
9956,D Y Patil Hospital,3.9,106,431,4,,8
9957,Knowcraft Analytics,3.0,106,624,14,5,6
9958,Softura,3.6,106,750,12,13,8
9959,FundsIndia,3.4,106,779,12,2,6
9960,FundsIndia,3.4,106,779,12,2,6
9961,Navin Fluorine Advanced Sciences,3.6,106,428,4,,4
9962,Softura,3.6,106,750,12,13,8
9963,D Y Patil Hospital,3.9,106,431,4,,8
9964,Knowcraft Analytics,3.0,106,624,14,5,6
9965,Pai International Electronics,4.3,106,282,5,1,7
9966,Shindengen,3.7,106,562,6,,6
9967,Adarsh Group,4.5,106,570,1,,1
9968,Asian Institute of Gastroenterology,4.3,106,390,5,7,5
9969,Thyssenkrupp Industries and Services,4.1,106,414,4,7,2
9970,Ori-Plast,3.9,106,348,8,,6
9971,Siemens Building Technologies,4.2,105,626,7,,10
9972,NSHM Knowledge Campus,3.4,105,351,2,43,13
9973,Emerald Haven Realty,3.7,105,550,10,,8
9974,Rajdeep Buildcon,3.5,105,307,3,,13
9975,Techmango Technology Services Private Limited,4.3,105,290,21,7,4
9976,Zahran Operation & Maintenance,2.3,105,183,2,,12
9977,Rialto Enterprises,4.2,105,487,7,,10
9978,Iswarya Fertility Centre,3.3,106,390,7,,2
9979,SRIT,3.8,105,682,8,,12
9980,Velankani Electronics,3.8,105,509,6,1,14
9981,Uttam Toyota,4.3,105,370,4,,13
9982,Swarna Pragati Housing Microfinance,4.0,105,253,2,,5
9983,United Biotech,3.6,105,397,9,,13
9984,Jubilant Chemsys,4.1,105,138,3,,16
9985,NSHM Knowledge Campus,3.4,105,351,2,43,13
9986,Clove Technologies,3.6,106,517,,4,5
9987,Sushee Infra & Mining,3.9,105,402,5,1,17
9988,Emerald Haven Realty,3.7,105,550,10,,8
9989,Techmango Technology Services Private Limited,4.3,105,290,21,7,4
9990,Dlecta Foods,3.8,105,382,8,7,5
9991,Rialto Enterprises,4.2,105,486,7,,10
9992,All India Institute of Local Self Government,3.5,105,375,2,,11
9993,Zahran Operation & Maintenance,2.3,105,183,2,,12
9994,SRIT,3.8,105,683,8,,12
9995,Om Telecom Logistics,4.0,105,273,6,,5
9996,Iswarya Fertility Centre,3.2,105,390,7,,2
9997,Maithan Steel And Power,4.0,105,511,10,,2
9998,IXAR,3.8,105,322,8,6,16
9999,Unique Enterprises,3.4,106,656,6,3,8
